SpikeTimes,ClusterIDs
0.209155332067783,3
0.508212956045169,7
0.562114330171172,3
0.807920596593649,2
0.817470840061243,2
0.826471069507143,2
0.871422215461945,2
0.90072296243582,2
0.907373131970847,2
0.950074220564174,3
0.970524741916247,2
1.12587870240743,7
1.36348475977919,3
1.61064106061855,5
1.9495997018061,4
2.06030252399067,4
2.08090304916684,4
2.15090483374607,4
2.16705524547399,4
2.26775781271867,7
2.32075916390009,7
2.37826062980445,3
2.41376153484106,4
2.43791215052089,4
3.15483042716155,7
3.15798050746761,2
3.16993081212078,2
3.17833102627029,2
3.19133135769214,2
3.19848153997416,2
3.23348243226377,2
3.23688251894334,2
3.27973361136076,2
3.28303369549092,2
3.57759120474536,4
3.83789784083068,4
4.02220253937284,4
4.14470566238648,4
5.69889528386936,4
5.70494543810799,4
6.3450117555356,4
6.36921237249013,4
6.48496532341935,4
6.91752635084426,3
7.14963226799908,2
8.26001057524968,7
8.53766765365571,4
8.55151800674745,5
8.81262466322796,4
8.90592704181713,4
9.03588035476099,4
9.18973427701118,4
9.33093787676242,4
9.85410121394272,7
10.9742297697597,3
11.0459315976787,3
11.0674321457995,7
11.1020830291662,7
11.115583373335,3
11.1241335913086,3
11.1564344147645,7
11.1859351668372,3
11.1900352713625,7
11.196935447271,7
11.2028855989603,3
11.2105357939893,3
11.2228361075654,3
11.2307363089679,3
11.2469367219705,3
11.2615370941827,7
11.2724373720672,3
11.2786875314046,3
11.288437779971,3
11.3091383076966,7
11.3472392790176,7
11.3882403242711,3
11.5303439469669,3
11.5482444033093,4
11.9289541088709,3
11.9375543281192,7
11.9628549731172,7
12.3760155059587,3
12.3870657876673,7
12.3958660120144,2
12.6712230317842,3
13.0414824709336,5
16.0329587336521,4
16.9995333748671,4
17.1049860632082,4
17.6812007528446,3
17.6859008726663,3
17.9112566177368,4
18.1814635062126,3
18.2776159574596,4
18.3055166687419,4
18.3091167605202,4
18.5559230524367,4
18.5897239141335,5
18.6109744558808,7
18.6750760900455,4
18.7020767783832,4
18.7862789249771,3
18.7903790295024,3
19.072436220082,2
19.1184373928055,3
19.2001894769391,2
19.2062396311777,2
19.2137398223826,2
19.3107422952995,3
19.3387430091312,3
19.3548434195845,7
19.3761439626064,3
19.3874442506885,7
19.4183950397275,3
19.4277952793709,3
19.4654462392196,2
19.4870467898898,7
19.6265003450265,3
19.6372506190869,7
19.6430007656774,2
19.667351386456,7
19.7142025808494,2
19.7584037076837,7
19.7789542315852,4
19.9133076567026,7
19.9461084929054,2
20.0304606433234,5
20.1968148842484,4
20.2958174081533,4
20.3002675216016,2
20.3254181627754,4
20.3326683476068,2
20.9696345860031,1
21.2703922533202,3
22.0583123400341,3
22.0703626472367,3
22.0962133062563,7
22.145164554187,3
22.1627650028812,3
22.1878656427804,3
22.3096187466735,3
23.4066967148541,3
23.6892539181806,3
23.9484105249479,2
24.0156622394186,3
24.0551632464312,2
24.0614634070433,2
24.6870793560828,7
25.0119876390798,4
25.3416960444479,3
25.4167979590465,4
25.4277982394804,5
25.5610016352797,4
25.9920126231889,7
27.9307620483852,3
27.9573627265253,7
27.9597127864362,7
28.1114166538743,2
28.2218694696854,3
28.244070035652,3
28.3222720292819,4
28.3445225965232,2
28.3893737399286,3
28.4299247737098,3
28.4742759043682,2
28.6135294544062,7
28.6946315219687,3
28.7041317641616,3
28.7203321771642,3
28.7295824129836,3
28.7471828616778,3
28.7618832364394,7
28.8323850337657,7
28.8906365187905,3
28.9163871752607,3
28.9296375130561,3
28.9463379388057,3
29.0463404882046,2
29.0499905812576,3
29.1875940892305,2
29.2902467061885,2
29.3314977578155,3
29.4568009522123,2
29.7645087967127,3
29.8047598228458,3
29.8451108515282,5
29.8700114863286,3
29.9934646335615,7
30.0595163174395,3
30.1470185481635,3
30.209320136439,3
30.2287206310224,7
30.2371208451719,7
30.2625714939939,3
31.5383540179503,3
31.5717548694495,3
31.750009413753,5
32.0400168070098,3
32.0808678484393,4
33.1732956980727,3
33.5113543163157,5
33.8729635349421,4
34.7702864106984,4
34.7746865228719,2
34.7833867446696,4
34.7862868186022,2
35.0018923151062,2
35.1079950200184,5
35.1386458014092,4
35.1417458804405,2
35.2805994202809,4
35.3937523049258,4
35.3997524578897,4
35.5091052456574,2
35.5165054343129,4
35.5605565573231,3
35.6457087281363,4
35.6459087332351,2
35.6550589665051,2
35.6862097606428,3
35.7522114432461,7
35.8203631806614,4
35.8769146223465,2
35.884814823749,2
35.9262158792002,2
35.9406162463136,2
36.0381687332522,3
36.0610693170646,3
36.112070617258,3
36.1186207842436,3
36.122220876022,3
36.2021729142664,4
36.2322236803608,4
36.3444265407863,4
36.4602294929902,4
36.659734579041,4
36.7208361367237,3
36.7755875325196,5
36.9635423241149,2
37.5833081240145,7
37.7846132559545,7
37.8295644019093,3
37.9168666275345,3
38.0704705434112,3
38.2754257684042,2
38.4076791399843,4
38.4536803127077,4
38.5768834535672,4
38.6086342630013,4
38.665585714884,4
38.7034866811062,4
38.7898888837868,4
38.8024392037364,4
38.8071893248328,4
38.8223397110668,3
39.0284449653779,4
39.1422478665938,2
39.3912542145971,2
39.4042545460189,4
39.4198549437251,4
39.4250050750192,4
39.5227575670566,4
39.5328078232712,2
39.5573584491486,2
39.6183100030072,2
39.800014635265,2
39.8030647130217,2
39.8073648226459,2
39.8149650164002,3
39.8468658296584,2
39.8530659877211,2
39.8583661228393,2
39.8658663140442,2
39.9084674000881,2
39.9167176104135,2
39.9207677136642,2
39.9211177225871,7
40.045570895314,2
40.0618213095913,2
40.1768742426748,4
40.1851244530002,2
40.4720317672256,3
40.5488337251639,3
40.5610840374653,3
40.5960349284802,3
40.6022850878176,3
40.610535298143,3
40.6196355301384,3
40.6255356805529,7
40.6987375467129,7
40.7215881292505,3
40.7335884351784,3
40.7410886263833,3
40.7810396448682,3
40.7878398182273,3
40.8073903166348,3
40.8165905511795,7
40.8553915403462,7
40.8990926544336,3
40.9210932153013,7
40.9392936792919,3
40.9448438207835,3
40.9502939597258,3
41.0170456614495,3
41.0216957799966,3
41.0427963179198,7
41.0585967207248,3
41.100647792747,3
41.1990503013555,3
41.2307011082403,7
41.2541017047996,7
41.3781048660542,3
41.4039055237992,4
41.4207059520982,3
41.4335062784212,3
41.4897077111834,7
41.5819100617292,3
41.6723623676605,7
41.9424192523122,7
42.0236713236988,2
42.1202737864181,2
42.1277239763483,2
42.1420243409124,2
42.2854279967504,5
42.359029873108,3
42.5672351809565,7
42.5775854448193,7
42.5992359967641,3
42.6186864926222,7
42.8808931771461,2
42.8869933326594,2
42.9503949489783,2
43.06074776224,3
43.0731480783655,3
43.44920766538,2
43.587461189924,3
43.6567129553827,3
43.8486178476792,7
43.9235697584536,3
44.2731786711522,7
44.6609385564464,3
45.4186078719671,3
45.7898173353358,7
46.3212308828415,7
46.5956878796667,3
46.6156883895465,2
46.6394389950288,3
46.7754424622113,3
46.8524444252484,4
47.0498494577618,2
47.099400720989,2
47.8496198465794,3
48.0295744342228,3
48.0418747477988,3
48.061975260228,2
48.1080764355009,2
49.0597006955807,4
49.1716035483581,5
49.4738112526416,5
49.8931219422711,5
49.966673817354,3
50.0163750844052,5
50.037875632526,5
50.0790266816036,5
50.1163276325294,5
50.1316780238622,5
50.9284483361978,3
51.0559515866814,4
51.3728596657265,2
51.4779623451447,2
51.4850125248774,2
51.5331137511382,5
51.5706647084375,2
51.6992179856898,5
53.2205567696951,3
53.4204618659435,7
53.5964163516109,3
53.8568229902456,7
53.8814236173977,3
54.2348826282481,4
54.6637435613452,2
54.6723437805936,2
54.6751438519767,5
54.693394317242,2
54.7633961018212,5
54.7862966856336,3
54.8719488691937,3
54.8849992018903,7
54.9191000712353,5
54.9582010680503,3
54.9944019909327,5
55.1964071407184,2
55.2243578532754,3
55.3568112299543,5
55.3940121783307,3
55.6098676812082,5
55.6632190413125,5
55.8382735040352,2
55.8534738915439,2
55.8678742586573,2
55.873574403973,2
55.8824746308695,2
55.9219256366074,5
55.9313758775256,2
56.0048277500591,2
56.0414286831391,2
56.142931270779,2
56.1469813740296,2
56.1518314976755,2
56.1579816544635,2
56.1879324180085,2
56.1986326907941,2
56.2104829928979,2
56.2148831050715,2
56.2203332440137,2
56.2687344779228,2
56.2746346283373,2
56.2764346742265,3
56.2797847596313,2
56.2892850018242,2
57.7258216239393,3
57.996378521338,3
58.0774305876258,4
58.9962040102281,3
59.168408400293,2
59.2343600816216,2
59.2555606220942,2
59.3117620548564,2
59.328462480606,5
59.3963142103731,5
59.5999194009493,5
59.619919910829,5
59.7795739809444,5
59.8648761555816,2
59.9225776265848,5
60.8329508350376,3
60.9988050632157,2
61.3395637502924,4
61.3648143940156,4
61.4988678114848,4
61.5088680664247,2
61.5232184322634,5
61.5363687675094,4
61.57701980384,2
61.5879700829992,4
61.5898201301631,2
61.5930202117439,4
61.6110706719104,5
61.6271210810889,2
61.6367713271059,2
61.6466215782217,2
61.649221644506,4
61.6546217821736,4
61.6799224271715,4
61.6898726808367,2
61.6925227483958,5
61.6943727955596,2
61.6950228121307,4
61.7127732646491,5
61.7516742563652,2
61.7614745062063,2
61.8725273373138,2
62.1472343405125,2
62.5684950798554,5
63.0788580907126,4
63.7785759288567,4
64.0323323979564,5
64.1745360232016,5
64.4305425496627,4
64.5352452188834,3
64.6618984476971,3
64.6754987944153,7
64.7716512456624,7
64.833102812268,7
64.9319053310741,7
65.0056572112558,4
65.2665138613628,3
65.345165866465,3
65.7599764413716,1
66.0878848008506,3
66.3840923521701,3
66.459144265494,7
66.7693521737293,3
66.7732522731559,4
66.8221035185372,7
66.872054791962,7
66.969207268703,2
67.0471592559594,2
67.0620596358199,2
67.1429616982836,2
67.1681623407321,2
67.2764651017311,2
67.3017157454543,2
67.3056658461556,2
67.3199162094449,2
67.3396167116765,7
67.552472138072,2
67.583422927111,7
67.8419295173071,7
67.931131791371,4
67.9393820016964,4
68.1532374535859,2
68.257690116433,4
68.6729007015372,2
68.7016014332147,3
68.709201626969,3
68.7178018462173,2
68.8816560234074,2
68.8931063153136,2
68.8975064274871,2
68.91200679715,2
69.0941114396054,2
69.3529680387244,7
69.5037218819432,3
69.5259224479098,3
69.5487230291727,3
69.5727736423032,3
69.6013743714312,7
69.6121246454916,3
69.6476755518029,3
69.8528807831695,3
70.0023845945208,7
70.9510087781187,2
70.9541588584247,3
71.1169630088462,2
71.2357160362573,2
71.2463163064936,7
72.5296490229296,2
72.5713000847542,2
73.6043264200448,7
73.7891811326086,4
74.2922439573598,7
74.3055442964298,3
77.0795150142057,2
77.0956654259336,3
77.107915738235,2
77.7949332526054,3
78.0131388153937,3
78.1541424100462,3
78.1988435496275,3
78.2126939027192,3
78.4350995725824,3
78.4470498772355,3
78.7476575407286,2
78.8424099562841,2
78.8547602711348,3
78.8819609645713,2
78.8872110984148,2
78.9115117179187,2
78.9159118300922,2
78.9244620480658,2
78.9511627287553,2
78.9712132399098,2
78.9767133801268,3
78.9783634221918,2
79.0285147007154,2
79.0539153482627,2
80.1123923323753,4
80.8103101246302,7
80.8988123808482,2
80.9351633075547,2
81.7691345682667,3
81.9057380507456,2
81.9742397970839,2
81.9831900252551,2
82.2004455638242,2
82.4878528907966,3
82.6105060176343,4
82.8112611355526,4
82.8940632464549,2
82.9064635625803,3
82.9468645925375,2
83.0003159551912,3
83.0729178060548,7
83.4262768143558,2
83.4684778902021,3
83.4898284344988,4
83.5758306269818,2
83.649832513537,7
83.8587378392313,7
84.2572979998606,3
84.3874513179032,3
84.4421027111497,4
84.6647083861117,4
84.6674584562201,4
84.6733586066347,4
84.7697110629805,4
84.7731111496601,4
84.7807113434144,4
84.7894615664868,4
84.8787638431,3
84.8838139718446,4
84.956615827807,4
84.9679661171638,4
84.9793164065206,4
85.0636185556638,5
85.07506884757,7
85.0793689571941,4
85.0821190273026,3
85.1003694925679,7
85.4183775996564,3
85.693934624525,4
85.8006873460084,4
85.8067875015217,4
86.2129478559053,7
86.3211006130802,5
86.383352200081,4
86.4664543186315,5
86.490654935586,2
86.5900574696885,2
86.6552591318966,5
86.6601092555425,5
86.7466114607725,2
86.7597117947437,7
86.7730121338138,7
86.8153132122095,2
86.8728146781139,2
86.8728646793886,3
86.8900151166105,3
86.924365992329,3
87.0074681108795,5
87.0537692912512,3
87.0852200930371,3
87.106370632235,7
87.1332213167486,7
87.2057231650628,4
87.3723774136361,2
87.3762275117879,5
87.4214286641162,5
87.4446292555767,2
87.4531794735503,2
87.5273313639296,2
87.5305814467851,5
87.5358815819032,2
87.5669823747663,2
87.5702324576218,3
87.6729850771291,2
87.6965356775126,2
87.8796403454619,2
87.9418419311881,5
87.9626924627377,7
87.9986433792466,2
88.0281441313193,2
88.03634434037,2
88.0649450694981,2
88.2159489190904,3
88.3243516826388,7
88.3538524347115,3
88.3899533550445,5
88.4089538394303,3
88.4108038865942,7
88.4381545838547,7
88.506156317446,5
88.9870685775053,5
89.0090191370983,3
89.1005214697983,5
89.6709360115696,3
89.7522380842309,3
89.9734937247759,3
90.2010495259331,2
90.8381657681534,5
91.0072200779123,5
91.2985775055859,3
91.4292808376503,5
91.5252832850732,3
91.5812347114619,2
91.641786255123,3
91.7263384106397,3
91.786339940279,3
91.7970902143394,7
91.8136406362649,3
91.8226908669855,3
91.8444914227545,3
91.8473414954124,2
91.8586417834944,2
91.9023928988564,3
92.0569968402271,7
92.349654301043,2
92.742614318906,7
92.8352166796493,5
92.9076685266888,5
92.9115186248407,5
92.9443194610435,5
92.9471195324267,3
92.9659700129884,2
93.1672751449284,7
93.2783279760358,5
93.280128021925,2
93.292778344424,2
93.4827331870071,5
93.5201341404823,2
93.715339116909,3
93.7242893450802,3
94.0846985331138,5
94.1258995834661,7
94.4914589027938,7
94.7970166924821,3
94.8084169831136,4
94.851268075531,7
94.8672184821601,7
94.8749186784638,7
94.8884190226327,3
94.9754712418844,3
94.9978218116751,4
95.1893766950487,7
95.222927550372,7
95.3907318282633,2
95.9804468620686,3
96.0130976944473,3
96.0305981405921,3
96.1572513694058,3
96.1952523381774,3
96.2294032087971,3
96.6652143190775,4
96.7547666020642,7
96.8110180361011,3
96.8828198665695,7
96.8898700463021,2
97.2538793261141,3
97.8180437085479,7
97.8939456435417,7
97.9021958538671,3
97.9201963127589,7
97.9260964631734,3
97.9369967410579,3
98.0061485039672,7
98.0606998946643,2
98.0689501049897,2
98.0848005090695,2
98.3153563867086,3
98.4163589616015,7
98.434409421768,3
98.4798105791951,3
98.491310872376,3
98.5162115071763,3
98.5286618245764,2
98.6207641725728,3
98.6696154179542,4
98.704916317892,2
98.7700179775507,4
98.7722680349121,2
98.8818708290533,4
98.8956211795957,4
98.983073409045,4
98.9924736486885,4
99.0363247665999,2
99.2496302044678,4
99.2712307551379,4
99.4709858475622,3
99.4920863854854,2
99.495136463242,2
99.5311373810256,2
99.5527379316958,2
99.5560880171007,2
99.7900439814194,2
100.519612580559,2
100.540313108285,2
100.80551986929,2
100.826520404664,2
100.829470479871,2
100.991674614996,3
100.997024751389,2
101.001324861013,2
101.224680555096,3
101.295282354971,5
101.339883492003,3
101.395634913293,2
101.5732894423,3
101.631140917128,4
101.638091094311,4
101.647541335229,4
101.655241531533,4
101.666441817065,3
101.867396940083,4
101.873197087948,5
101.878897233263,3
101.87949724856,4
101.883347346712,4
101.887347448688,4
101.994250173995,4
102.019700822817,4
102.176054808802,3
102.464312157445,3
103.129429113497,7
103.547689776357,2
104.158605350635,2
104.251657722851,3
104.276058344904,2
104.295758847136,2
104.299858951661,2
104.306309116097,2
105.180831410591,7
105.247783117413,2
105.94295083956,4
105.949801014194,4
105.970351538095,5
105.997602232806,3
106.028703025669,3
106.157756315669,2
106.318510413827,2
106.401912540026,3
106.540766079866,4
106.911025519016,3
107.197682826868,5
107.325186077351,7
107.947901952458,5
108.144056953104,5
108.577167994551,5
108.699821121388,2
108.816424093987,2
108.819374169195,4
108.942777315153,4
108.945127375064,4
108.969477995842,4
109.035179670798,4
109.053880147535,4
109.072780629372,4
109.076980736446,4
109.081980863916,4
109.195583760033,4
109.85245050576,5
110.062105850575,5
110.194059214507,3
111.728448331208,3
112.297012825816,4
112.307763099876,4
112.501368035513,4
112.712423416019,4
112.719173588103,4
112.72637377166,4
112.923728802899,4
112.931328996653,4
112.956329634003,4
112.969679974348,4
113.018681223553,4
113.048981996021,4
113.050382031712,2
113.093733136877,4
113.101683339554,2
113.109583540957,2
113.110033552429,4
113.137484252239,4
113.181685379073,4
113.221786401382,3
113.233886709859,4
113.236636779968,4
113.243636958426,4
113.246887041281,4
113.271887678631,4
113.279037860913,4
113.302938470219,3
113.344289524396,4
113.346639584307,5
113.349389654415,4
113.355239803555,4
113.365540066143,4
113.42009145684,4
113.428841679913,4
113.431741753845,4
113.434741830327,4
113.456142375898,4
113.460392484248,4
113.467742671629,4
113.471592769781,2
113.481343018347,2
113.508193702861,2
113.532894332562,2
113.541744558184,2
113.611246330016,3
114.166960497026,7
114.271163153499,7
114.303563979505,3
114.351865210864,7
114.40906666912,2
114.482518541654,7
114.885878824654,3
115.009731982085,2
115.352040708677,2
115.614647403399,2
115.845603291236,4
115.850403413607,4
116.583972114722,7
117.088584978989,2
117.193037641836,3
117.206737991104,2
118.235064206573,3
118.249314569862,7
119.102586322608,2
119.8443052315,3
120.585274121271,3
120.629275243006,3
121.194739658582,3
121.321342886121,2
122.060911740201,2
122.614575854948,2
122.760079564323,2
123.742904619815,2
124.523924530621,4
124.534924811055,3
124.579675951911,2
124.84843280342,4
126.089364438911,7
126.316770236244,7
126.491674695143,7
126.560726455503,3
126.59112723052,3
126.611827758246,3
126.663429073735,3
128.254069624474,3
128.433924209568,3
128.676930404607,2
128.680030483639,4
128.685130613658,2
128.774432890271,4
129.011538934896,4
129.019189129925,4
129.035989558224,4
129.155342600932,4
129.190493497045,4
129.205843888378,4
129.211744038793,4
129.245844908138,4
129.252195070025,4
129.257095194945,4
129.260095271427,4
129.268045474104,4
129.339347291826,4
129.341647350462,4
129.343897407823,4
129.352997639819,4
129.356147720125,4
129.358747786409,4
129.362347878187,4
129.370848094886,4
129.374998200686,4
129.408899064933,4
129.411499131217,4
129.414049196227,4
129.422049400179,4
129.426899523824,4
129.431449639822,4
129.458700334533,4
129.460850389345,5
129.463900467102,4
129.46920060222,4
129.473900722042,4
129.5058015353,4
129.506501553146,2
129.525202029884,4
129.52740208597,4
129.530202157353,4
129.541452444161,4
129.545052535939,4
129.549902659585,4
129.559152895404,4
129.568653137597,4
129.573053249771,4
129.576953349197,4
129.60485406048,4
129.607104117841,4
129.613354277179,4
129.616804365133,4
129.630754720774,4
129.63390480108,4
129.639204936198,4
129.655755358124,4
129.663205548054,4
129.669155699743,4
129.804159141432,4
129.895711475406,3
129.969213349215,3
130.168118419969,7
130.309272018446,3
130.334372658345,2
130.338172755222,4
130.343922901812,4
130.348623021634,4
130.355673201367,4
130.476176273392,3
130.759183488191,4
130.765883659001,4
130.77193381324,4
130.77768395983,4
130.785034147211,4
130.802434590806,3
130.8492857852,3
130.85163584511,4
130.901187108338,4
130.938788066912,4
130.959288589538,3
131.260796275976,4
131.265246389424,4
131.276296671133,2
131.459251335258,4
131.613405265156,7
131.620805453812,3
131.647306129403,3
131.697007396454,3
131.707257657767,7
131.709907725326,3
131.721608023606,3
131.737258422587,7
131.817360464656,7
131.825860681354,7
131.89891254369,4
131.902962646941,4
131.917463016604,4
131.920763100734,4
131.95051385918,2
131.955913996848,2
132.007365308513,4
132.015615518839,2
132.026315791625,2
132.059916648223,2
132.069416890415,2
132.072616971996,2
132.130368444274,4
132.20832043153,3
132.273522093739,2
132.301122797373,3
132.326323439821,3
132.350074045303,2
132.353874142181,2
132.420875850278,2
132.447976541165,2
132.459576836895,2
132.468027052319,3
132.474427215481,2
132.512728191901,2
132.521428413698,2
132.530528645694,2
132.534878756593,2
132.565479536709,2
132.626331088018,2
132.632681249905,2
132.728733698602,2
132.77978500007,3
133.019841119903,5
133.03609153418,4
133.147694379309,3
133.198895684601,5
133.28219780825,4
133.516103771294,4
133.52265393828,4
133.622056472383,4
133.644107034525,4
133.791460791064,4
133.835711919173,4
133.839512016051,4
133.846862203431,4
133.861412574369,4
133.892463365957,4
133.90196360815,4
133.904763679533,4
133.943114657228,5
133.949014807642,4
134.007666302865,4
134.013816459653,4
134.02016662154,4
134.027816816569,4
134.055717527851,4
134.07666806195,3
134.14826988732,4
134.151419967626,4
134.154170037734,4
134.166020339838,4
134.169620431616,4
134.17817064959,4
134.181870743918,5
134.284423358326,4
134.287073425885,4
134.298173708869,4
134.300723773878,5
134.39447616394,4
134.597731345593,3
135.156795598007,4
135.162095733126,4
135.654908296563,7
136.604932515853,7
137.526356006014,4
138.300075730713,2
138.319076215099,3
138.639484383373,5
139.855665387888,2
139.919117005481,2
139.998469028429,2
140.022219633912,2
140.05412044717,3
140.117672067313,4
140.211874468847,2
140.420629790717,7
140.786339113869,2
140.948493247719,3
141.532258129835,4
141.538408286623,2
141.567759034872,2
141.572359152144,2
141.674911766552,3
141.939518512262,2
142.078272049553,4
142.381379776781,7
142.468231990934,7
142.865892128619,4
142.869692225496,4
143.066097232515,4
143.07114736126,4
143.140599131817,7
143.47790773094,3
143.582860406534,4
143.590060590091,4
143.792415748799,4
144.005371177744,5
144.173675468383,4
144.196726056019,4
144.20737632753,4
144.210876416759,4
144.300828709943,4
145.454458119809,7
146.378731682628,3
146.401232256243,3
146.769791652053,3
146.909095203365,3
147.026348192535,3
147.820368434763,3
148.02037353356,3
149.131901870129,4
149.135151952985,4
150.020824531736,4
150.149677816636,7
150.152327884195,4
150.636140218187,3
150.894846813482,4
150.901046971545,4
150.906947121959,4
151.087051713427,4
151.090101791183,4
151.097451978564,4
151.102252100935,4
151.193404424713,4
151.196704508843,4
151.197554530513,2
151.202604659257,4
151.207304779079,2
151.213254930768,4
151.310107399861,4
151.319307634406,4
151.331107935235,4
151.423160281956,4
151.481911779728,2
151.634765676485,3
151.704417452141,2
151.80517002066,3
151.806720060176,2
151.811720187646,2
151.98732466439,2
152.009325225258,4
152.014725362926,5
152.050576276885,2
152.084077130934,2
152.148428771472,2
152.160029067202,2
152.165229199771,2
152.212730410735,2
152.217280526733,2
152.232930925714,2
152.23938109015,3
152.24108113349,2
152.350733928906,2
152.35833412266,2
152.402135239297,4
152.553339093988,3
152.624890918083,4
152.675442206804,2
152.975099846078,4
153.165954711606,3
153.328008842907,3
153.36325974157,3
153.783870464341,5
154.101628565056,5
154.600741289106,5
154.627141962148,4
154.762795420407,3
154.908849143804,5
155.162105600157,5
155.365910795832,5
155.560565758237,7
155.673268631409,3
155.694219165508,3
155.711719611653,7
155.730220083292,3
155.738520294892,3
155.757320774179,3
155.770321105601,7
155.791471644799,3
155.806722033582,7
155.812722186546,7
155.814672236259,5
155.840122885081,3
155.862573457422,3
155.874223754426,3
155.884324011916,7
155.888924129188,3
155.893774252834,3
155.908024616123,7
155.936775349075,3
155.988976679862,3
156.035277860233,3
156.084579117087,3
156.09162929682,7
156.10662967923,3
156.114579881907,3
156.126780192933,3
156.132980350996,3
156.150980809888,5
156.176831468908,5
156.1780314995,3
156.288434314037,7
156.302334668403,3
156.327585312126,3
156.341735672866,3
156.381636690076,3
156.454388544764,3
156.526990395628,3
156.553941082691,3
156.577291677975,3
156.62554290806,3
156.668544004302,3
156.714195168102,2
156.778596809915,3
156.917550352305,3
156.96580158239,4
157.130805788898,7
157.410612922116,3
157.674969661452,3
157.683319874327,7
157.693170125443,7
157.710720572862,7
157.742221375923,3
157.756971751959,7
157.782372399507,7
157.804822971847,7
157.841373903652,7
157.863424465795,3
157.899575387402,7
157.935476302636,3
158.170632297548,3
158.184632654464,7
158.206383208958,3
158.244884190477,5
158.263584667214,2
158.676745200056,3
158.684695402733,3
158.798548305224,3
158.966702592038,3
159.334361964903,7
159.371962923477,7
159.456865087916,2
159.464165274023,2
159.499266168862,3
159.557917664084,3
159.691421067532,3
159.794673699786,3
159.808224045229,7
160.073430806235,4
161.346613263907,7
161.361863652691,3
161.485866813945,4
161.601869771248,4
161.664271362073,4
161.822125386299,4
161.848476058066,4
161.91927786304,4
162.037330872605,4
162.235835933162,2
162.253986395878,2
162.555344078492,5
162.56564434108,4
162.568044402265,4
162.576994630437,4
162.582744777027,4
162.585694852234,4
163.076557365959,4
163.117358406114,7
163.156109394006,4
163.345564223842,4
163.674672613914,5
163.715523655343,4
163.867827538078,4
163.87402769614,4
163.876827767523,4
163.882727917938,4
163.889678095121,2
163.907278543815,4
163.909728606276,4
163.912478676384,5
163.927479058794,4
163.930979148023,5
163.966780060708,2
164.132534286336,4
164.150384741404,2
164.240187030764,4
164.244637144213,4
164.292538365375,4
164.337689516428,4
164.340439586537,4
164.349539818532,4
164.362990161426,4
164.367590278698,4
164.377340527265,4
164.397591043518,4
164.401991155692,4
164.405191237272,4
164.471042916052,4
164.628696935179,7
165.01110668408,2
165.019956909702,2
165.065508070953,2
165.116709376246,2
165.121409496067,2
165.16261054642,2
165.16591063055,2
165.197461434885,2
165.225612152541,2
165.276913460383,4
165.315864453373,3
165.373515923102,4
165.49201894414,4
165.499619137894,4
165.71237456174,4
165.720524769516,4
165.724274865119,4
165.730925034654,4
165.779576274936,2
165.97113115831,4
166.447843311294,5
166.642998286446,3
166.706049893842,2
166.751901062742,4
166.758851239925,4
166.764451382691,2
166.774951650378,4
166.85115359302,4
166.853853661854,4
166.86775401622,4
166.89275465357,2
167.071709215719,2
167.166261626176,2
167.195862380798,2
167.206662656133,2
167.210062742813,2
167.311915339375,2
167.325715691192,2
167.472319428611,4
167.475219502544,4
167.481219655508,4
167.576522085085,4
167.583622266092,4
167.58647233875,4
167.683124802744,4
167.691525016894,4
167.699525220845,4
167.926281001607,4
168.252989330494,2
168.840954319684,2
169.216263887578,7
170.375993452957,5
170.38474367603,2
170.492346419183,3
171.222965045091,4
171.923932915103,4
172.167739130537,4
172.27129177044,3
173.214915826568,7
173.454321929829,5
173.457172002487,3
173.55307444736,4
173.718578666615,3
173.937284242151,5
174.060437381735,4
174.071137654521,4
174.217441384292,3
174.566050271496,5
174.679503163789,4
174.792206036962,4
174.906358947101,4
175.391771321883,2
175.673978516287,3
176.099789371627,3
176.2249425622,3
176.545300729199,3
176.662203709446,2
177.382122062569,2
177.503125147342,2
177.62397822829,2
177.735331067046,2
177.743831283745,2
177.748681407391,2
177.761531734988,4
177.76208174901,3
177.793482549521,3
177.918285731171,2
179.747782371149,4
179.851235008502,4
180.885061364188,3
181.268771146232,7
181.483276614692,7
181.980939301776,2
182.217795340027,2
182.63075586777,4
182.699107610284,7
182.915763133557,7
183.112568150774,3
183.206320540835,4
183.444876622426,3
183.55152934136,2
183.911288512823,7
183.962689823214,2
184.011441066046,2
184.107743521117,2
184.113643671531,2
184.390650733366,2
184.473652849367,2
184.479052987035,2
184.494303375818,2
184.70945886085,2
184.757060074364,2
184.784460772899,2
184.801311202473,2
184.806861343965,2
184.811111452314,2
184.854962570225,2
184.879463194828,2
185.200221372025,2
185.204671485473,2
185.470578264325,2
185.473178330609,2
185.478278460629,2
185.511329303205,4
185.532529843678,2
185.535929930357,2
185.543380120287,2
185.568580762736,2
186.199796854542,5
186.648608296244,7
186.660208591974,2
186.760161140098,2
186.808962384205,2
186.892164505305,4
186.915865109512,2
186.995617142658,4
187.000967279051,4
187.011117537815,4
187.081119322394,4
187.183621935528,7
187.199572342157,2
187.242073425652,2
187.281174422467,2
187.284474506597,2
187.288424607298,2
187.308175110804,2
187.377576880087,2
187.380726960393,2
187.388727164345,2
187.396877372121,2
187.413827804244,2
187.432678284806,7
187.446378634074,2
187.45197877684,2
187.731135893487,7
187.743136199415,7
187.756086529562,3
187.832188469655,7
187.861939228101,3
187.880039689542,2
187.943441305861,7
187.952491536581,3
187.964441841235,7
187.971142012044,7
188.059644268262,3
188.206048000582,3
188.293600232581,3
189.709736334619,7
190.295601270272,7
190.455155337838,3
190.514706856005,2
190.535557387555,2
190.724212196996,2
190.773863462772,2
190.799664120517,2
190.840815169595,2
190.955068082283,2
190.961268240346,2
191.028319949718,2
191.086321428369,2
191.175473701158,2
191.191674114161,2
191.196074226334,2
191.324927511235,2
191.339577884722,2
191.408429639983,2
191.43638035254,2
191.442280502955,2
191.773888956761,4
192.941418720993,4
193.201025339233,3
193.265526983595,4
193.781040125746,3
193.859142116827,3
194.090998027608,5
194.321103893775,4
194.837167049948,3
194.963970282586,3
195.42248197158,3
196.236602726236,4
196.507159623635,2
196.734615422243,4
196.74501568738,4
197.228128003526,4
197.373831718,4
197.647438693156,2
198.529061168656,7
198.557261887587,2
198.7546669201,4
198.763217138074,2
198.768667277016,2
198.86861982514,4
198.966372317178,4
198.975572551722,2
198.976422573392,4
199.026323845542,3
199.037224123427,3
199.062074756952,7
199.076225117692,7
199.083625306348,2
199.274280166777,3
199.287780510946,2
199.395433255374,2
199.414283735935,4
199.414583743584,2
199.422283939887,4
199.462084954548,2
199.500035922045,4
199.585938111979,2
199.613338810514,4
199.635139366283,2
199.669540243276,2
199.69054077865,2
199.694240872978,2
199.697340952009,2
199.706791192927,2
199.811293857049,2
200.18540339435,3
200.455910290474,4
200.68291607761,4
201.430985148388,4
201.588189156043,7
201.612289770448,7
201.846745747514,5
202.039400658931,2
202.114102563332,2
202.123402800426,2
202.223255346001,2
202.247255957857,2
202.25495615416,2
202.553163756468,2
203.33968380749,2
203.418535817691,2
203.838096513694,2
203.93604901083,2
203.947849311659,2
205.08737836206,4
205.419936840086,4
205.42753703384,4
205.535389783367,4
205.549740149206,4
205.637392383754,7
205.880948592815,4
206.89732450363,4
207.11448003965,5
207.310035025,4
207.319535267192,4
207.702095019918,2
207.770146754784,3
208.255159119368,4
208.333361112998,3
208.493815203509,4
208.683270033345,3
210.686921113101,7
210.706321607685,7
210.928027259702,7
211.212634515291,3
212.123807744139,3
212.183409263581,3
212.340263262313,2
212.687022102354,2
212.698122385337,2
212.806875157808,2
213.578544830245,7
215.627947076351,2
215.67729833448,2
215.693398744933,3
216.580121350453,4
216.584921472824,4
216.866378648107,7
217.185736789612,2
217.217787606695,3
217.236688088531,7
217.253338513006,3
217.420942785799,2
218.790777707465,3
218.844879086689,4
218.846029116008,3
218.861429508615,4
219.041434097533,7
219.11183589231,3
219.124686219908,3
219.190087887214,4
219.20823834993,4
219.312991020426,5
219.331241485691,4
219.419293730437,4
219.426043902521,4
219.431544042738,4
219.52274636779,4
219.60679851056,4
219.808153643774,4
219.90205603766,4
219.942557070166,7
221.186488782139,7
221.478796234032,4
222.137813034571,2
222.17376395108,3
222.665976499221,2
222.693027188834,2
222.778729373668,2
222.788779629883,2
223.233990979807,4
224.088162755498,3
224.449471966476,7
224.456172137285,2
224.584825417087,5
224.851982227806,5
225.626251966527,4
225.630652078701,4
225.787456076158,2
225.896658860102,2
227.246743278262,3
227.621202824486,7
227.649703551064,5
227.811657679816,7
227.820907915635,4
228.164216667722,4
228.234518459949,7
228.481774763338,3
228.483024795205,4
229.096640438317,4
229.553202077598,4
229.768457565179,3
229.88966065505,3
230.45942518025,7
230.462275252908,3
231.137192458801,2
231.268445804887,2
231.333247456898,2
231.576253651937,4
231.647455467109,2
231.708307018418,3
231.715807209623,4
231.729957570363,4
231.814309720781,4
231.930112672985,4
232.093466837428,4
232.099266985293,4
232.118267469679,4
232.124367625192,4
232.130067770508,4
232.134167875034,4
232.145968175863,4
232.148868249795,4
232.171818834882,4
232.174418901167,4
232.177318975099,4
232.188369256808,4
232.23382041551,4
232.241120601616,4
232.308022307164,4
232.326272772429,4
232.330022868031,4
232.344673241518,4
232.350373386834,4
232.367523824056,4
232.373023964273,4
232.409724899902,4
232.413224989131,4
232.4225752275,4
232.428975390661,4
232.462226238337,4
232.466276341587,4
232.516677626484,4
232.51992770934,4
232.556778648793,4
232.916887829179,4
232.918237863596,7
232.953888772456,2
233.210945325686,2
233.296897516894,2
233.456601588285,4
233.557304155529,4
233.560354233286,4
233.568704446161,4
233.671007054196,4
233.73850877504,2
233.76765951819,4
233.772909652033,4
233.784009935016,4
233.894662755926,4
233.899762885946,4
234.130118758486,3
234.256521980926,3
234.284722699857,3
234.465077297698,3
234.816786263934,6
234.85398721231,5
234.85898733978,4
236.826937509401,3
237.241998090681,2
238.04901866433,4
238.111670261528,4
238.583682294691,3
239.075144823712,2
239.665409871539,2
240.323576650408,4
240.33487693849,4
240.342477132244,4
240.442079671445,4
240.539032143088,4
240.550932446466,4
240.558682644044,4
240.561632719252,4
240.569132910457,4
240.659435212564,4
240.686085891979,4
240.751387556736,4
240.772738101033,4
240.878140788099,4
240.902141399955,4
240.941442401869,4
240.965843023922,4
240.972243187084,4
240.987493575867,4
241.130497221507,4
241.336052461797,1
241.57505855486,4
241.655060594379,4
241.660310728223,4
241.674361086413,4
241.677211159071,4
241.687011408912,4
241.739062735874,4
241.747962962771,3
241.866465983808,3
241.90201689012,4
241.906717009941,4
241.922967424219,4
241.934517718674,3
241.946768030976,4
241.950518126578,4
241.960768387892,4
241.964718488593,4
242.000269394904,4
242.003669481584,4
242.007519579736,4
242.022969973618,4
242.038070358577,4
242.041170437608,4
242.219924994659,4
242.289226761392,4
243.038145853841,7
244.655637089093,3
247.133700263197,4
247.150650695321,4
247.239102950264,4
247.259303465242,4
247.453958427647,4
247.458908553843,4
247.46440869406,4
247.468758804958,4
247.478359049701,4
247.485709237082,2
247.57666155576,4
247.579861637341,4
247.586211799227,4
247.591961945818,4
247.670113938173,4
247.672814007007,4
247.682464253024,4
247.743015796685,4
247.790517007649,3
248.139525905052,7
248.230328219906,7
248.256428885299,4
248.319130483772,2
248.435383447448,2
248.445183697289,4
248.607537836238,3
248.683089762309,4
248.683589775056,2
248.691239970085,4
248.759391707501,2
248.807242927388,4
248.899045267736,3
249.114950771888,7
249.12380099751,2
249.131551195089,5
249.244754081008,2
249.255904365266,2
249.291605275401,3
249.319755993057,5
249.353806861128,2
249.522161153041,3
249.530061354443,3
249.540361617031,3
249.564862241634,7
249.6080133417,7
249.713716036414,2
249.740766726027,3
249.77176751634,2
249.785567868157,3
249.895870680144,5
249.961972365297,5
250.160577428403,2
250.400433543136,2
250.435384434151,2
250.913596625377,7
251.139802392117,3
251.736217596732,3
251.815619620955,2
252.132827707648,3
252.160178404909,7
252.239380424033,4
252.242530504339,4
252.79954470449,7
252.829995480782,2
252.83539561845,3
252.83869570258,2
252.848745958795,2
253.038750802653,2
253.50166260382,4
253.614565482091,4
253.792070007274,2
253.798920181908,2
254.007175491032,3
254.01492568861,3
254.028326030229,7
254.144578993906,2
254.193130231639,2
254.294532816729,2
254.298782925079,2
254.331933770204,4
254.400985530564,2
254.424586132222,2
254.491537839045,2
254.552389390354,4
254.556189487231,4
254.5655397256,1
254.888447957609,2
255.076602754303,3
255.088353053858,2
255.288708161578,2
256.511789342001,2
258.393187305118,4
258.448388712386,7
258.790597436429,2
258.837398629547,2
258.920550749373,2
258.936151147079,2
258.956051654409,3
258.986752437075,2
259.026453449186,2
259.037203723246,2
259.047153976912,2
259.158606818217,7
259.252559213377,7
259.27025966462,1
260.846299843147,3
261.026104426966,2
261.399213938774,2
261.497716449931,3
261.696971529609,3
261.739522614378,2
262.334887792224,2
262.368388646273,4
262.531192796694,2
263.730273365262,4
263.737873559016,4
263.982479794846,4
264.215085724747,5
264.312088197664,2
264.392590249931,2
264.944504320063,2
265.039956753464,2
265.095008156908,2
265.097858229566,2
265.104108388904,2
265.134509163921,3
265.153909658504,3
265.472767787263,3
265.966130364722,2
266.191736116166,3
266.85645306202,4
267.55367083643,2
268.202687382028,2
268.227838023202,4
268.298439823078,2
268.385292037231,2
268.418192875983,2
268.443893531178,2
268.460843963302,4
268.467194125188,4
268.481994502499,4
268.734600942281,7
268.804802731959,4
268.810352873451,4
268.817303050634,4
268.82630328008,4
268.832403435593,4
268.844303738972,4
268.852403945473,4
268.892154958859,2
268.949156412016,4
268.953706528014,4
269.068509454724,4
269.254514196606,4
269.345116506361,7
269.430918693746,5
269.442068978003,4
269.480469956973,3
269.712625875402,4
269.722676131617,4
269.733576409501,4
269.749376812306,4
269.827978816134,4
269.831928916835,4
269.836479032833,4
269.840529136083,4
269.897030576494,4
269.899780646602,4
269.906180809764,4
269.910480919388,4
269.940231677834,4
269.949281908555,4
269.95168196974,4
269.95498205387,4
269.970682454126,4
269.974032539531,4
270.739852062828,4
270.83095438533,4
270.856355032877,4
270.924306765194,4
270.92660682383,4
270.957807619242,2
271.118061704654,4
271.188513500706,2
271.260865345196,3
271.295866237485,7
271.31176664284,3
271.369818122766,3
271.38996863647,7
271.399318874839,7
271.409469133603,7
272.29829179266,5
272.727102724482,2
273.14501337842,5
274.018985658892,4
274.583500050249,2
274.620350989702,4
274.626751152864,4
274.682752580527,3
274.688652730942,3
274.701253052166,3
274.737053964851,4
275.851082365154,7
276.024536787087,3
276.509599152946,3
276.571500731024,4
276.703204088582,4
276.71520439451,4
276.751655323766,4
276.767505727846,4
276.778155999357,4
276.782106100058,4
277.893534434077,2
278.215342638043,4
278.316145207837,4
278.336045715167,4
278.338395775078,4
278.418697822246,4
278.616502864957,7
278.863359158148,3
279.011412932533,4
279.454924239117,3
279.704580603691,4
280.113341024359,5
280.118641159477,4
280.121291227036,3
280.201243265281,4
280.230544012255,4
280.312996114234,4
280.319146271022,4
280.322146347504,4
280.325646436733,4
280.398198286322,3
280.41349867638,4
280.516351298437,4
280.524351502389,4
280.530801666825,3
280.587153103411,4
280.623504030118,4
280.627954143566,4
280.638204404879,4
280.882510633061,7
280.885560710818,3
280.902561144215,7
281.002713697438,4
281.06571530356,3
281.436274750357,4
281.442624912244,4
281.654080302948,2
282.026239790536,7
282.766908672659,2
282.816859946084,2
282.897512002174,2
282.951063367377,3
283.500777381423,4
283.596629825021,4
283.718882941662,2
283.769134222735,2
283.796334916171,2
283.799935007949,2
283.806685180034,2
284.166044341299,4
284.364549401856,2
284.36969953315,2
284.37129957394,4
284.374449654246,4
284.568404598805,4
284.576354801482,4
284.588505111234,4
284.594555265473,2
284.660906956999,4
284.666107089568,4
284.669257169874,4
284.773859836545,2
285.000815622406,2
285.424776430583,2
285.4800778404,4
285.490978118285,4
285.834386872921,4
285.950489832773,4
286.065192756933,7
286.104243752473,3
286.123644247057,7
286.282348292953,4
286.308048948148,4
286.312599064146,4
286.394151143181,4
286.738809929684,4
286.747910161679,4
286.751760259831,4
286.757460405147,4
286.881813575324,4
286.955065442759,4
286.996766505858,5
287.040967632693,4
287.045317743592,4
287.138920129829,4
287.154120517338,4
287.266973394334,4
287.74178549888,5
287.921440078875,4
287.983191653129,7
288.078794090355,5
288.399552267551,3
288.430203048942,3
289.312975553761,4
289.317875678682,4
289.325225866062,4
289.524680950838,4
289.55853181381,4
289.562031903039,4
289.567382039432,4
289.639783885196,2
290.064444711219,3
290.323601317986,3
290.977417985956,2
291.382228305923,2
291.417029193114,2
291.429129501591,2
291.515631706821,2
291.544382439773,4
292.080146098178,2
292.13134740347,2
292.583058919105,3
293.038970541814,4
293.043420655262,5
293.050920846467,4
293.075671477444,4
293.587734531641,5
295.058872035848,4
295.291677970848,5
295.351829504312,7
295.666087515798,7
295.77644032906,5
296.132299401095,4
297.374131059531,3
297.44423284666,3
298.104199671418,5
299.691240130378,3
300.23070388311,4
300.500360757564,2
300.626063962159,3
300.715566243871,3
303.630290549926,3
303.863146486201,2
303.867296592001,2
303.922748005643,2
303.943748541016,2
304.534313596492,3
304.581064788336,3
304.599215251051,3
304.802220426331,3
305.849997137658,2
306.155854934995,2
306.77717077441,5
307.178180997499,3
307.620442272216,4
307.730595080379,5
307.820347368464,4
307.825547501033,4
307.828847585163,4
307.832897688414,4
307.928200117991,4
307.930750183001,5
307.931050190649,4
307.935200296449,4
308.080303995627,5
308.131505300919,2
308.1347053825,4
308.236007965041,5
308.274608949109,2
308.287859286904,2
308.444013267791,2
308.915575289481,4
309.142181066419,4
309.151781311161,4
309.162431582672,4
309.830748620305,2
309.918800865051,2
310.133106328413,2
310.470064918612,7
310.904225986827,4
310.907726076056,4
310.921076416401,4
310.928626608881,4
311.162382568101,2
311.290435832606,3
311.308936304245,3
311.330736860014,7
311.398488587232,7
311.413488969641,3
311.520241691125,3
311.564142810311,7
311.686295924402,7
311.748647513952,2
311.754197655443,2
311.774348169147,2
311.774948184444,7
311.778648278771,2
311.809849074184,2
311.847800041681,2
311.852750167876,2
311.868300564308,3
311.937052317019,7
312.179958509509,5
312.325262213786,7
312.340662606393,3
312.363313183832,7
313.159883491069,7
313.860701357256,2
313.867201522967,2
313.912202670197,2
313.952153688682,4
314.138108429289,2
314.243611118905,3
315.472692452292,7
315.632296521132,3
315.695598134902,7
316.382815654371,4
316.610671463176,5
317.012631710485,3
317.04768260405,3
317.313089370154,7
317.321739590677,3
317.402641653141,7
317.445642749383,5
317.694849102485,2
317.891354112053,4
317.898504294335,4
317.909604577319,5
318.041757946349,7
318.080858943164,4
318.08580906936,4
318.090809196829,4
318.111109714357,4
318.174311325578,4
318.195761872424,4
318.294114379757,4
318.296864449866,4
318.30456464617,4
318.370466326223,7
319.049633640466,2
319.521395667255,4
319.626898356871,4
319.639698683194,4
319.65869916758,4
319.980107361348,4
321.023383957952,2
321.07688532188,2
321.212338775041,2
321.263190071411,2
321.508946336558,2
321.703951307886,2
321.707451397115,2
321.920806836258,2
321.934857194448,2
322.032909694134,2
322.037709816505,4
322.055660274122,4
322.27896596693,4
322.435119947816,4
322.460220587715,2
322.561523170256,2
322.569023361461,2
322.80637941246,2
322.946782991816,2
322.958733296469,2
322.970333592199,2
323.057935825472,2
323.075386270343,2
323.081886436053,2
323.096686813364,2
323.347793214905,4
323.381094063855,4
323.423545146075,2
323.430145314335,2
323.551648411855,2
323.558648590313,2
323.563398711409,2
323.686101839522,7
323.694352049847,3
323.745503353865,2
323.799804738188,4
323.807954945964,4
324.001109870128,4
324.009010071531,4
324.103212473064,7
324.186114586516,3
324.502522652814,3
324.606075292717,4
324.611375427835,4
324.620275654731,4
324.623325732488,4
324.794230089411,4
324.81008049349,4
324.81688066685,4
324.82348083511,4
324.913733135942,4
324.921633337345,2
325.004985462269,4
325.008235545124,4
325.01648575545,4
325.017735787317,2
325.019085821734,4
325.082187430405,3
325.091387664949,2
325.118638359661,2
325.124688513899,2
325.133488738246,3
325.141238935825,3
325.142938979165,2
325.150939183117,2
325.159139392167,2
325.163889513264,2
325.168789638184,2
325.222291002113,4
325.224791065848,5
325.406245691732,2
325.420846063944,2
325.466047216272,2
325.475547458465,2
325.669702408123,7
326.060812378822,7
326.064662476974,4
326.073062691124,4
326.79313104807,5
326.822931807791,7
326.918534245017,4
327.34894521763,5
327.427947231655,3
328.041062862019,3
328.114014721806,3
328.126415037931,7
328.538025531257,4
328.918685235544,4
329.075089222804,5
329.128540585458,3
329.547751272538,7
329.729655909894,3
329.955511667712,5
331.644104715587,3
334.135318224937,3
334.637781034392,3
335.184744978329,4
335.256796815171,4
335.652856912065,4
335.667007272805,4
335.955814635469,3
336.0089159892,3
336.018416231393,2
336.412226270926,7
336.658482548821,3
336.769585381203,4
336.78338573302,4
336.785885796755,4
336.79253596629,4
336.89808865718,4
336.906738877703,5
336.912839033217,4
337.012341569869,4
337.016041664196,4
337.029892017288,4
337.092543614486,4
337.112594125641,4
337.116144216145,4
337.133894668663,4
337.178645809519,4
337.181095871979,4
337.187546036415,4
337.191396134567,4
337.209496596008,4
337.211996659743,4
337.214996736225,4
337.258447843939,4
337.266448047891,4
337.268948111626,4
337.314599275427,4
337.317099339162,4
337.319799407995,4
337.338899894931,4
338.396526857373,4
338.524530120604,4
338.627332741386,4
338.635682954261,4
338.645183196454,4
339.664159173554,4
339.669909320144,4
339.892014982359,4
339.905365322704,4
340.04576890206,2
340.106720455918,4
340.650484318275,7
340.87589006462,4
340.9166411035,3
340.972942538812,4
340.997493164689,4
341.247299533087,2
341.845114773394,7
342.418229383999,2
342.43472980465,4
342.440079941043,1
342.604684137353,2
342.619584517214,2
342.623834625563,2
342.662135601983,2
342.801739160944,3
343.211049595634,2
343.369153626233,4
343.377503839108,4
343.387754100421,4
343.473306281432,4
343.477656392331,4
344.741938623106,3
345.626811181463,4
345.903668239473,3
346.42488152694,4
346.440231918273,7
346.548134669075,2
346.777040504649,2
346.857942567112,2
346.863692713703,2
346.905543780626,2
348.767641251708,3
349.907020298285,3
350.73124131043,3
350.983247734915,3
351.110200971377,4
351.207953463415,3
351.667665183001,3
351.701316040874,3
351.854569947828,4
351.858670052353,4
352.146927400996,3
352.166027887931,4
352.196378661673,4
352.252930103358,5
352.401733896864,5
352.72674218241,3
353.064150784082,3
353.247005445658,2
353.253355607545,2
353.67176627423,5
353.742268071556,3
353.749418253838,7
353.75496839533,7
353.756818442494,5
354.258031220081,7
354.274781647105,2
355.130353458487,4
355.138953677736,4
355.563814508857,3
355.64151648974,5
355.896822998355,2
355.953724448963,3
357.495213746673,2
357.767320683587,4
357.770920775365,4
357.779320989515,2
358.183731299284,2
358.20518184613,2
358.209931967226,2
358.214432081949,2
358.268033448427,2
358.523339957042,2
358.567691087701,2
358.608142118933,2
358.625342557429,2
358.652843258514,4
358.760546004217,4
358.77664641467,2
358.869148772864,4
358.87484891818,4
358.966701259803,4
358.970151347757,4
358.973651436986,4
358.986151755661,4
358.99455196981,4
359.064353749291,4
359.067853838519,4
359.071203923924,4
359.099154636481,4
359.192507016345,4
359.196007105574,4
359.199807202451,4
359.203507296779,4
359.254708602071,4
359.258158690026,4
359.266158893977,4
359.270308999778,4
359.281659289134,4
359.291709545349,5
359.928875788844,3
360.20483282391,3
361.696020839272,7
362.282185782573,2
362.287535918966,2
362.373588112724,4
362.376388184107,4
362.53069211783,7
362.539492342177,7
362.573493208972,4
362.605194017132,7
362.699996433962,2
362.708246644287,4
362.712346748813,5
362.728197152892,4
362.784798595852,4
362.787748671059,4
362.799748976987,4
362.914601904972,4
363.008004286111,2
363.068705833596,2
363.190508938764,2
363.234560061774,7
363.574268722082,7
363.580068869947,3
363.813274815145,5
363.912927355621,4
364.290186973228,3
364.318887704906,4
364.951453831129,4
365.371064528406,2
365.478967279208,3
365.533218662257,4
365.548619054864,4
365.570669617007,3
366.514643682057,4
366.524493933173,4
366.740599442424,4
366.830151725411,4
366.850552245488,4
366.862202542493,4
366.867602680161,2
366.908203715217,2
367.126859289477,7
367.128309326444,3
367.230861940852,2
367.236662088717,7
367.285613336648,3
367.35426508681,2
367.490918570564,3
367.634272225127,2
367.683123470509,2
367.694773767514,2
367.701023926851,2
367.704174007157,2
367.708724123155,7
367.718324367897,4
367.722524474972,4
367.7303746751,3
367.753225257637,2
367.760125433546,2
367.780525953623,2
367.793626287595,2
367.799076426537,2
367.808976678927,3
367.824777081732,5
367.825527100853,2
367.834427327749,2
367.850427735653,2
367.857277910287,2
367.874078338586,2
367.889678736292,2
367.925429647702,2
367.936379926861,2
367.970330792382,2
367.974780905831,2
367.989431279318,2
368.006381711441,2
368.021332092576,2
368.208186856128,2
368.218887128913,2
368.249487909029,4
368.254838045422,3
368.255038050521,4
368.356390634337,4
368.416492166525,7
368.454693140396,3
369.371016500538,4
369.384416842157,4
369.510920067147,3
369.567221502459,5
369.602622404946,4
369.627423037197,4
369.706125043574,4
369.738275863205,4
369.742675975379,4
369.750276169133,4
374.504697375205,2
374.63935080797,1
375.364369291112,7
375.470672001123,3
376.078837505293,2
376.803105969314,3
378.033087325646,7
378.295494015269,4
378.304544245989,4
378.342995226233,7
378.517049663462,2
378.5731010924,2
378.579151246639,2
378.642552862957,2
378.647802996801,2
378.677703759071,2
378.696304233259,2
378.700204332686,2
378.703254410443,2
378.727705033771,2
378.732455154867,2
378.737855292535,2
378.769456098145,7
378.852758221794,2
378.858558369659,2
379.011312263866,7
379.428772906332,4
379.434673056746,4
379.79338220144,4
379.798132322536,4
379.801482407941,4
379.817882826043,2
379.830033135795,2
379.883384495899,5
379.888784633566,5
379.892584730444,4
379.904135024899,4
379.996487379269,4
380.035538374809,4
380.078339465952,4
380.09778996181,4
380.10439013007,4
380.37474702237,5
380.383497245443,5
380.750656605561,3
380.760406854127,4
381.313270948479,4
381.59097802816,2
381.59587815308,2
381.616228671883,2
381.667879988647,2
381.671280075327,3
381.763232419499,2
381.775682736899,2
381.784282956148,2
381.792983177945,4
381.796233260801,4
381.825434005225,2
381.865335022435,7
381.880585411219,2
381.925636559723,2
381.930786691017,2
381.938286882222,2
381.982988021803,2
382.024489079804,2
382.030539234042,2
382.126191672542,2
382.133641862473,2
382.143942125061,2
382.160592549536,2
382.268695305436,2
382.7239069103,4
382.727907012276,4
382.731457102779,4
382.74720750431,4
382.750457587165,4
382.902861472449,4
383.444475279993,5
383.7011818243,5
383.738182767578,7
383.806384506268,4
383.858885844702,2
384.033940307425,4
384.237345492903,4
384.253195896982,4
384.258446030826,4
384.355248498644,4
384.416750066524,2
384.816310252647,2
384.830210607014,2
384.991714724293,4
385.049216190197,4
385.056366372479,4
385.174819392242,4
385.297822528003,4
386.591605510851,3
387.992491224106,7
388.091843756933,7
388.767910992145,4
388.806411973663,4
388.883363935426,4
389.339975575981,3
389.805487443433,3
389.881289375877,3
390.106095106926,7
391.050619185998,4
391.177022408439,3
391.416828521897,4
391.518881123559,7
391.547531853961,4
391.701135769838,3
391.738386719489,4
391.751837062383,4
391.758687237017,4
391.845389447346,3
391.990693151623,4
392.342702125507,7
392.403303670443,2
392.611458977016,2
392.616759112134,2
393.226924667292,4
393.235124876343,2
393.264475624591,3
393.446930275969,4
393.45353044423,4
393.556483068836,4
393.570533427026,4
393.577283599111,4
393.587883869347,4
393.651785498413,4
393.654985579994,4
393.658535670497,4
393.67143599937,4
393.818889758459,2
393.931592631631,6
394.445255726618,2
394.516907553263,2
394.528307843894,2
394.533207968815,2
394.537658082263,2
394.667561393932,3
395.064471512496,7
395.072921727921,5
395.351128820348,7
395.689187438591,2
395.901042839493,2
397.547434811521,4
397.557435066461,4
398.42775725388,7
398.839467749755,7
398.908619512665,4
398.912319606992,4
399.002021893803,4
399.511234875342,7
399.538785577702,3
399.6887894018,2
399.693739527995,2
399.736690622962,4
399.745890857507,4
399.827442936542,4
399.947796004743,4
399.994847204235,2
402.045499482209,4
402.911871568926,4
403.165378031652,4
403.174778271296,4
403.191428695771,2
403.203379000424,2
403.385433641605,2
403.46273561229,2
403.555487976858,2
403.627039800953,2
403.633539966663,2
403.665040769724,2
403.698141613575,2
403.702991737221,2
404.155853282174,4
404.161503426215,4
404.491811846879,2
404.517162493152,2
404.554613447902,7
404.560563599591,2
404.572513904244,4
404.577664035538,4
404.653715974356,2
404.662616201253,2
404.679116621904,2
404.684116749374,2
404.748068379714,2
404.778369152182,2
404.789019423693,2
404.810619974363,4
404.820920236951,4
404.87187153587,2
405.384584606638,4
405.464486643608,4
405.478386997974,4
405.493337379109,4
405.569239314103,4
405.581589628954,4
406.61041585717,2
406.71106842314,2
406.811870992934,3
406.877872675537,3
406.902623306513,3
406.984125384273,7
406.988825504095,3
406.99802573864,7
407.006025942592,3
407.092128137624,7
407.094628201359,2
407.121928897345,3
407.125528989123,2
407.158029817678,7
407.184380489445,3
407.225281532149,3
407.231031678739,3
407.266032571029,3
407.322784017813,7
407.412136295701,7
407.445687151024,3
407.507488726552,1
407.529239281047,3
407.563990166963,7
407.624991722096,3
407.713293973215,3
407.787695869968,3
407.961950312296,3
407.972700586356,3
408.179105848315,7
408.417511926082,7
409.239332877042,2
409.271683701773,2
409.289784163214,2
409.427887683934,2
409.433987839447,2
410.673369435423,3
410.700220119936,7
411.295335291409,2
412.256459793682,3
412.256959806429,2
412.309411143588,2
412.406813626703,2
413.352587737643,4
414.040655278782,7
415.058131217641,7
415.304787505733,2
415.372039220204,4
415.465691607716,2
415.810450396769,7
416.168559526166,3
416.513368316494,2
416.920878705294,7
417.007380910524,4
417.100133275092,4
417.144034394278,3
417.30843858549,4
418.154210147031,3
418.225261958379,7
418.483768548575,3
418.807826809902,2
418.886128806081,2
419.018132171288,4
419.113534603414,2
419.210137066134,3
419.302339416679,3
419.512244767868,2
419.532195276473,2
419.591446786992,2
419.642948099932,2
419.646598192985,2
420.058458692684,2
420.07085900881,2
420.117260191731,2
420.121660303904,2
420.129260497659,2
420.134460630228,2
420.152911100592,2
420.212012607286,2
420.215212688867,2
420.221212841831,2
420.700675064924,4
420.711625344083,4
420.717025481751,4
420.769226812537,2
420.79702752127,4
420.799877593928,4
420.824378218531,4
420.837478552502,2
420.877979585008,4
420.917330588197,4
420.920280663404,4
420.930230917069,5
420.960181680614,2
421.057084150982,2
421.095485129951,7
421.298090295033,3
421.507295628376,2
421.518495913908,2
421.670849797917,3
421.830603870582,2
421.834603972558,2
421.846054264464,2
422.585423113445,4
423.13268706503,5
424.146512910836,3
424.215864678845,4
424.219564773172,4
425.454146246776,4
425.566599113575,2
425.605150096369,4
425.667601688468,7
425.688702226391,3
425.707352701854,7
425.714502884136,3
425.740003534233,7
426.164864365354,7
426.222765841456,2
426.441521418266,2
427.176540156348,2
427.457647322708,7
428.808881770186,2
428.834132413909,2
428.840032564324,2
429.035587549674,2
429.27484364911,3
429.307044470017,2
429.316194703287,2
429.319244781044,2
429.324144905964,2
429.568151126497,5
429.646503123951,3
429.721855044923,5
430.312620105497,7
430.521225423544,3
430.713530326038,5
430.81378288181,5
431.034088498136,5
431.052238960852,4
431.146091353462,4
431.154691572711,4
431.17809216927,4
431.188792442056,4
431.224393349642,2
431.307495468192,4
431.313995633903,5
431.330646058378,4
431.405747972977,4
431.408248036712,4
431.420098338815,4
431.440198851245,4
431.449249081965,4
431.4517491457,4
431.503750471388,4
431.596752842329,4
431.600552939206,4
431.615653324165,4
431.621403470755,4
431.689955218368,4
431.694205326718,4
431.698155427419,4
431.702305533219,4
431.754106853808,4
432.565727544729,4
432.652779763981,5
432.668130155314,4
432.671480240718,4
432.789033237537,4
432.793633354809,4
432.801633558761,4
432.885185688784,4
432.889235792035,4
432.902986142577,4
432.913436408989,4
432.914686440857,3
432.91653648802,4
432.995138491848,4
433.010438881906,4
433.063090224165,4
433.065790292998,4
433.076890575982,4
433.090940934172,4
433.118091626334,4
433.120541688794,4
433.195393597019,4
433.198743682424,4
433.20529384941,4
433.208343927166,4
433.218344182106,4
433.228894451068,4
433.239694726403,4
433.377348235651,4
433.693306290476,3
433.939162558174,7
434.261120765963,5
434.4796263364,3
434.926187720741,4
434.938188026668,4
435.107442341526,3
435.119092638531,4
435.125442800418,4
435.177794135028,2
435.203394787674,2
435.213345041339,2
435.225595353641,2
435.275646629615,2
435.279696732866,2
435.283646833567,2
435.288646961037,2
435.29304707321,2
435.315097635353,2
435.319347743702,2
435.327047940006,2
435.346648439688,4
435.394049648103,2
435.400999825287,2
435.412650122292,2
435.624505523193,3
435.628455623894,3
435.720457969341,3
436.495927738655,2
436.502677910739,2
436.561129400863,2
436.578379840634,2
436.585230015268,2
436.599580381107,2
436.607480582509,2
436.612830718902,2
436.644581528336,2
436.659631912021,2
436.664682040766,2
436.670032177158,2
436.674782298255,2
436.705433079646,2
436.710083198193,2
436.84773670744,7
436.870587289978,2
436.8794375156,2
437.131693946458,3
437.162794739322,4
437.582155430226,3
439.054992977773,3
439.278598678229,3
439.835062864359,7
440.214322532954,2
440.221222708863,2
440.319925225119,7
440.345375873941,2
441.93601642468,7
442.068569803908,3
442.309825954333,4
442.422478826231,4
443.680560898944,4
444.132372417128,4
444.139672603234,4
444.144372723056,4
444.246975338739,4
444.259825666337,4
444.271525964616,4
444.283676274368,2
444.296876610889,2
444.381728774054,4
444.397079165387,4
444.89239179256,3
445.290951953189,4
445.301452220876,4
445.749663647281,2
446.112372893951,2
447.316353587439,5
447.354854568958,7
447.851667234371,2
447.939819481667,2
447.953669834758,2
448.002971091612,2
448.013421358024,2
448.024421638458,2
448.029521768477,2
448.034371892123,2
448.816691836071,4
448.835142306435,4
448.9158443638,4
448.942295038116,4
449.005046637864,4
449.012396825244,4
449.075148424992,4
450.308379864179,2
450.973096810034,2
451.065499165678,2
451.108650265744,2
451.18925232056,2
451.198952567851,2
451.20255265963,2
451.268504340958,4
451.273054456956,4
451.280904657084,2
451.284104738664,2
451.289654880156,2
451.297905090481,2
451.310405409156,2
451.314605516231,2
451.334256017188,2
451.401457730384,2
451.40545783236,2
451.426858377931,2
451.573762122998,4
451.581162311654,4
451.58421238941,4
452.150226819008,2
452.155576955401,2
452.160027068849,2
452.170627339086,2
452.177177506071,2
452.203728182937,4
452.233928952855,2
452.238729075226,2
452.260979642467,2
452.774342729807,3
452.831494186788,7
453.094500891707,3
453.285955772531,4
453.29285594844,4
453.469310446854,4
453.61896426203,4
453.77536824929,4
453.779668358914,4
453.784768488933,4
454.308081829937,4
454.31268194721,3
454.363683247403,4
454.36663332261,4
454.372383469201,4
454.378683629813,4
454.479486199607,4
454.484236320704,4
454.637590230207,4
454.913747270372,2
454.968398663618,4
454.987449149279,4
454.991899262727,4
455.148353251262,2
455.152303351963,2
455.193904412513,4
455.264156203466,2
455.449560930051,4
455.477911652806,3
455.761918893099,3
456.465236823021,2
456.47033695304,2
456.710143066499,4
456.724293427239,4
456.72994357128,4
456.833196203534,4
456.945649070333,4
457.031701264091,4
457.037401409407,4
457.046351637578,4
457.153354365435,4
457.221006090103,4
457.235856468689,4
457.251206860022,4
457.270457350781,4
457.29300792567,2
457.301008129622,2
457.460862204836,3
458.062377539471,4
458.067077659292,4
458.507238880472,2
458.635942161548,2
458.717744246956,2
458.746244973535,2
458.748695035995,4
458.807346531218,2
458.811696642117,2
458.879148361686,2
458.919349386544,2
458.956200325998,4
459.105004119504,2
459.123554592417,2
459.12805470714,2
459.135854905993,2
459.272408387197,4
459.284158686752,4
459.463163250176,4
459.466313330482,4
459.469663415887,4
459.480163683573,4
459.563065797025,4
459.577616167963,4
459.581716272488,4
459.589516471341,4
459.595316619206,4
459.608166946804,3
459.636967681031,2
459.640717776633,2
459.680968802766,4
459.683218860128,4
459.730770072367,4
459.762970893274,4
459.769721065358,4
459.784621445218,4
459.788821552293,4
459.80177188244,4
459.84507298633,4
459.859273348345,4
459.861873414629,4
459.864623484737,3
459.870273628779,4
459.878573840379,4
459.885474016287,4
459.951275693792,4
459.954575777922,4
459.957975864601,4
459.971926220243,4
459.977476361734,4
460.158430974871,2
460.162931089594,2
460.170881292272,2
460.199432020125,2
460.242833126564,2
460.568291423583,2
460.588241932188,2
460.702144835953,2
460.707094962148,2
460.763546401284,2
460.873099194151,2
460.916750306963,4
460.941950949412,2
460.947151081981,2
460.95555129613,2
461.377762059692,4
462.209483263043,2
462.309435811167,5
462.352886918881,7
462.495190546675,3
463.355312474055,3
463.92022687561,4
464.262185593279,2
464.323537157335,3
464.429189850775,2
464.491291433952,3
464.560293193037,2
464.962553447994,5
465.09050670995,3
466.632946031879,2
467.875277703061,3
468.267137692881,4
468.618196642545,2
468.69399857499,3
468.868953035163,4
468.904203933826,4
468.910704099537,2
469.171110738172,2
469.322464596687,7
469.393916418233,2
469.907729517044,4
469.916029728644,4
469.935080214305,4
470.01068214165,4
470.06643356294,4
470.080083910933,4
470.087884109786,4
470.091584204114,4
470.162986024385,4
470.165786095768,4
470.16953619137,4
470.180836479452,4
470.186136614571,4
470.244138093222,2
470.291489300362,4
470.461743640714,7
470.712600035881,2
470.779351737605,4
470.789601998918,4
470.798352221991,7
470.939505820467,2
471.163511531121,4
471.17701187529,4
471.261014016785,4
471.266014144255,4
471.376716966439,4
471.386367212456,4
471.396367467396,4
471.466069244327,2
471.474019447004,4
471.482019650956,4
471.496170011696,7
471.586072303606,4
471.61452302891,4
471.642323737643,4
471.64772387531,4
471.653024010428,4
471.677824642679,2
471.996632770163,3
472.016133267296,7
472.27993999261,3
472.389242779103,2
472.43709399899,5
472.512645925061,2
472.635499056998,3
472.680050192755,2
472.682950266687,4
472.835154146873,2
472.879955289003,2
472.918156262874,4
472.923556400541,4
472.954657193404,3
473.094410756189,7
473.140761937836,4
473.217913904697,2
473.231514251415,2
473.265165109288,4
473.316816426052,4
473.58257320108,2
474.096086292243,3
475.244165560617,3
475.318667459919,4
475.326317654948,4
475.330817769671,4
475.423270126591,4
475.505772229845,2
475.515822486059,4
475.523322677264,4
475.528772816206,4
475.53072286592,3
475.534272956423,4
475.656826080712,2
475.840530763958,2
475.849831001052,2
475.969384048858,2
475.986234478432,2
475.989534562562,2
476.100087380922,2
476.162338967923,4
476.363144087116,3
477.059911850053,2
477.069062083323,2
477.110763146422,2
477.118263337627,2
477.123713476569,2
477.130413647379,2
477.138863862803,2
477.163964502702,2
477.171014682435,2
477.180764931001,2
477.202865494419,2
477.241766486135,2
477.246166598308,2
477.262267008762,2
477.27086722801,2
477.288117667781,2
477.304568087157,2
477.365219633368,2
477.368619720047,2
477.373769851341,2
477.394020367595,2
477.400420530756,2
478.505248696515,7
478.516448982048,3
478.556099992884,3
478.772455508509,3
478.828306932348,3
478.835257109531,3
478.856007638532,3
478.893908604754,3
478.921459307113,3
479.513474399555,7
479.536524987191,3
479.629877367055,3
479.648477841243,3
479.828382427612,7
479.947435462671,7
479.947935475418,5
480.049688069432,5
480.259543419345,3
480.285644084738,7
480.856008625235,3
480.94246082919,7
481.108215054819,7
481.130315618236,3
481.145516005745,3
482.182342437912,2
482.21934338119,3
482.29499530981,3
482.461649558383,3
482.518701012815,2
482.544801678209,3
483.456024908331,3
483.781283200251,2
484.12994208873,7
484.165693000141,2
484.368648174146,2
485.310372181835,2
485.971439034636,2
485.974339108569,2
486.058141244965,2
486.064341403028,2
486.0689415203,2
486.482352059515,4
486.488752222677,4
486.930613487196,5
487.006015409443,2
487.091367585355,7
487.207970557954,2
487.210670626787,4
487.217220793773,4
487.413825805891,3
487.427876164082,7
487.515028385883,3
487.519878509529,7
487.532828839676,3
487.54467914178,7
487.548279233558,3
487.561979582826,7
487.711033382705,3
487.774985013045,2
487.778435101,3
487.793835493607,2
488.003440837147,2
488.00719093275,2
488.101243330459,3
488.117493744737,2
488.278597851818,3
488.318798876677,3
488.83231196784,3
489.016816671481,4
489.149770060907,7
489.707884289102,3
489.74308518649,2
489.773335957683,2
489.785336263611,2
489.840387667055,2
489.865188299306,2
489.915089571456,4
490.04759294941,3
490.380951447831,6
490.426352605258,3
490.674908941789,2
490.707809780541,4
490.722460154028,4
491.303724972409,2
491.389877168717,2
491.4009774517,2
491.407877627608,2
491.439128424295,2
491.449628691982,2
491.454028804156,2
491.472429273245,2
491.491429757631,2
491.500779996,2
491.623233117739,4
492.608308230593,3
493.124321385491,7
493.723636664038,3
494.38725358185,2
495.146222930512,2
495.477981388143,2
495.496631863606,3
496.097247175296,2
496.10324732826,2
496.289652080339,3
496.325903004496,2
496.381754428336,2
496.401254925468,2
496.418355361416,3
496.455206300869,3
496.511807743829,2
496.915618038302,2
497.220825819067,2
497.26447693188,2
497.273377158776,7
497.535533842025,2
497.540833977144,2
497.546234114811,2
497.883392710109,4
498.024746313685,2
498.285502961242,2
498.309603575648,2
498.660762527862,2
498.667962711418,2
498.668362721616,3
498.75671497401,7
498.78246563048,7
499.071923009715,7
499.226276944712,2
499.233477128269,2
499.297578762434,7
500.42705755662,3
500.449058117487,3
500.465508536864,3
500.475158782881,4
500.494109265992,2
500.516309831958,7
500.645963137254,3
500.729815274925,4
500.834267937772,7
500.862068646505,7
500.945170765055,2
500.948670854284,2
501.116075121978,3
501.565636582801,2
501.638688445137,3
501.685389635706,2
501.975147022589,2
502.622413523574,2
502.729016241233,2
502.733166347033,2
502.740966545886,2
502.745716666982,2
502.75941701625,2
502.765367167939,2
502.769917283937,2
502.821068587954,2
502.823918660612,2
502.833918915552,2
502.837319002232,2
502.845469210008,2
502.855819473871,2
502.895570487257,2
502.900670617276,2
502.954621992677,2
502.960622145641,2
502.969822380185,2
502.976172542072,2
502.996423058325,2
503.004123254629,2
503.014923529964,2
503.018623624292,2
503.024023761959,2
503.04052418261,2
503.073675027736,2
503.079425174326,2
503.087175371905,2
503.093725538891,2
503.113226036023,2
503.12297628459,2
503.13042647452,2
503.148676939785,2
503.173877582234,5
503.182127792559,2
503.185627881788,2
503.200128251451,2
503.207028427359,2
503.224428870955,2
503.351832118889,2
503.356282232337,2
503.817343986341,5
504.471560664508,2
504.873420909268,7
505.276981197367,2
505.287831473977,2
505.288381487999,7
505.326182451671,2
505.422284901644,2
505.530337656269,2
505.534687767168,4
505.601989482914,2
505.628040147032,2
505.764343621863,2
505.764393623137,4
505.815944937352,2
505.823395127283,2
505.83209534908,2
505.851795851312,2
505.860596075659,2
505.860696078208,4
505.912197391149,2
505.920847611672,2
505.928147797778,2
505.934947971137,2
505.944498214605,2
505.95019835992,2
506.064851282806,2
506.081801714929,4
506.087951871717,4
506.118402648009,2
506.157303639726,2
506.179254199319,2
506.183254301295,2
506.217405171914,4
506.224005340175,4
506.228405452348,4
506.232655560698,4
506.236255652476,2
506.242355807989,4
506.244055851329,2
506.251506041259,2
506.257556195498,2
506.262706326792,2
506.273806609775,4
506.332008093525,4
506.333308126668,2
506.338708264335,2
506.34290837141,4
506.354658670964,4
506.357858752545,4
506.359158785687,2
506.36290888129,4
506.406759999201,4
506.472261669057,2
506.578414375244,4
507.403985421807,5
507.648341651263,5
507.860197052165,4
507.934798954016,4
507.991650403349,3
508.268257454987,3
508.341509322421,7
509.765345620763,4
510.046602790947,2
510.491414130674,2
510.494964221177,2
510.501664391987,2
510.602716968155,2
510.833172843244,2
510.85047328429,2
510.868323739358,2
510.93197536205,2
510.936175469125,2
510.95112585026,2
511.119180134525,3
511.438038263283,7
512.333861100799,4
512.353761608129,4
512.364061870717,4
512.40356287773,4
512.406462951662,4
512.428163504882,4
512.44506393573,4
512.447814005839,4
512.453614153704,4
512.457314248032,4
512.469414556509,4
512.476214729868,4
512.481914875184,4
512.543166436691,4
512.546166513173,4
512.549316593479,4
512.552966686532,4
512.557716807628,4
512.572617187489,4
512.770922242947,7
513.091380412495,3
513.14218170759,2
513.352087058778,7
513.953202383215,2
514.007703772637,3
514.067755303552,7
514.348262454615,2
514.402963849137,4
514.412214084956,4
514.608719094525,2
514.627269567438,2
514.670720675152,4
514.702871494784,3
514.752922770758,4
514.809024200971,2
514.857775443803,4
514.866125656677,4
514.877725952408,4
515.077381042283,4
515.428339989398,2
515.951053315106,3
516.21325999963,7
516.326112876627,3
516.382464313213,3
516.446065934631,3
516.537468264781,3
516.603369944835,3
516.623470457264,7
516.736823347008,3
516.819125445163,3
516.847776175566,3
516.912977837774,7
516.925178148801,7
517.080882118215,3
517.091032376979,3
517.144433738358,3
517.187684840973,3
517.212835482147,2
517.245386311976,3
517.329188448372,2
517.385839892607,3
517.446791446465,3
517.528593531874,3
517.565994485349,2
517.569444573303,2
517.579294824419,2
517.611395642776,3
517.637046296697,2
517.641746416518,2
517.723498500652,2
517.728448626847,2
517.758199385293,3
517.801800496831,2
517.813350791287,2
517.821050987591,3
517.824751081918,2
517.831701259102,2
517.838851441384,2
517.880902513406,2
517.897102926408,2
517.950004275041,2
517.959104507036,2
517.996555461786,2
518.002755619848,2
518.008555767714,2
518.048956797671,2
518.056056978678,2
518.112608420363,2
518.118058559305,2
518.124758730115,2
518.129908861409,2
518.148159326674,2
518.167959831455,2
518.173659976771,2
518.438266722481,2
518.44421687417,2
518.450667038606,2
518.552019622422,2
518.977030457367,4
519.091183367506,4
519.099883589304,4
522.540371298823,3
523.517096198802,7
523.696700777523,4
524.665125465901,3
524.725377001914,3
524.776478304657,3
524.797178832383,3
524.80587905418,3
524.851180209058,3
524.914381820278,3
524.929532206512,3
524.943532563428,3
524.954432841312,3
526.183014161953,2
526.500072244822,7
526.783729476192,4
526.809580135211,3
527.014285353831,5
527.031135783405,5
527.218590562253,7
527.407495378067,2
527.460046717776,3
527.554349121859,2
527.712503153734,2
527.720753364059,2
527.726253504276,2
527.788655095101,2
527.84545654316,4
527.901407969548,2
528.055361894348,2
528.17061483253,3
528.350719423998,2
528.492223031397,2
528.604425891823,7
528.643076877165,3
528.651627095139,3
528.949434687249,4
529.756755268546,3
529.948110146821,3
530.010611740195,3
530.174915928857,3
530.241467625483,3
530.242167643328,2
530.388271368,3
530.756380752337,2
530.802231921237,3
530.83993288236,3
530.866083549028,3
531.166591209972,3
531.631153053204,3
531.640653295397,7
531.651253565633,3
531.813107691835,3
531.86230894614,3
531.90381000414,3
532.33227092704,3
532.366121790011,2
532.493275031572,2
532.565026860766,3
532.582377303086,7
532.594727617937,3
532.603127832087,2
532.609527995248,2
532.645078901559,2
532.754631694426,2
532.772882159691,2
532.784582457971,2
532.80478297295,2
532.898535363011,2
533.626103911163,2
533.657704716773,2
533.888110590588,2
534.313521435731,2
534.328721823239,2
534.351772410876,2
534.362172676013,2
534.444874784366,2
534.452224971747,2
534.490725953265,2
534.613629086477,2
534.632079556841,2
535.082341035509,3
535.531402483585,2
535.807309517377,4
536.216969960989,3
536.262421119691,4
536.513277514858,3
536.561078733471,2
536.564378817601,2
536.568528923401,7
536.602479788922,3
536.62278030645,3
536.689732013272,7
537.3090478017,7
537.360049101893,7
537.377749553137,3
537.453801491955,7
537.489452400815,3
537.640306246584,3
537.885712502808,5
538.708283472889,2
538.792085609285,2
539.523604258138,2
539.622106769296,3
539.81951180181,5
539.840062325711,2
539.911964158729,2
540.325424699219,2
540.371375870667,7
540.539880166404,3
540.929290093764,2
540.946990545007,2
540.99234170116,2
541.212497313661,3
541.219647495943,7
541.417502539929,3
541.441103141587,3
541.476204036426,4
542.031818200887,2
542.095069813381,7
542.199572477503,4
542.310575307336,3
542.325425685922,7
542.574282030101,4
543.009143116162,5
543.192097780287,5
543.503155710192,4
543.514656003373,2
543.633159024411,5
544.201623516469,2
544.249424735082,2
544.261475042284,2
544.439179572566,2
544.566932829423,4
544.871440592343,4
544.885940962006,4
545.476356013657,3
545.552657958848,2
545.644510300471,3
545.747912936549,2
545.849415524189,3
545.963118422856,3
546.119722415214,2
546.175773844152,2
546.194024309418,3
546.240175485965,2
546.450830856274,2
546.476581512744,2
546.478381558634,7
546.48058161472,2
546.597634598792,2
546.634035526773,2
546.674236551631,2
546.677186626839,2
546.688186907272,2
546.705637352143,2
546.799489744753,2
546.845340913653,2
546.848841002882,2
546.85329111633,2
546.860941311359,2
546.88244185948,2
546.888842022641,2
546.901992357887,2
546.906842481533,4
546.941993377647,2
546.946343488546,2
546.956743753683,2
546.963293920669,2
546.969344074907,2
546.975144222773,3
546.976144248266,2
547.002844928956,2
547.020045367453,7
547.065896536352,3
547.072996717359,2
547.077746838456,2
547.077996844829,7
547.085047024562,2
547.090447162229,2
547.207950157773,3
547.33485339296,5
547.435405956381,2
547.501057630061,4
547.506657772828,4
547.509857854408,4
547.549058853773,5
547.560009132932,4
547.584309752436,2
547.599510139945,2
547.604710272513,2
547.622210718658,2
547.638411131661,2
547.643661265504,2
547.652461489851,2
547.66096170655,2
547.665811830196,2
547.68341227889,2
547.690612462447,2
547.774614603942,2
547.779964740335,2
547.903617892667,2
547.908418015038,2
547.916068210067,2
547.93461868298,2
548.027271044998,2
548.036421278268,2
548.080222394905,2
548.57513501188,5
548.998295799661,5
549.020496365628,4
549.030396618019,2
549.15489979202,7
549.192550751869,2
549.216351358626,2
549.339654502035,2
549.34535464735,2
549.416806468896,2
549.443807157234,2
549.595911034869,2
549.652012465082,2
549.814166598932,5
550.010271598304,3
550.139974904874,3
550.170675687539,7
550.783591312805,4
551.506059730938,5
551.94987104517,3
552.510935348572,3
554.733292003864,3
554.875995641856,3
554.951097556455,3
555.124851986035,4
555.131702160669,4
555.96087329901,3
557.241005933865,4
557.35085873438,7
557.578464536812,2
557.889722471816,2
558.324283550229,2
558.607840779049,4
558.641991649669,2
558.726343800087,3
558.729343876569,2
558.734544009138,2
558.768394872109,2
558.773094991931,2
558.788045373066,2
558.839496684732,2
558.846046851717,2
558.850996977913,2
558.869197441903,2
558.893448060133,2
558.910998507552,3
558.964849880403,2
558.972250069059,2
558.981800312526,2
558.991450558543,2
559.014251139806,2
559.016351193344,3
559.020151290221,2
559.103753421518,7
559.11760377461,3
559.657167529892,3
559.66576774914,3
559.818071631875,4
560.041227320858,4
560.048327501866,4
560.121029355279,4
560.168230558595,4
560.171330637626,4
560.185380995817,4
560.1881810672,4
560.211881671407,4
560.214181730044,4
560.216931800152,4
560.220931902128,4
560.227832078037,4
560.232532197858,4
560.261682941008,4
560.363235529923,4
560.418136929543,4
560.420786997102,4
560.42363706976,4
560.444487601309,4
560.447537679066,4
560.451237773394,4
560.456137898314,4
560.477738448984,4
560.568140753641,4
560.571340835222,4
560.863148274368,7
561.223107450929,7
561.229957625563,3
561.609117291609,7
561.983376832734,3
562.033678115082,3
563.09795524706,3
563.69422044785,2
563.739021589981,4
563.995978140662,4
564.002628310197,4
564.192183142582,2
564.192383147681,4
564.195433225438,4
564.197783285348,4
564.227584045069,4
564.237584300009,4
564.250834637805,4
564.25333470154,4
564.257334803516,4
564.28813558873,4
564.293485725123,4
564.29653580288,4
564.300185895933,4
564.304235999184,5
564.326636570249,4
564.328836626336,4
564.331786701543,4
564.340736929714,4
564.347237095425,4
564.358637386057,4
564.361637462539,4
564.368687642271,4
564.372987751895,4
564.384038033604,4
564.390288192941,4
564.395938336982,4
564.400688458079,4
564.414888820094,4
564.41708887618,4
564.426139106901,4
564.43368929938,5
564.437989409005,4
564.441189490585,4
564.446689630802,4
564.458239925258,4
564.461790015762,4
564.468190178923,4
564.474140330612,4
564.488040684979,4
564.491790780581,4
564.496090890205,4
564.503541080136,4
564.509791239473,4
564.517591438326,4
564.522291558148,4
564.535541895943,4
564.54604216363,4
564.550342273254,4
564.560742538392,4
564.564892644192,4
564.57104280098,4
564.58019303425,4
564.583393115831,4
564.597393472746,4
564.603943639732,4
564.622444111371,4
564.626644218446,4
564.629644294928,4
564.636944481034,4
564.647894760193,4
564.695145964784,4
564.701946138143,4
564.71244640583,4
564.717846543497,4
564.726996776767,4
564.749497350382,4
564.760547632091,4
564.796598551149,4
564.798848608511,4
564.838549620622,4
564.912201498254,4
564.919751690734,4
564.942602273272,4
564.949202441532,4
564.963252799722,4
564.967402905522,4
565.111956590678,4
565.163757911267,4
565.537967451118,2
565.622169597712,3
565.642020103767,4
565.716221995421,7
565.760823132453,3
565.87037592532,4
565.872425977582,2
565.874376027296,4
566.000429240813,7
566.007179412897,3
566.039880246551,3
566.059180738585,7
566.070281021568,3
566.103681873067,2
566.130232549933,3
566.140482811246,2
566.142932873706,3
566.14563294254,2
566.168583527627,3
566.202834400796,7
566.241435384864,2
566.456040855874,3
566.643195627074,2
566.657395989089,7
566.749148328163,2
566.775699005028,7
566.82690031032,3
567.001254755197,6
567.004004825306,3
567.363763996768,7
567.409265156744,3
567.568719221761,4
567.575119384923,4
567.689522301435,4
567.698522530881,4
567.805375254914,4
567.813725467788,4
567.840226143379,4
568.072682069457,5
568.541094010841,3
568.589395242201,3
568.856952063118,2
569.142809350574,4
569.150009534131,4
569.478917919104,2
569.48046795862,4
569.494218309162,4
569.730624335941,7
569.827276799935,4
569.83892709694,4
569.85477750102,4
569.950629944619,4
570.075633131367,4
570.081183272859,4
570.114884132006,4
570.332089669301,2
570.542195025588,7
570.566145636169,3
571.06345831433,2
571.144360376793,2
571.165110905793,3
571.288064040279,2
571.29796429267,2
571.449018143537,4
571.477468868841,4
571.491219219383,3
571.522920027543,4
571.536170365338,4
571.54332054762,4
571.623022579491,5
571.625622645775,4
571.634672876496,4
571.645523153106,3
571.653773363431,4
571.656823441188,4
571.65887349345,3
571.665973674458,4
571.673273860564,5
571.686124188162,3
571.756725988037,4
571.764326181792,4
571.767426260823,5
571.867178803848,4
571.872328935142,4
572.70200008623,4
572.829053325242,2
572.936456063296,4
572.971156947937,2
573.026108348832,4
573.053759053741,4
573.074409580192,4
573.140061253872,4
573.146061406836,4
573.160911785422,4
573.309465572554,2
573.473869763766,2
573.953481990683,2
574.174937636327,2
574.188337977946,2
574.249739543277,2
574.25753974213,2
574.275440198473,2
574.279940313195,2
574.334741710266,2
574.341791889999,2
574.363492443218,2
574.366342515876,2
574.370842630599,2
574.387143046151,2
574.509096155143,4
574.520596448324,4
574.528096639529,4
574.620398992624,4
574.716101432399,2
574.746802215064,2
574.998358628077,4
575.012708993916,4
575.025259313865,4
575.033059512718,4
575.12266179698,5
575.13011198691,5
575.144812361672,4
575.146112394814,3
575.332917157091,4
575.338067288385,4
575.363517937207,4
575.373618194696,4
575.421369412034,4
575.524272035366,7
575.715926921289,4
575.931232410145,3
575.9927839793,7
576.142787803398,4
576.236840201108,4
576.326442485369,4
576.343642923866,4
576.535797822536,4
577.159413720587,3
577.620375472041,2
577.696277407035,7
578.010785424895,2
578.397945294892,5
578.405545488647,4
580.768405725844,7
580.897309012019,2
581.011711928531,4
581.447573040086,4
581.455173233841,4
581.458923329443,4
581.469273593306,4
581.575276295669,4
581.57762635558,4
581.584426528939,4
581.589026646211,4
581.781431551255,4
581.795081899247,4
581.867583747562,4
581.894134424427,4
581.900434585039,4
581.90438468574,4
581.929785333288,4
582.027937835523,3
582.138640657707,4
582.149890944515,4
582.152641014623,4
582.169691449296,4
582.224792854014,4
582.261993802391,4
582.29954475969,6
582.37934679411,4
582.951061369024,2
583.321520813272,2
584.27514512434,2
585.391073573082,7
585.633629756649,4
585.63937990324,4
585.64683009317,4
585.661430465382,4
585.690931217455,7
586.004739217469,4
586.019189585857,3
586.979814075382,4
587.000764609482,4
587.323522837666,7
587.33622316144,3
591.171270929613,2
591.17422100482,2
591.205221795134,2
591.241772726939,2
591.246622850585,2
591.262523255939,2
591.266823365564,2
591.47117857526,2
591.484028902858,2
591.823637560617,3
591.861488525564,7
591.915889912437,3
592.002442118942,4
592.008542274455,4
592.109794855721,4
592.153245963435,3
592.286949371982,6
592.589357081364,3
593.05671899598,5
593.193622486107,4
593.295575085219,4
593.304375309566,4
593.62063337204,3
593.637733807987,3
593.775287314685,7
593.924341114564,2
594.188047837329,2
594.36510235104,2
594.381002756394,2
594.427653945689,3
594.456904691388,7
594.565257453662,7
594.717661338946,4
594.824514062978,4
594.936216910657,4
594.956417425636,4
594.961267549282,4
594.979368010723,4
594.988118233795,4
594.994218389308,4
595.081170606011,4
595.09552097185,2
595.127771794031,5
595.145772252922,4
595.15042237147,4
595.154272469621,4
595.156972538455,7
595.217924092314,4
595.256175067459,4
595.261325198753,4
595.276125576064,4
595.291625971221,4
595.29927616625,4
595.441229785121,2
595.830789716305,3
595.87074073479,2
595.874840839315,2
595.886591138869,2
595.894591342821,2
595.905791628354,2
595.976243424406,7
596.0477952485,7
596.187448808736,4
596.218549601599,3
596.228949866736,3
596.24580029631,7
596.297051602877,2
596.320752207085,3
596.654860724626,4
596.724962511755,7
596.978618978305,3
597.001819569766,4
597.004969650072,4
597.009369762245,4
597.112922402148,2
597.115722473531,4
597.117572520695,2
597.603184900576,4
597.631785629704,3
597.647436028685,3
597.664036451885,3
598.136548497795,7
598.590860079714,2
598.597760255623,2
598.637711274108,2
598.662661910183,4
598.668962070795,4
598.683312436634,2
598.702362922294,2
598.707563054863,2
598.713463205277,2
599.068922267116,2
599.07822250421,2
599.126373731745,3
599.583035373575,2
599.60063582227,2
599.789590639359,7
599.905493594112,2
599.927544156254,7
600.002996079776,3
600.039247003933,7
600.206051256331,3
600.250502389538,2
600.273852984823,2
600.434257074059,5
600.500508763035,7
600.664912954247,5
600.766715549535,3
601.074423394036,4
601.11192435006,4
601.273228462241,4
601.275678524701,4
601.380731202845,4
601.840742930079,3
602.199252069674,2
602.220952622894,2
602.224602715947,2
602.229452839593,2
602.265653762475,2
602.271253905242,2
602.287354315695,2
602.33060541831,2
602.356806086252,4
602.399507174846,2
602.761766410043,2
603.303780227785,3
603.31373048145,2
603.337781094581,2
603.349631396685,2
603.370631932058,2
603.503885329132,7
603.528135947362,3
603.932596258406,4
603.939146425391,5
605.035624378275,2
605.049274726268,2
605.052024796377,3
605.071625296059,7
605.439334670199,7
605.707091496214,3
605.793893709092,3
606.08050101567,7
606.140252538935,3
606.267055771573,2
606.5911140329,3
606.636265183954,3
606.716517229847,4
606.744417941129,2
607.353033456771,4
607.359633625031,4
607.484786815603,3
607.577389176347,2
607.631090545374,2
607.654491141933,2
607.664941408346,2
607.674641655637,2
607.689942045695,2
607.701492340151,2
607.765593974316,2
607.768694053347,2
607.845396008736,2
607.848896097965,2
607.853396212688,2
607.974199292362,2
607.985499580444,2
607.989049670947,2
607.997849895295,2
608.001049976875,2
608.056301385418,3
608.069001709192,2
608.073151814992,2
608.080652006197,2
608.096452409002,2
608.099702491857,2
608.152053826468,4
608.195304929083,2
608.203805145782,2
608.210605319141,2
608.314707973065,3
608.410760421763,2
608.623415843059,3
608.763969426239,7
608.799120322353,3
608.847271549889,7
608.865022002407,2
609.108828217842,5
609.340834132447,2
609.371334910014,5
609.446336822063,2
609.464937296251,2
609.603490828443,7
609.614591111426,2
609.625441388036,2
609.630491516781,3
609.646791932333,3
609.755644707354,3
609.768495034951,2
609.780895351077,2
609.911548681866,3
610.024551562687,3
610.045452095512,2
610.098053436495,2
610.22695672267,7
610.594216085338,3
610.727319478588,5
610.922074443542,3
611.026477105115,7
611.115079363882,3
611.314884457581,7
611.361735651974,3
611.405986780083,7
611.608841951539,2
611.637442680667,2
611.708694497114,2
611.712244587618,2
611.724994912666,3
612.121805028681,3
612.162106056089,3
612.240458053543,3
612.257658492039,3
612.298909543666,3
612.334610453802,7
612.400612136405,3
612.507714866811,3
612.546315850879,3
612.782271866186,7
612.805872467844,3
612.812372633555,7
612.814372684543,2
612.820472840056,7
612.842273395825,7
612.8506236087,3
612.858023797355,7
612.98117693694,3
613.773147126905,2
614.918826334093,2
614.943776970168,2
615.062129987382,4
615.27363537936,4
615.282435603707,4
615.371337870123,4
615.490940919204,4
615.592943519591,7
615.873800679578,2
616.12875717927,2
616.183708580165,2
616.518317110454,4
616.529367392162,4
616.536567575719,4
616.558368131488,2
616.756973194594,4
616.767923473753,3
616.989229115573,5
617.053180745914,3
617.328837773332,3
617.553193492908,3
617.696247139823,2
617.899552322751,5
618.052956233529,7
618.695572615966,5
618.773274596849,3
619.248386709043,3
619.34303912205,7
620.733824577815,3
621.142184988285,7
621.2935388468,2
621.515544506466,4
621.889854048866,4
621.894854176336,4
622.456618497584,2
622.550570892744,2
622.60457226942,2
622.619122640357,2
622.699324684975,2
623.081834436426,7
623.31479037525,3
623.325440646762,3
623.410092804828,3
623.417943004955,7
623.43884353778,3
623.649648911913,4
623.729400945058,3
623.855404157301,2
623.884554900451,4
623.983657426905,4
624.00860806298,4
624.011358133088,4
624.100560407152,2
624.116310808683,4
624.177062357443,5
624.211963247183,4
624.217763395048,4
624.330216261847,4
624.335866405888,4
624.338916483645,4
625.051334645562,3
625.08588552638,2
625.315091369602,2
625.530546862282,5
625.944957426991,5
625.98825853088,5
626.06326044293,5
627.040235349282,4
627.745253322544,4
628.565274227615,3
629.538349034541,7
629.555699476862,7
630.625476749057,7
631.483248616526,3
631.521449590396,3
631.566900749098,7
631.611451884855,4
632.114614712155,3
632.129565093291,4
632.223567489725,4
632.229817649063,4
632.234867777808,4
632.242117962639,4
632.244818031473,4
632.330420213758,4
632.336570370546,4
632.34087048017,3
632.347170640783,4
632.348120665002,2
632.411672285145,4
632.420822518415,4
632.426022650984,4
632.431722796299,4
632.444623125172,4
632.4856741717,4
632.489124259654,4
632.491974332312,4
632.49652444831,4
632.5979270334,3
632.782431737041,2
632.905684879175,2
633.006537450244,2
633.033738143681,2
633.068989042344,7
633.077539260317,2
633.118490304296,4
633.563951660594,4
633.570201819931,5
633.623103168563,2
633.644653717958,3
633.674954490426,4
633.697905075513,4
633.714855507637,5
633.790257429883,4
633.841658740274,4
633.867109389096,5
633.904910352769,4
633.918910709685,4
633.946211405671,5
633.953411589228,4
634.015713177503,4
634.106815500005,4
634.171367145642,5
634.231018666359,5
634.564077157132,2
634.581277595629,7
634.594577934699,5
634.708080828266,4
634.745181774093,3
634.816183584167,2
634.838284147584,2
634.912886049435,7
634.933436573337,3
635.030039036056,2
635.079990309481,4
635.108641039884,3
635.205093498779,4
635.210543637721,4
635.305196050727,7
635.313646266151,3
635.337796881831,3
635.463300081327,5
635.858210148903,3
635.91936170786,7
635.933912078798,3
635.955912639666,2
635.974413111304,3
635.986863428705,4
636.081865850634,3
636.082315862106,4
636.963838335057,7
637.410199714299,3
637.418999938646,3
637.437500410285,3
637.644955699013,7
637.688206801628,7
637.856611094816,3
637.872461498895,3
638.02731544664,3
638.104017402029,3
638.174519199355,3
638.191419630203,3
638.273771729633,3
638.306872573484,3
638.353623765328,4
638.474226839903,2
638.579979535893,2
638.832485973125,2
639.009340481737,5
639.075842177087,2
639.098792762174,2
639.193095166257,2
639.30494801776,2
639.429701198135,2
639.512753315411,5
639.615405932369,2
639.648306771121,2
639.765059747544,3
639.830261409752,7
639.968264927923,2
639.985765374067,4
640.581130551914,3
640.687033251727,3
640.776735538538,2
640.860937685132,4
640.870087918402,4
640.930539459514,3
640.952640022931,4
642.358825871303,4
642.360575915918,3
642.584331620198,4
642.770436364629,2
642.77948659535,2
642.784886733017,2
642.884939283691,2
643.000942240993,2
643.006592385035,2
643.1953971983,2
643.21944781143,2
643.725660716487,4
643.850763905785,7
643.869464382523,4
643.967916892406,3
643.997017634281,3
644.167171972083,7
644.20937304793,3
644.216723235311,7
644.295475242962,7
644.4015279466,7
644.512780782806,2
644.524231074712,2
644.535281356421,7
644.562382047308,2
644.594332861841,2
644.610883283766,2
644.619833511937,2
644.738486536799,2
644.743736670643,2
645.000793223873,2
645.004293313101,2
645.314251214963,3
645.608458715295,4
645.620609025047,3
645.639059495411,3
645.765262712752,3
645.944217274902,4
645.962017728695,4
646.053170052472,7
646.160422786702,7
646.289376074152,4
646.302726414497,5
646.317176782885,3
646.418929376898,5
646.425579546433,3
646.526232112403,7
646.86954086449,3
647.213949644619,3
647.298051788664,7
647.312602159601,5
647.523607538833,5
647.857866060199,2
647.894216986905,2
647.910067390985,2
647.922817716033,2
648.08397182439,2
648.148723475126,2
648.163473851162,2
648.294977203621,2
648.375679260986,2
648.432780716693,5
648.858741575858,2
649.295052698885,5
649.410105631968,2
649.729413772199,4
649.848566809808,4
649.973119985084,4
650.107323406378,4
650.11277354532,5
650.202075821933,5
650.23332661862,2
650.577585394926,2
650.583635549164,2
650.684738126607,2
650.806541231775,3
650.863642687481,5
650.866692765238,4
650.904943740383,4
650.910193874227,4
650.993946009348,4
651.011196449119,4
651.032947003614,4
651.090348466969,4
651.094498572769,4
651.118249178251,2
651.127549415345,2
651.134499592528,4
651.668263199945,2
651.775615936725,5
651.871518381598,5
651.930519885743,5
652.065123317234,2
652.087573889574,5
652.101074233743,5
652.58748663402,4
652.879044066792,4
652.957146057872,2
652.98169668375,3
653.349106050242,4
653.387107019013,5
653.562861499582,4
653.673864329414,7
653.709615240825,2
653.836668479836,4
653.849968818906,4
653.999622634081,3
654.26177931733,2
654.353731661503,5
654.735241387459,4
654.74929174565,4
654.820093550624,2
654.89239539384,3
654.898845558276,2
654.947846807482,4
654.952946937501,4
655.034049005063,2
655.041599197543,2
655.136201609274,7
655.207153418073,3
655.679265453785,4
655.833019373486,5
655.898171034419,4
655.90797128426,4
656.126276849598,3
656.145777346731,3
656.873045887234,4
656.893446407312,4
657.221954782087,4
657.229554975841,4
657.234505102037,4
657.480311368459,4
657.484061464061,4
657.489761609377,4
657.492761685859,4
657.617514866234,4
657.683766555211,3
657.873921402893,4
657.883621650185,3
657.92347266612,2
658.040975661664,2
658.082676724763,7
658.164128801249,3
658.415285204064,2
658.881097079164,7
659.581414932605,7
659.627166098954,3
659.689117678307,3
659.8982230091,3
659.991875396612,7
660.126278823004,7
660.259982231551,3
660.269832482667,7
660.380335299752,3
660.400585816005,7
660.40903603143,7
660.437986769481,3
660.46468745017,3
660.4721376401,3
660.524988987458,3
660.558239835133,3
660.580790410022,3
660.597740842145,3
660.613241237302,3
660.654042277457,7
660.671192714679,7
660.713043781602,3
660.736244373063,7
660.768645199068,3
660.808146206081,7
660.818646473768,3
660.834496877847,3
660.857847473132,3
660.880098040373,3
660.952899896336,3
661.030101864471,3
661.126654325916,3
661.370760548999,3
662.219982198494,3
662.250782983709,7
662.26228327689,3
662.26983346937,3
662.285183860702,3
662.293984085049,3
662.313534583457,3
662.325434886835,3
662.359785762554,3
662.465588459818,3
662.47763876702,3
662.490039083146,3
662.517439781681,3
662.52348993592,3
662.558290823111,3
662.60584203535,3
662.624942522285,3
662.642892979902,3
662.652093214447,7
662.708794659956,3
662.720844967159,7
662.750595725605,2
662.754745831405,3
662.766196123311,3
662.767696161552,2
662.769596209991,4
662.781996526116,3
662.882749094635,3
662.995551970357,3
663.036803021984,2
663.044353214464,4
663.059653604522,2
663.092704447098,3
663.116405051306,3
663.123655236137,7
663.145305788082,3
663.23880817177,3
663.280559236144,7
663.32541037955,3
663.384161877322,7
663.426212949344,3
663.465013938511,7
663.562316419076,2
663.683169500024,3
663.704170035398,3
663.718470399962,7
663.747621143112,3
663.774471827625,3
663.874074366827,2
663.900375037319,7
663.959376541464,3
664.000677594366,3
664.065429245101,7
664.073579452877,3
664.081729660654,3
664.460439315227,3
664.464639422302,3
664.675294792611,3
664.85924948223,2
665.12375622539,7
665.219708671538,7
665.238209143177,7
665.251559483522,7
665.956027442762,5
666.461190321051,3
666.51949180735,2
666.534042178288,2
666.538042280264,2
666.711096691999,7
666.715346800348,2
666.829249704113,2
668.60829505792,7
668.612595167544,3
669.103557683818,4
669.180609648129,3
670.225536286799,7
670.472692587638,4
670.938904472936,4
671.002656098177,2
671.032556860447,4
671.156260014054,2
671.196111029989,4
671.20016113324,4
671.208361342291,4
671.212311442992,4
671.219761632922,4
671.278413128145,3
671.288913395832,4
671.320164192519,4
671.323164269001,4
671.334414555808,4
671.342164753386,4
671.419466724072,4
671.455667646954,4
671.485218400302,4
671.870628225685,2
672.062633120531,4
672.390141469812,3
673.141760631094,7
673.279264136518,4
673.53092055208,2
673.627823022448,2
673.709825112955,2
673.718775341126,2
674.234138479453,7
674.323290752242,4
674.329740916678,3
674.334141028852,4
674.38189224619,2
674.428043422738,7
674.457294168437,3
674.473444580165,7
674.504445370478,2
674.60394790713,3
674.706850530462,3
674.769802135308,3
674.782202451434,3
674.79365274334,3
674.835953821736,3
674.876404852967,3
674.921556004021,3
675.034458882292,2
675.050959302943,3
675.054259387073,7
675.111710851703,7
675.112610874648,4
675.150911851067,7
675.251864424686,3
675.260664649033,7
675.334216524116,4
675.338116623542,4
675.417068636293,4
675.452969551527,4
675.503770846621,4
675.507820949872,4
675.683925439364,2
675.695775741467,2
675.764927504376,3
675.908681169138,3
675.960132480803,3
676.104686165959,2
676.113986403053,2
676.180538099678,2
676.19863856112,2
676.203238678392,2
676.212588916761,2
676.449044944814,2
676.529697000905,2
676.561147802691,2
676.596748710277,7
676.686150989439,2
676.743352447695,4
676.950107718578,4
677.015659389709,2
677.137112485954,2
677.252115417762,4
677.283316213175,2
677.29411648851,2
677.299666630001,2
677.461220748555,5
679.385869814286,3
679.430220944945,2
679.503172804731,2
679.523723328633,2
679.581624804735,2
679.657376735904,7
679.841531430622,4
679.980834981935,4
680.071387290416,4
680.188140266839,2
680.393045490557,2
680.462197253467,2
680.46989744977,2
680.487497898465,2
680.53649914767,4
680.539999236899,4
680.55809969834,4
680.559049722559,2
680.563249829634,2
680.574250110068,2
680.665052424922,4
680.724103930342,7
681.906184065512,4
682.327894816327,2
682.589801493203,3
682.75585572648,2
682.760605847576,2
682.822957437126,2
682.897609340253,2
683.016812379136,7
683.096464409732,4
683.139265500875,2
683.341820664682,4
683.346820792152,3
683.35712105474,4
683.359821123574,4
683.439923165643,4
683.451123451175,4
683.460223683171,3
683.562176282283,4
683.569326464565,4
683.661978826583,7
683.725480445451,2
683.749031045835,4
683.764531440992,4
683.770531593956,4
683.776181737996,4
683.78313191518,4
683.787882036276,4
683.835383247241,4
683.862783945776,4
683.921335438449,4
683.924485518755,4
683.931935708685,4
684.551151494563,4
684.614403107058,4
684.673404611203,4
684.681804825353,4
684.702355349254,4
684.71890577118,4
684.724105903749,4
684.823758444225,4
684.829608593365,4
684.834308713186,4
685.005313072658,4
685.012313251116,4
685.048514173999,4
685.055664356281,4
685.059564455707,4
685.076214880182,4
685.084565093057,5
685.095965383689,4
685.165417154246,4
685.175017398988,4
685.259819560879,4
685.270669837488,4
685.306270745074,4
685.329571339084,4
685.339271586376,4
685.344221712571,4
685.348221814547,4
685.384922750176,4
685.387472815186,4
685.397023058654,4
685.400273141509,4
685.435674043996,2
685.462224720862,4
685.522926268347,2
685.602428295119,2
685.631329031895,4
685.85013460998,3
686.1629425845,7
686.244694668633,3
686.411998933778,4
686.464350268388,4
686.619654227605,4
686.824609452598,2
688.144043089367,4
688.248495752214,7
688.282696624108,4
688.697957210487,4
688.699357246179,3
688.717657712719,4
688.725207905198,4
688.835760723559,2
688.95121366684,4
688.99686483064,4
689.017815364739,3
689.134068328416,7
689.254221391519,4
689.396925029511,3
689.408125315043,4
689.417625557236,4
689.439026102808,4
689.489727395353,4
689.497627596755,4
689.568029391532,4
689.581579736976,2
689.636181128948,2
689.665281870823,2
689.696382663686,2
689.793185131504,2
689.797535242403,2
689.806485470574,4
689.809685552155,2
689.812685628637,2
689.887387533038,2
689.907038033994,2
689.912238166563,2
690.002490467396,2
690.012290717237,2
690.136093873392,2
690.155444366701,2
690.845111948631,4
690.883812935248,3
690.905663492292,3
691.008366110524,3
691.098068397335,3
691.121268988796,3
691.133319295998,3
691.138519428567,3
691.228571724301,4
691.312973875994,7
691.319874051902,2
691.32762424948,2
691.344424677779,2
691.347124746613,2
691.404426207419,2
691.411026375679,4
691.412426411371,2
691.416476514621,5
691.422676672684,2
691.424276713474,4
691.431076886833,4
691.431776904679,3
691.436727030875,2
691.446177271793,2
691.476378041711,2
691.520079155799,7
691.623631795701,4
691.626181860711,4
691.63798216154,5
691.644632331075,4
691.660382732605,4
691.717234181938,3
691.730934531206,3
691.738684728785,2
691.80598644453,2
691.814986673976,2
691.849887563716,2
691.856337728152,4
691.988041085711,2
692.045192542692,2
692.046142566911,3
692.059892917454,2
692.068943148174,2
692.108144147539,2
692.111594235493,2
692.114144300503,7
692.120944473862,2
692.145045088267,2
692.14954520299,2
692.244897633842,2
692.249947762586,2
692.255147895155,2
692.265748165391,2
692.517454582228,3
692.525954798927,3
692.5388551278,7
692.684708846098,4
693.253073335607,2
693.301774577164,7
693.308924759446,4
693.529580384695,7
694.223798082622,7
695.68228526433,2
695.886840479125,2
696.051344672886,4
696.792863576679,2
696.825614411607,7
696.903016384842,3
697.460780604114,5
697.749837973152,7
697.936242725231,2
697.945492961051,2
697.971893634092,2
697.988344053468,2
697.991894143972,2
698.662811247889,3
698.677011609904,3
698.762763796013,3
698.838015714436,3
699.561534159337,2
699.606235298918,4
699.827040927991,2
699.827640943287,4
699.833241086054,5
700.069097098811,4
700.075397259423,4
700.078047326982,4
700.183450014049,4
700.21475081201,4
700.234601318066,7
700.31710342132,4
700.325653639294,4
700.456706980281,4
700.461007089905,4
700.467607258166,4
700.56510974383,3
700.575360005143,3
700.603510722799,4
700.737714144092,7
700.748614421977,3
700.828266452573,3
700.938269256911,7
700.980270327659,7
701.232376754694,3
701.262777529711,3
701.311778778916,3
701.337879444309,3
701.379730511233,3
701.394080877072,3
701.402281086122,4
701.416531449412,3
701.429931791031,7
701.521134116083,7
701.530284349353,7
701.543034674401,3
701.692988497225,3
701.753540040886,3
701.818441695446,7
701.863542845225,2
701.880643281172,3
701.981795859889,2
701.98499594147,2
702.033297172829,2
702.050497611326,2
702.073498197688,2
702.172400719043,2
702.177750855436,3
702.183801009675,2
702.19130120088,2
702.20205147494,4
702.222101986094,2
702.226052086796,2
702.235502327714,2
702.28525359604,2
702.321554521472,4
702.327154664238,4
702.330704754742,4
702.338554954869,4
702.378855982277,2
702.398206475586,2
702.410006776415,2
702.414056879666,2
702.478408520204,2
702.489458801912,2
702.500409081072,2
702.507659265903,2
702.520859602424,2
702.525159712048,2
702.530809856089,2
702.553360430978,2
702.559210580118,4
702.601411655965,2
702.607661815302,2
702.618012079165,2
702.703664262725,2
703.654188494761,5
704.219602909063,3
704.235153305494,3
704.486659717232,7
704.492309861273,5
704.493309886767,4
704.525010694927,2
704.573361927561,3
706.14910209844,3
706.489060765121,2
706.790168441361,2
707.209979143738,2
707.311381728828,2
707.324682067898,2
707.36513309913,2
707.412834315193,2
707.426834672109,2
707.529787296715,4
707.838645170534,3
708.456810929643,2
708.471261298031,2
708.699917127232,2
708.749068380261,2
708.806169835968,2
708.826120344573,2
708.911922531957,2
709.036125698311,4
709.04877602081,7
709.423785581056,2
709.44393609476,4
709.447636189087,4
709.928248441498,2
710.046301451064,3
710.085802458076,3
710.115303210149,3
710.660567110746,2
710.957674685011,2
710.958274700307,3
711.428286682482,2
711.447787179615,2
711.598041010086,3
711.681293132461,2
711.718244074464,2
711.733194455599,7
712.065752933625,7
712.607366741169,2
712.686118748821,2
713.765596268307,4
713.923900304006,2
713.947150896741,2
714.066653943273,2
714.108305005097,2
714.141305846399,2
714.149556056724,2
714.196357249843,2
714.199807337797,2
714.20845755832,2
714.214857721482,2
714.221807898665,2
714.294009739331,2
714.300259898669,2
714.306360054182,2
714.40656260868,2
714.411412732325,2
714.888724900606,5
714.902475251149,4
714.98217728302,4
715.008177945863,5
715.080179781431,5
715.088679998129,5
715.089180010876,4
715.093080110303,4
715.096430195708,4
715.182682394564,4
715.185982478695,4
715.260434376722,4
715.263984467226,4
715.266784538609,4
715.276684790999,2
715.285035003874,4
715.291085158113,4
715.296185288132,4
715.331186180422,5
715.504790606178,3
715.550841780176,4
715.584792645697,5
715.807798330857,4
715.99020298096,7
716.012903559674,7
716.022253798043,7
716.036454160057,7
716.081355304737,3
716.169357548208,4
716.177057744512,4
716.316661303473,7
716.382362978428,7
716.498815947203,2
716.820624151169,7
716.95522758266,2
717.061080281199,4
717.067680449459,4
717.071030534864,4
717.142932367881,3
717.294586234045,4
717.471590746481,2
717.595243898813,7
717.769648344964,7
717.936152589713,4
718.0591057242,4
718.063205828725,4
718.088106463525,4
718.149958040328,4
718.158958269774,4
718.162658364102,4
718.173258634338,4
718.180108808972,4
718.186308967035,4
718.189259042242,4
718.242460398522,4
718.24531047118,4
718.248560554036,4
718.252310649638,4
718.266211004004,4
718.28531149094,5
718.287511547026,4
718.292161665574,4
718.385764051811,5
718.38841411937,4
718.479116431675,7
718.529467715297,5
718.776274007213,3
718.782574167826,2
719.093182086259,5
719.097282190784,4
719.190584569373,5
719.20683498365,4
719.211285097099,4
719.361388923746,2
719.392239710236,3
719.587994700684,2
720.050256485281,2
720.203210384586,7
720.247411511421,2
720.422715980517,2
720.448916648459,3
720.508868176824,5
721.011330986279,7
721.39619079764,3
721.432091712875,2
721.439191893882,2
721.57004522977,2
722.027106881798,2
722.348415073017,3
722.398766356639,4
722.487718624329,3
722.838177558698,2
722.841627646652,3
722.845777752452,2
722.849977859527,2
722.948980383432,2
722.953230491781,2
722.980481186492,3
723.039632694462,2
723.056183116387,2
723.060183218363,2
723.128234953229,2
723.137035177576,2
723.309889584212,4
723.340590366878,5
723.351690649861,5
723.494694295502,5
723.627697686202,4
723.913304967285,4
725.05788414643,7
726.155962140105,7
726.240564296896,2
726.300765831634,7
726.443919481099,3
726.788678270152,3
727.73220232373,2
728.037510107045,5
728.239665260655,7
728.348068024203,3
728.558823397061,5
728.573123761625,4
728.652425783299,4
728.675026359463,5
728.80192959465,4
728.954233477385,4
728.976384042076,4
728.97993413258,4
728.983884233281,4
729.006184801797,4
729.015935050364,4
729.018185107725,4
729.391594627181,2
729.451246147897,2
729.606350102015,2
729.967259302795,3
730.091562471698,4
730.145350034177,2
730.244700255383,2
730.266500303922,2
730.478450775836,2
730.486500793759,2
730.659751179506,5
730.707851286603,2
731.081552118658,5
731.144952259821,5
731.209852404323,5
731.489453026862,7
731.507653067385,3
732.024804218836,4
732.25145472348,4
732.395605044435,4
732.416105090079,4
732.699055720077,7
732.699755721636,2
732.719005764496,7
732.810105967334,7
732.920356212809,3
732.959106299087,7
732.973306330704,3
732.995956381135,3
733.123206664461,3
733.234556912386,3
733.267406985528,7
733.304757068689,3
733.317757097634,3
733.377407230446,3
733.409707302363,3
733.428107343332,3
733.440207370273,3
733.807008186965,2
733.862758311095,3
733.874958338258,3
733.896208385572,3
733.910908418302,7
733.917308432552,3
734.150808952448,7
734.174559005328,7
734.342859380054,3
734.352859402319,3
734.372709446516,3
734.391809489043,3
734.398759504517,3
734.553609849296,5
734.636760034432,3
734.797910393238,3
735.606962194615,7
735.669362333551,3
735.785862592942,5
735.901912851331,5
736.421814008906,3
736.884415038901,3
738.029017587392,4
738.605818871657,3
738.63271893155,3
738.682569042543,3
739.390920619708,4
741.093224409937,6
742.053876548857,2
742.687477959589,7
743.097528872579,3
743.351679438453,7
743.588429965585,3
743.670880149163,3
743.864230579663,3
743.997130875569,2
745.618284485115,4
745.739934755973,4
745.750534779574,4
745.838334975064,4
745.854735011579,4
745.88643508216,4
745.916185148399,2
745.9241351661,4
745.929185177344,4
745.933385186696,4
745.941435204619,4
745.94748521809,2
745.950985225883,2
745.966985261507,4
745.973285275534,4
745.976085281769,4
745.991085315167,4
745.994135321958,4
746.004635345336,4
746.019635378734,4
746.022585385302,4
746.027335395878,4
746.041935428386,2
746.052435451764,4
746.055335458221,4
746.059835468241,4
746.064935479596,4
746.070885492844,4
746.079385511769,4
746.08428552268,4
746.107035573333,4
746.114335589587,5
746.119685601499,4
746.130385625323,4
746.159485690115,4
746.162285696349,4
746.166785706369,4
746.171535716945,4
746.182235740769,4
746.188185754016,4
746.194535768155,4
746.199885780067,4
746.221635828494,4
746.227485841519,4
746.237935864787,4
746.240935871466,4
746.244585879593,4
746.247435885939,4
746.258835911321,4
746.320786049255,4
746.323386055044,4
746.326736062503,4
746.342186096903,4
746.345536104361,4
746.359186134754,4
746.387436197653,5
746.870587273403,7
746.894837327397,4
747.049637672064,3
747.290388208102,7
747.56128881127,3
747.634738974809,2
747.766139267376,3
747.869339497154,2
747.871639502275,3
747.873939507396,4
747.88048952198,2
748.082639972074,2
748.088939986101,2
748.095990001798,2
748.099390009368,2
748.141190102437,2
748.149290120472,2
748.152090126706,2
748.15749013873,2
748.163090151198,2
748.179440187602,2
748.19784022857,2
748.200740235027,2
748.235590312622,5
748.568141053056,5
748.750491459064,3
748.755841470976,3
748.799891569055,4
748.80649158375,3
748.879791746955,3
748.967991943336,2
748.968841945228,3
748.995342004231,3
749.013692045088,3
749.095692227664,3
749.102042241802,3
749.122042286333,3
749.160992373057,7
749.172892399552,7
749.209842481823,3
749.307092698353,3
749.347692788751,3
749.420242950286,3
749.47694307653,3
749.488043101245,3
749.52029317305,7
749.659243482427,3
749.66689349946,7
749.682793534862,3
749.739943662108,7
749.754343694171,3
749.764943717772,7
749.781643754955,7
749.809193816296,7
749.836243876524,3
749.854793917826,7
749.86589394254,7
749.877693968814,3
749.911594044293,3
749.928294081476,3
749.997744236109,3
750.257894815342,4
751.029646533669,3
751.052896585436,5
751.480897538393,7
751.511547606636,7
751.718198066749,3
751.924698526529,4
752.064148837019,4
752.072748856167,4
752.087748889565,4
752.096648909381,2
752.129098981632,2
752.133798992097,2
752.180699096521,2
752.184749105539,2
752.215899174895,4
752.218749181241,2
752.226799199164,5
752.230549207514,2
752.246349242693,2
752.251349253826,2
752.257649267853,2
752.273099302253,2
752.278049313274,2
752.296049353352,2
752.32689942204,4
752.34119945388,4
752.359249494069,2
752.37774953526,2
752.381199542941,2
752.385749553072,2
752.46519972997,2
752.470499741771,2
752.474549750788,2
752.480699764481,2
752.490699786747,2
752.498949805116,2
752.506199821258,2
752.512749835842,2
752.523399859555,2
752.536849889501,2
752.545199908093,2
752.599450028882,2
752.693750238844,2
752.701700256545,2
752.710950277141,2
752.718100293061,2
752.73125032234,2
752.738900339372,2
752.744650352175,2
753.040851011674,1
753.230751434493,2
753.236901448186,2
753.347501694441,2
753.377351760903,2
753.390351789848,2
753.605352268553,4
753.609052276791,4
753.664302399807,2
753.714802512247,5
753.795652692262,2
753.842952797577,5
754.121653418112,3
754.182053552595,3
754.400504038981,4
754.42945410344,2
754.4434041345,2
754.598154479056,2
754.650654595949,2
754.887805123971,3
755.02530543012,2
755.065405519404,2
755.078305548126,2
755.101005598668,2
755.105005607575,2
755.115855631732,2
755.121955645314,2
755.149505706655,2
755.156755722798,2
755.226155877319,2
755.23220589079,2
755.241105910606,2
755.24955592942,2
755.263055959478,2
755.296756034512,2
755.303856050321,2
755.310506065127,2
755.315706076705,2
755.329206106763,2
755.337906126134,2
755.350706154634,2
755.356556167659,2
755.365556187698,2
755.387356236236,7
755.448206371721,2
755.465706410685,2
755.469406418923,2
755.478256438628,2
755.490356465569,2
755.509856508987,4
755.566606635343,2
755.572456648368,2
755.592106692119,2
755.59475669802,2
755.637056792202,2
755.640856800663,2
755.651156823596,2
755.660806845082,2
755.681506891171,2
755.692556915775,2
755.70480694305,2
755.710056954739,2
755.72630699092,4
755.750207044134,2
755.756157057382,2
755.763157072968,2
755.771857092339,2
755.780357111264,2
755.841107246526,2
755.847207260108,2
755.853507274135,2
755.874007319779,2
755.99615759175,2
756.003807608783,2
756.164457966476,4
757.03480990434,3
757.354560616274,4
757.486160909286,7
757.663211303494,3
757.948761939281,4
757.959861963995,4
758.0667122019,3
758.081812235521,4
758.120862322467,3
758.696263603615,7
758.775913780958,7
759.1411645942,2
759.173814666896,2
759.44571527229,7
759.451515285204,2
759.460865306022,2
759.479065346545,3
759.480265349217,2
759.55311551142,2
759.558815524112,2
759.564915537693,5
759.835666140527,5
759.896516276012,3
759.960066417508,2
759.966816432537,2
759.970716441221,4
759.973666447789,2
759.998766503675,5
760.06341664762,5
760.137016811493,2
760.212116978706,3
760.234917029471,5
760.267467101945,5
760.279967129777,5
760.306767189448,4
760.328967238877,5
760.344467273388,5
760.425817454517,5
760.459817530219,2
760.475467565064,2
760.481167577755,2
760.537817703888,5
760.633517916968,5
760.658917973522,2
760.676268012152,5
760.769168218997,5
760.777268237032,5
760.96336865139,5
761.09866895264,5
761.262669317791,7
761.782420475032,5
761.84377061163,7
761.859870647477,7
762.807972758454,7
763.357273981489,5
763.40627409059,5
763.466524224738,2
763.482924261254,3
763.597174515635,2
763.65652464778,2
763.796124958604,2
764.03452548941,7
764.054675534274,7
764.064775556762,3
764.084325600291,3
764.125775692581,7
764.224275911894,3
764.374526246431,3
764.391626284505,3
765.197928079759,2
765.26052821914,2
765.307228323119,2
765.32797836932,2
765.332178378671,2
765.3389283937,2
765.355828431329,2
765.398678526736,7
765.499428751059,2
766.339230620902,2
766.507780996185,2
766.513581009099,2
766.526381037598,2
766.530381046504,2
766.619531245,3
766.716681461308,2
766.719831468321,2
766.746231527102,2
766.757231551594,2
766.805131658245,2
766.810681670602,2
766.819881691086,2
766.832381718918,2
766.840081736062,2
766.85243176356,2
766.855581770573,2
766.909081889693,2
766.914131900937,2
766.920531915187,2
766.929881936005,2
766.936631951034,2
766.947881976082,2
766.959382001687,2
766.965082014379,2
766.971732029185,2
766.978982045328,2
767.022382141959,2
767.026082150197,2
767.034232168344,2
767.04353218905,2
767.067782243044,2
767.077132263862,2
767.087132286127,2
767.146082417381,2
767.151582429627,2
767.162832454676,2
767.168932468258,2
767.219382580586,2
767.874384038966,2
767.878234047538,2
767.903834104538,2
767.955284219093,2
767.959484228444,2
767.994434306261,2
768.061034454549,2
768.107234557414,2
768.115334575449,2
768.124734596379,2
768.13758462499,2
768.143784638794,2
768.215784799105,2
768.223034815247,2
768.230834832614,2
768.235434842856,2
768.254184884604,2
768.313685017082,2
768.52878549601,2
768.535335510594,2
768.546085534529,2
768.553335550671,2
768.744835977053,4
769.174136932903,2
769.301987217566,2
769.316487249851,2
769.417237474174,2
769.426687495215,2
769.43328750991,2
769.469737591067,2
769.517387697161,2
769.573587822293,2
769.580837838435,2
769.639287968576,2
769.644037979152,2
769.774238269047,2
770.330439507445,2
770.886490745509,3
770.915640810412,4
771.900093002324,3
771.917593041288,3
772.764744927496,4
772.825095061868,3
772.895145217836,4
773.299396117913,3
773.418896383984,7
773.459046473379,3
773.471746501656,7
773.536396645601,7
773.863647374235,3
773.930847523858,2
773.987397649768,7
774.001547681274,7
774.376548516224,4
774.380598525241,2
774.389398544835,4
774.578648966206,4
774.680749193535,4
774.713049265453,7
775.05215002047,4
775.061150040509,4
775.067550054759,4
775.075300072015,3
775.077850077692,3
775.084800093167,7
775.240550439949,3
775.280250528343,3
775.512851046234,3
775.602301245398,2
775.722201512359,2
776.022102180097,2
776.025152186888,2
776.188252550035,3
776.392453004694,3
776.482303204748,4
776.595903457682,4
776.602153471598,4
776.964304277937,4
777.016154393383,2
777.361755162873,7
777.718655957523,4
777.909356382123,4
778.052556700963,3
778.1591069382,4
778.29705724535,3
778.32265730235,2
778.645558021297,4
778.987458782549,2
779.472359862196,7
780.125411316234,2
780.295911695858,5
780.536962232564,2
780.566912299248,2
780.586362342554,2
780.600612374283,2
780.66231251166,2
780.682212555968,2
780.704662605953,5
780.70906261575,2
780.712262622875,2
780.823212869909,3
781.044963363643,2
781.056463389248,4
781.068513416078,4
781.144163584515,7
781.632164671064,3
781.960765402703,4
781.967865418511,4
781.974265432761,4
782.387466352765,2
782.449266490365,2
782.481216561502,2
782.531666673831,2
782.557366731053,2
782.589166801857,2
782.679567003136,2
782.752917166452,2
782.790967251171,2
782.907067509672,2
782.9522176102,2
783.018867758598,2
783.218018202013,2
783.373068547237,2
783.556318955249,2
783.810669521568,2
783.882869682324,4
784.071570102471,2
784.188770363421,3
784.227920450589,3
784.320770657323,3
784.493721042402,7
784.529121121221,3
784.558271186125,3
784.586471248913,3
784.612521306914,3
784.642321373265,3
784.745371602709,3
784.753871621635,3
784.765521647574,3
784.781771683755,7
784.978422121603,7
784.989522146317,3
785.016672206768,3
785.026422228477,3
785.04952227991,3
785.055522293269,3
785.065022314421,3
785.0834723555,7
785.118522433541,7
785.123372444339,3
785.143322488758,3
785.158972523604,3
785.162622531731,3
785.183822578933,3
785.204122624132,3
785.215672649848,3
785.247672721097,3
785.281722796911,3
785.293722823629,3
785.327622899109,3
785.349372947536,7
785.445773162174,2
785.452873177982,7
785.462123198578,3
785.504723293428,2
785.516973320703,3
785.524923338404,3
785.555173405756,7
785.666423653458,3
785.690873707897,3
785.749673838817,3
785.7765238986,4
785.902124178252,4
786.013624426511,4
786.105424630907,2
786.285175031126,2
786.292325047046,2
786.307325080444,7
786.34487516405,3
786.35012517574,3
786.357425191993,3
786.42137533438,2
786.461925424666,2
786.51067553321,2
786.517575548573,2
786.521875558147,2
786.58342569519,2
786.586725702538,2
786.591675713559,2
786.598725729256,2
786.609875754082,2
786.613225761541,2
786.616575769,2
786.628225794939,2
786.637775816202,2
786.642875827557,2
786.663825874203,2
786.672275893018,2
786.677675905041,2
786.683475917955,2
786.689575931537,2
786.699925954581,2
786.705275966493,2
786.723426006905,2
786.733576029504,2
786.740876045758,2
786.752676072031,2
786.77487612146,2
786.77602612402,5
786.780326133594,2
786.808476196271,2
786.81972622132,2
786.889376376398,3
787.016176658723,7
787.186877038792,5
787.434727590638,4
787.81732844251,3
787.862828543818,1
788.877830803749,4
788.966081000241,3
789.11303132743,3
790.49953441452,2
790.583084600547,2
790.591934620251,3
790.595084627265,2
790.624234692169,2
790.879185259823,3
791.667787015668,2
792.033537830023,3
792.038537841156,2
792.112738006364,3
792.364588567117,2
792.484338833744,2
792.806189550354,2
793.585641285826,2
793.736791622367,2
793.804791773771,2
793.887991959019,3
793.986142177553,2
794.137292514094,3
794.31089290062,2
794.327642937914,3
794.466043246067,2
794.471893259092,2
794.683843731006,3
794.910694236095,3
795.044044533003,3
795.198244876335,3
795.495395537949,7
795.784596181863,2
796.299947329307,7
796.365297474811,7
796.529097839518,3
796.569597929692,2
797.26069946845,2
797.303449563634,2
797.333199629874,2
797.355449679414,2
797.600150224247,3
797.909200912357,3
798.384001969516,3
798.525302284125,4
798.852453012535,7
799.180453742838,4
799.370554166102,3
799.431254301253,3
799.442754326858,7
799.528304517338,3
799.552554571332,7
799.978755520281,2
800.067505717885,2
800.122605840567,2
800.125255846468,3
800.143855887881,3
800.147555896119,7
800.23010607992,2
800.285556203381,2
800.320806281866,2
800.320806281866,3
800.367206385178,2
800.392306441064,2
800.439156545377,2
800.445656559849,2
800.5037066891,2
800.56515682592,7
800.602056908079,7
800.642356997808,3
800.741357218235,2
800.855107471504,2
800.858557479185,2
800.865757495216,2
800.890307549877,2
800.894957560231,2
800.950457683804,3
800.964857715866,3
800.969957727221,3
801.08525798394,7
801.141108108292,3
801.413758715357,2
801.421258732056,3
801.427658746305,7
801.618309170794,2
801.648409237813,2
801.671059288244,3
801.71350938276,2
801.719859396899,2
801.965409943624,2
802.005610033131,3
802.093860229622,3
802.125860300872,3
802.136260324027,3
802.367910839804,3
803.077162418973,5
803.37136307402,2
803.492963344766,7
803.669763738417,7
803.8228640793,7
804.183514882299,3
804.267665069662,3
804.308215159948,2
804.3331652155,2
804.442965459973,3
804.528715650899,2
804.644065907729,2
804.911766503772,3
804.996816693139,7
805.031466770289,3
805.047666806359,2
805.063116840758,2
805.156117047826,2
805.256967272372,2
805.426367649547,2
805.476467761096,4
805.485867782026,2
805.599068034069,2
805.713218288228,2
805.924118757804,2
806.229519437788,2
806.237869456379,2
806.373169757629,2
806.382869779227,2
806.414169848917,2
806.440919908477,2
806.46701996659,2
806.480469996536,2
806.50132004296,2
806.753620604714,3
806.79757070257,7
807.079371330008,3
807.276721769414,3
807.912123184154,2
807.934873234807,2
808.348174155034,2
808.374724214148,2
808.438774356758,2
808.442974366109,2
808.598174711667,2
809.031275675979,2
809.038625692344,2
809.062775746115,2
809.082375789755,2
809.085825797437,2
809.09122580946,2
809.099275827384,2
809.121475876813,2
809.124275883047,2
809.1289258934,3
809.53067678791,5
809.559576852257,5
809.832677460324,5
810.407378739913,5
810.679829346532,2
811.153780401798,2
811.179630459353,2
811.203430512345,2
811.211380530046,2
811.243030600516,2
811.246630608531,2
811.247180609756,3
811.292680711063,2
811.341730820275,2
811.345180827956,2
811.355780851557,2
811.391830931824,2
811.455881074434,2
811.686081586982,2
811.776581788483,3
811.931232132816,2
812.46803332802,7
812.491533380343,7
812.694033831217,4
812.708433863279,4
812.711983871183,4
812.757883973381,4
812.76123398084,4
812.774384010119,4
812.785834035612,4
812.790834046745,4
812.795084056208,4
812.803184074243,4
812.808684086489,4
812.866234214626,4
812.869434221751,4
812.88298425192,4
812.885484257486,4
812.896384281756,4
812.899884289548,4
812.90333429723,4
813.063834654589,3
813.133884810557,3
813.134984813007,3
813.219985002262,3
813.262985098003,7
813.578785801143,2
813.637185931172,2
813.732686143806,2
813.749686181657,2
813.805236305341,2
813.820336338962,2
813.84553639507,2
813.851036407316,2
813.854436414887,7
813.884786482462,2
813.917786555937,3
813.919836560502,2
813.928786580429,2
813.934386592898,7
813.948636624626,3
814.026336797628,4
814.06183687667,2
814.118237002246,4
814.123787014603,4
814.236837266313,7
814.461237765947,4
814.464387772961,4
814.467937780865,4
814.486687822613,7
814.5868380456,4
814.592538058291,4
814.610338097924,4
814.616438111505,4
815.081039145953,4
815.29873963067,5
815.59459028939,5
815.717790563699,2
815.813490776778,2
816.278791812784,5
816.614392560009,4
816.621542575929,4
816.627542589288,4
816.759192882411,4
816.768642903452,4
816.784892939633,4
816.982043378594,4
817.387144280563,2
817.559194663638,2
817.69944497591,2
817.766045124197,2
817.793495185315,2
817.796645192329,2
817.816195235857,7
817.81854524109,3
817.825845257344,2
817.843595296864,7
817.901945426783,2
817.937295505491,7
818.014445677268,2
818.083845831789,5
818.157895996664,2
818.580046936595,2
818.606296995042,2
818.699497202555,2
818.704097212797,2
819.027647933192,3
819.107748111537,4
819.118348135139,4
819.125648151392,4
819.134448170986,4
819.242148410784,4
819.355798663829,4
819.372698701458,4
819.501348987901,2
819.955249998525,2
820.058750228971,2
820.063250238991,2
820.152900438599,2
820.25580066771,2
820.267800694428,2
820.278600718475,2
820.313550796292,2
820.31685080364,2
820.331350835924,2
820.415051022285,4
820.449701099435,2
820.460851124261,2
820.46460113261,2
820.546951315965,2
820.550001322756,2
820.558401341459,2
820.563801353482,2
820.577201383318,2
820.583201396677,2
820.63345150856,4
820.645401535167,2
820.653001552089,2
820.665451579809,2
820.670601591276,2
820.678101607975,2
820.706951672211,7
820.711301681896,2
820.71560169147,2
820.748501764723,4
820.753801776524,4
820.86220201788,4
820.874352044932,5
821.076602495249,4
821.085452514954,4
821.088052520743,4
821.291152972952,4
821.419503258727,4
821.470303371835,7
822.532005735746,5
822.621705935466,4
822.738806196194,4
822.845956434767,3
822.962656694603,4
823.077156949541,4
823.095606990621,4
823.210057245448,1
823.723208387994,3
826.21496393596,7
826.215213936516,2
826.906265475163,2
827.026615743126,2
827.201816133215,4
827.208316147687,4
827.212316156593,4
827.310766375796,5
827.335016429789,4
827.440466664577,4
827.450266686397,4
827.463666716233,4
827.516016832792,7
827.520816843479,2
827.640817110663,4
827.657167147067,4
827.669617174787,4
827.686967213418,3
827.727117302813,2
828.05186802588,3
828.408868820753,2
828.468168952786,7
828.489018999209,2
828.805069702905,7
829.889972118472,7
830.494973465525,3
831.534375779784,3
831.683276111315,3
831.958626724391,4
831.989376792857,2
832.055026939029,2
832.092177021745,2
832.316377520934,4
832.350927597861,4
832.369027638161,2
832.479527884193,2
832.510377952882,2
832.798578594569,2
832.8110786224,2
832.822278647337,2
832.826178656021,2
832.952328936898,3
833.124279319751,4
833.500030156371,3
833.512580184314,7
833.525430212925,3
833.536630237862,3
833.558080285621,4
833.622430428899,2
833.706180615371,3
833.71443063374,2
833.86218096271,7
833.895181036186,3
833.933331121128,3
833.978181220988,2
833.988731244478,2
834.057331397218,3
834.191631696242,4
834.27713188661,3
834.307781954854,4
834.513682413297,7
834.624882660888,3
834.81868309239,3
834.941133365029,7
834.993383481365,2
835.084433684091,2
835.089383695113,2
835.098383715152,2
835.201333944373,2
835.871085435594,2
835.896485492148,2
836.05523584561,2
836.114885978423,2
836.15658607127,2
837.429388905202,3
837.455888964205,3
837.463638981461,3
837.472889002056,7
837.522289112047,7
837.692789491671,7
837.839289817858,3
837.919789997095,3
838.401341069282,3
838.509241309525,3
838.55994142241,3
838.680391690596,3
838.694341721656,3
838.762591873617,7
839.04044249226,3
839.182092807648,3
839.283593033642,3
839.293193055016,7
839.479943470821,3
839.844144281725,3
839.878944359208,3
839.899694405409,3
839.911844432461,3
839.949194515622,3
839.995044617709,3
840.027994691073,3
840.063194769447,3
840.077194800619,3
840.299495295577,3
840.308495315616,3
840.420395564765,2
840.425295575675,2
840.526145800221,2
840.671496123848,7
841.637948275682,2
841.741098505349,2
841.792148619013,5
841.803648644618,7
841.939198946425,2
841.963649000864,4
841.980299037936,2
841.98839905597,2
842.010649105511,4
842.037149164514,2
842.040999173086,2
842.049849192791,2
842.053749201475,2
842.059349213943,2
842.073499245449,2
842.076549252239,2
842.103949313247,2
842.170999462536,2
842.180449483576,2
842.183449490256,2
842.195749517642,2
842.206549541689,2
842.264499670717,2
842.270549684187,2
842.28459971547,2
842.303099756661,2
842.728850704608,7
842.824550917687,4
842.827800924923,4
842.96185122339,2
842.995851299092,2
843.321102023272,2
843.333802051549,2
843.337702060233,2
843.365652122464,2
843.540552511885,2
843.559302553633,3
843.589702621319,2
843.59500263312,2
843.602852650598,7
843.646402747564,2
843.654052764597,2
843.663452785526,2
843.750302978901,2
844.087803730356,5
844.113853788357,4
844.207203996204,4
844.339904291665,5
844.403204432605,4
844.415054458989,4
844.477554598148,5
844.485054614847,5
844.505004659266,4
844.508254666502,4
844.527554709474,4
844.657304998367,5
844.682555054587,5
844.700255093997,5
844.71470512617,4
844.733805168697,3
844.750005204767,4
844.753305212114,5
844.758355223358,5
844.845805418069,2
844.868805469279,5
844.900805540528,5
845.054305882301,2
845.147956090816,5
845.194806195129,2
845.203356214166,5
845.26985636223,2
845.29735642346,5
845.359956562841,2
845.525556931555,2
845.603407104891,4
845.696507312181,7
845.732007391223,3
845.851507657294,4
845.854157663194,4
846.163308351527,4
846.319558699423,5
847.408861124787,2
847.879512172705,3
847.953162336689,5
848.356113233871,7
848.893364430076,7
850.307517578729,3
850.567318157183,2
850.647368335417,7
853.943975675409,3
854.060775935468,7
854.278376419962,5
854.281976427977,3
854.373926632707,2
854.51347694342,7
854.543527010327,5
854.545727015226,4
855.044178125041,5
855.066878175584,5
855.076428196847,5
855.283478657851,5
855.330978763611,5
855.370978852673,5
855.389228893307,4
855.411128942068,3
855.567279289741,3
855.594529350414,3
856.027880315283,7
856.061080389204,3
856.086830446537,2
856.098430472365,2
856.119080518343,3
856.192980682884,3
856.235880778402,3
856.343631018311,7
856.372381082324,3
856.450381255993,3
856.551131480317,3
856.6296316551,3
856.774031976611,3
856.815182068233,7
856.870632191694,3
857.313983178828,2
857.364333290934,2
857.382883332236,2
857.396383362295,3
857.401333373316,2
857.405183381888,2
857.409133390683,2
857.412383397919,3
857.426033428311,2
857.428733434323,2
857.504633603317,2
857.515933628477,2
857.519383636158,2
857.523933646289,2
857.558433723104,4
857.567033742253,4
857.635783895327,2
857.648883924494,2
857.756084163179,4
857.770734195798,4
857.851134374811,4
857.857834389729,4
857.923934536902,7
857.953084601806,4
858.074384871884,4
858.18123510979,4
858.186385121256,2
858.188885126823,4
858.206635166344,4
858.209535172801,4
858.225635208648,4
858.235635230913,2
858.277485324094,2
858.937886794497,2
859.095787146066,2
859.124587210191,2
859.128537218985,2
859.285837569219,2
859.330837669413,4
859.380487779961,4
859.394187810464,4
859.40233782861,4
859.430537891399,7
859.485638014081,4
859.489238022096,4
859.507788063398,4
859.518188086554,4
859.591388249537,4
859.597888264009,4
859.610438291952,4
859.616888306313,4
859.621088315665,4
859.634738346057,4
859.643488365539,4
859.657038395709,4
859.680738448478,4
859.683288454155,4
859.686638461614,4
859.707788508705,4
859.715088524959,4
859.721288538763,4
859.724238545332,4
859.728888555685,4
859.732238563144,4
859.760788626711,4
859.763188632055,4
859.766138638623,4
859.769688646528,4
859.777438663783,4
859.781188672133,4
859.791038694064,4
859.794788702414,4
859.810338737036,4
859.814538746388,4
859.820538759747,4
859.840088803276,4
859.86928886829,4
859.872088874525,4
859.87718888588,4
859.881038894452,4
859.885988905473,4
859.894338924065,4
859.905088948,4
859.917738976166,4
859.945689038398,4
859.978589111651,4
859.994839147832,4
859.997839154511,4
860.034139235335,3
860.937591246897,3
861.346392157104,4
861.6288927861,2
861.782843128875,2
861.785893135665,2
862.01409364376,3
862.131343904822,2
862.497794720735,2
863.493546937806,4
863.553147070508,4
863.614897207996,2
864.134448364792,4
864.141298380044,4
864.252848628413,4
864.358548863758,4
864.368148885133,4
864.391348936788,4
864.426199014383,3
864.464649099993,4
864.471449115134,4
864.561849316412,6
864.584349366509,4
864.600799403136,4
864.603399408925,4
864.609349422173,4
864.612799429854,4
864.659449533722,2
864.726299682566,4
864.731099693253,4
864.930050136222,3
865.116000550246,3
865.375301127586,7
865.458551312945,7
865.465951329422,2
865.482601366494,7
865.486201374509,2
865.490901384974,2
865.498251401339,7
865.509951427389,3
865.548451513111,2
865.554151525802,2
865.57405157011,4
865.607851645367,2
865.611451653382,2
865.662751767604,2
865.665551773838,2
865.671051786084,2
865.682451811466,4
865.698001846089,2
865.70255185622,2
865.708851870247,2
865.710401873698,4
865.713051879598,2
865.716801887948,2
865.72330190242,2
865.736001930697,2
865.742001944056,2
865.751701965654,2
865.758201980126,2
865.767952001835,2
865.79265205683,4
865.856802199663,2
865.862902213244,2
865.88535226323,2
865.889002271357,2
865.896202287388,2
865.901302298743,2
865.949952407064,2
866.042902614021,2
866.047752624819,2
866.059352650647,2
866.085252708314,2
866.096602733585,2
866.163602882763,4
866.228103026375,2
866.255703087827,2
866.268603116549,2
866.27995314182,2
866.285753154734,2
866.305503198708,2
866.33910327352,2
866.342203280422,2
866.349453296564,2
866.356503312262,2
866.368203338312,2
866.38960338596,2
866.398053404774,2
866.407953426817,2
866.415153442848,2
866.422303458768,2
866.430253476468,2
866.436853491164,2
866.476503579446,3
866.491453612732,2
866.498203627761,2
866.504603642011,2
866.535653711145,2
866.540703722389,2
866.630353921998,2
866.635303933019,2
866.646103957066,2
866.654103974878,2
866.662953994583,2
866.674204019631,2
866.679954032434,2
866.686754047574,4
866.699904076853,4
866.861304436216,2
866.868954453249,2
866.928704586284,2
866.935604601647,2
866.961404659092,2
866.971004680467,2
867.149955078905,3
867.151455082245,2
867.16370510952,2
867.372655574754,7
867.695956294593,2
867.727706365285,4
868.185457384481,3
868.217057454839,3
868.367657790155,3
868.530808153414,4
868.560608219765,7
868.761758667632,7
868.767758680992,3
868.837458836181,4
868.841508845199,2
868.843208848984,4
868.882408936264,3
868.969809130863,4
869.554660433051,4
870.19041184857,3
870.24241196435,7
870.304362102284,4
870.309012112637,4
870.668462912965,2
870.764913127714,4
870.770213139515,7
870.820413251286,2
870.982263611651,2
871.009063671322,2
871.011663677111,4
871.04291374669,2
871.043413747804,3
871.138363959213,4
871.30331432648,2
871.307114334941,2
871.685665177795,7
871.834865509994,3
871.987465849763,3
872.237766407064,7
872.344066643745,3
872.635117291778,4
872.789817636223,5
872.969268035774,2
872.998018099787,2
873.347218877293,2
873.365418917816,2
873.632719512968,4
874.05792045969,2
874.235370854789,2
874.269220930157,2
874.472371382477,2
874.488021417323,2
874.493171428789,2
874.548771552585,2
874.589371642982,2
874.596671659235,2
874.605921679831,2
874.685071856061,2
874.691121869532,2
874.919972379074,4
874.929872401117,4
875.016072593044,4
875.025972615087,4
875.070222713611,3
875.118172820373,4
875.122872830838,4
875.130572847982,4
875.131522850097,3
875.136822861898,4
875.137122862566,3
875.159922913331,3
875.193372987808,3
875.224923058055,4
875.228423065848,4
875.234323078985,4
875.248373110268,4
875.252773120064,2
875.319273268129,4
875.321523273139,4
875.333323299412,5
875.342073318894,4
875.348673333589,4
875.407223463953,4
875.469773603222,5
875.47797362148,3
875.506573685159,7
875.511473696069,4
875.564473814075,2
875.620173938093,2
875.636523974497,2
875.65472401502,4
875.727574177223,7
875.762374254706,2
875.910474584456,2
875.968874714485,2
876.11677504379,5
876.125775063829,5
876.218275269783,3
876.460775809717,5
876.652226235987,5
876.789776542247,5
876.932776860641,6
876.998827007704,3
877.074777176809,5
877.093877219336,5
877.10457724316,5
877.126527292032,4
877.163227373746,3
877.185427423175,5
877.342927773854,5
877.755228691854,3
877.777378741172,3
877.913429044092,4
877.917829053889,4
877.925479070922,4
877.953529133376,3
878.261379818814,4
878.900231241236,4
879.108281704466,4
879.342882226811,4
879.602382804597,7
879.616532836102,3
880.247284240488,3
880.473584744353,2
880.824135524864,2
881.538387115166,2
881.557787158361,4
881.648487360308,2
881.759237606896,7
881.85473781953,3
881.877287869739,3
882.342338905188,2
882.354238931684,2
882.546239359179,3
882.621089525835,2
882.664539622578,3
882.777589874287,3
882.904890157725,3
883.044590468772,2
884.534943787087,4
885.024094876196,2
885.480695892831,4
885.493545921442,3
885.51794597577,3
885.548596044013,4
885.551746051026,4
885.573246098897,4
885.578196109918,5
885.58239611927,4
885.617146196642,7
885.680696338138,4
885.684096345708,4
885.745146481638,2
885.752546498114,4
885.769196535186,4
885.772446542422,4
885.775396548991,4
885.81644664039,7
885.829846670225,3
885.830596671895,4
885.834796681247,4
885.864146746596,3
885.930546894437,2
886.001347052076,5
886.262397633313,2
886.336297797854,4
886.342297811213,4
886.522748212991,2
886.541648255072,4
886.548398270101,4
886.603148392004,3
886.658448515132,4
886.669298539289,4
886.669548539846,7
886.679348561666,4
886.717098645718,7
886.766648756043,4
886.771698767286,4
886.778448782316,3
886.795098819387,4
886.840948921474,4
886.8701989866,4
886.874448996063,5
886.958149182424,4
886.973299216156,4
886.976999224394,4
887.018399316572,4
887.05899940697,2
887.156699624502,2
887.172849660461,2
887.177749671371,2
887.189949698534,2
887.438550252051,4
887.449000275318,2
887.462750305933,2
887.631950682662,3
887.670100767605,4
887.797051050263,4
887.803801065292,4
887.878851232394,4
887.893601265235,4
887.904201288836,4
888.119701768654,2
888.129751791031,4
888.134551801718,4
888.143501821646,4
888.155401848142,2
888.347352275525,4
888.348402277863,2
888.357102297233,4
888.362802309925,4
888.365802316604,4
888.36600231705,2
888.379252346551,4
888.507952633106,3
888.518452656485,5
888.57595278451,4
888.584752804104,4
888.590452816795,3
888.591502819133,2
888.59250282136,4
888.654202958737,4
888.727303121496,3
888.831803354169,2
888.907303522272,2
888.919553549548,2
888.944203604432,2
889.019453771978,7
889.316004432257,7
889.593655050454,2
889.82000555443,2
889.853705629464,2
889.980705912234,3
890.296556615485,2
890.348456731042,2
890.584957257617,3
890.683907477933,3
890.692207496413,3
890.765907660509,3
890.766907662735,4
890.779107689899,4
890.781457695131,3
890.881357917562,2
890.955208081991,3
891.099258402724,3
891.104958415415,5
891.138508490115,3
891.183758590866,3
891.193608612797,7
891.20275863317,3
891.22310867848,3
891.404259081816,2
891.443609169431,4
891.445659173995,3
891.50465930536,2
891.872660124725,7
891.964160328453,3
892.303961085029,4
892.304411086031,2
892.43401137459,3
892.714261998576,3
893.313963333828,3
893.687864166329,5
893.70711420919,4
893.709814215202,4
893.752614310497,5
893.974764805122,4
893.978964814473,4
894.243265402946,7
894.455465875417,2
894.55506609718,2
894.617316235781,2
894.644966297345,2
894.69076639932,2
894.70056642114,2
894.743616516993,2
894.827966704801,2
894.85431676347,2
894.865566788518,2
894.900566866447,2
894.908116883257,2
894.98886706305,2
894.991717069396,2
895.001367090882,2
895.005917101012,2
895.013817118602,2
895.029167152779,2
895.036917170035,2
895.099517309416,2
895.115717345486,2
895.133067384116,7
895.146067413061,2
895.196817526058,2
895.200317533851,2
895.209417554112,2
895.492768185001,4
895.68986862385,4
895.696818639325,4
895.911369117028,4
895.921769140184,4
896.178769712403,4
896.470420361772,7
896.780771052776,2
896.927371379186,4
897.035871620765,2
897.154171884164,4
897.222072035346,5
897.373222371886,4
897.477022603,5
897.601472880093,4
897.720723145607,4
897.723273151285,4
897.730473167316,2
898.108724009502,3
899.089776193843,2
899.13487629426,2
899.210926463588,2
899.460677019665,2
899.741827645655,4
900.445679212801,2
900.622929607454,3
900.868430154068,3
900.997680441847,7
901.224230946269,4
901.231580962634,4
901.249731003045,3
901.457981466721,4
901.461531474625,4
901.593881769307,3
901.635231861374,5
901.64413188119,3
901.960432585443,2
902.023232725269,5
902.480483743352,4
902.608334028014,7
902.624784064641,4
902.737734316128,7
902.849784565611,3
903.009234920632,4
903.251785460678,5
903.438385876149,2
903.443235886947,2
903.483185975898,4
903.492535996716,2
903.492985997718,4
903.496236004954,2
903.573536177065,2
903.595836226717,4
903.600636237404,4
903.634286312327,2
903.642086329694,2
903.648286343498,2
904.009687148168,3
904.020737172771,5
904.177337521446,2
904.182987534026,2
904.336387875576,4
904.347537900402,4
904.635638541867,5
904.751438799699,2
904.761488822076,2
904.766188832541,2
905.373940185717,2
905.591090669208,3
905.876641304995,5
906.868093512492,2
907.005893819309,3
907.045643907814,3
907.315444508532,4
907.337344557293,3
908.166896404315,3
908.342296794849,2
908.374196865875,2
908.378496875449,2
908.4082969418,2
908.41659696028,2
908.422446973305,2
908.498597142856,2
908.541097237484,2
908.546647249841,2
908.809197834418,2
908.812997842878,2
908.958298166394,2
909.205248716236,4
909.214298736386,4
909.229298769784,7
909.313598957481,4
909.424049203402,4
909.446849254167,4
909.527799434405,4
909.534849450102,4
909.542499467135,4
909.54569947426,4
909.563149513113,4
909.649149704595,4
909.649399705151,3
909.655549718845,4
909.677199767049,4
909.765549963763,4
909.768649970666,4
909.783700004175,4
909.821250087781,7
910.30020115418,3
910.640251911312,7
910.645001921889,3
910.846202369867,4
910.996602704738,2
911.19340314292,4
911.196853150601,4
911.555153948368,3
911.618254088863,3
911.64830415577,3
912.041655031577,3
912.046055041374,7
912.175505329599,2
912.274805550694,2
912.424605884228,2
912.479856007244,2
912.499856051775,2
912.505156063576,2
912.506256066025,3
912.512756080497,2
912.994407152908,2
913.037307248426,2
913.41810809629,7
913.756358849415,2
913.766608872237,2
913.77235888504,2
914.394910271168,2
914.480060460758,2
914.616060763566,7
914.970511552761,4
915.275012230741,2
915.51166275765,4
915.515362765888,4
915.721763225445,2
915.735613256282,4
915.740213266524,4
915.776363347014,2
915.854363520683,3
915.875163566995,3
917.836267933451,4
917.847117957609,4
917.855217975644,4
917.914168106898,6
917.939568163452,3
918.108218538957,3
918.116968558439,4
918.196318735114,3
918.213818774079,4
918.240768834084,4
918.248218850671,4
918.330919034806,3
918.416919226288,7
918.424219242542,7
918.449569298984,3
918.459319320693,7
918.482619372571,3
918.492719395059,4
918.513069440369,3
918.832620151858,4
918.919420345121,3
919.093770733317,1
919.190020947621,4
919.203720978125,4
919.214321001726,3
919.313321222153,4
919.321371240077,5
919.495821628495,3
919.560571772663,2
920.505923877517,2
920.513973895441,2
920.547373969807,4
920.553673983834,4
920.591824068777,2
920.59532407657,2
920.656324212388,4
920.740924400753,2
920.764874454078,4
920.839724620734,3
920.919974799414,2
920.96467489894,4
920.974574920982,4
920.980324933785,4
921.035825057358,3
921.103825208762,4
921.179825377979,3
921.650626426231,3
921.653826433356,7
921.796726751527,4
921.973077144177,7
922.293077856668,7
922.43372816983,4
922.532678390145,2
922.561528454381,7
922.587828512938,2
922.595578530194,2
922.65272865744,2
922.684878729024,2
922.693628748506,2
922.702328767877,2
922.848229092728,2
922.89087918769,2
923.058479560857,2
923.360030232268,4
923.377630271455,4
923.551980659651,3
923.578830719434,5
923.590480745373,4
923.595880757396,4
923.59903076441,4
923.602730772648,4
923.714581021686,4
923.71963103293,4
923.729231054304,4
923.862981352103,4
923.874131376929,4
923.972731596465,4
924.062881797187,4
924.076981828581,4
924.087031850958,3
924.324582379871,2
924.565882917134,2
924.570332927042,2
924.58043294953,5
924.653433112067,2
924.65808312242,2
924.688033189105,2
925.058434013813,2
925.062484022831,3
925.063284024612,2
925.078834059235,2
925.087834079273,2
925.095334095972,2
925.188234302817,2
925.193084313616,2
925.472984936823,5
925.575335164709,5
925.707035457943,5
926.285336745548,3
926.464137143652,2
926.577187395362,2
926.634937523944,4
926.738587754724,4
926.855338014672,4
927.101388562511,2
927.105088570749,3
927.1966887747,2
927.227288842832,2
927.231738852739,2
927.279838959836,7
927.341289096656,3
927.34708910957,3
927.368139156439,3
927.557689578478,3
927.770990053398,3
927.800340118747,3
927.853690237532,3
927.876090287407,3
927.887340312455,3
927.888690315461,3
927.902490346187,7
927.908540359658,3
927.92069038671,7
927.92634039929,3
927.933690415655,3
927.943090436584,3
928.061390699983,3
928.153190904379,2
928.178740961267,3
928.268241160542,2
928.482391637354,7
928.693792108044,3
929.051942905477,3
929.240293324844,7
929.268043386631,2
929.743094444346,2
929.860044704739,2
930.003895025026,2
930.044445115312,2
930.118545280298,2
930.434545983883,7
930.89914701833,2
930.940247109841,2
930.959397152479,2
930.99409722974,2
930.999647242097,2
931.027297303661,7
931.036197323477,2
931.055947367451,2
931.065897389605,2
931.069447397509,2
931.072647404634,2
931.083297428346,2
931.08834743959,2
931.096347457403,2
931.111897492025,2
931.176847636639,2
931.180097643875,2
931.207647705216,2
931.233547762883,2
931.239797776799,2
931.282847872651,2
931.899199244975,7
932.335000215299,2
932.527050642905,2
932.659850938589,7
932.993201680804,2
933.1521020346,2
933.184652107074,3
933.340802454747,3
933.503852817783,3
933.547102914081,2
933.558552939575,2
933.5644029526,2
933.569402963732,2
933.578252983437,2
933.585052998578,2
933.589903009376,2
933.66390317414,2
933.752303370965,2
933.773553418279,4
933.813203506562,2
934.518805077604,2
934.530955104656,2
934.53825512091,2
934.615305292464,2
934.641405350577,2
934.663105398893,2
934.970206082661,3
935.040356238853,3
935.555007384738,2
935.647957591695,4
935.741557800098,4
935.758457837727,2
935.800507931353,2
935.835258008725,2
935.876358100235,2
935.880208108807,3
935.887208124393,3
935.89725814677,7
935.905258164582,2
935.913408182728,3
935.925958210671,2
935.998158371427,2
936.005358387458,2
936.04275847073,2
936.059758508581,2
936.062508514704,2
936.080458554671,2
936.083408561239,2
936.093658584061,2
936.097808593301,4
936.110308621133,4
936.142658693161,2
936.15580872244,2
936.173658762184,2
936.268058972368,2
936.376859214615,2
936.41885930813,2
936.497759483803,3
936.505409500836,2
936.545259589564,2
936.714459966293,2
936.726059992121,3
936.874660322984,3
937.025010657743,2
937.047810708508,2
937.13796090923,4
937.184061011874,2
937.247411152924,4
937.286361239648,3
938.093813037463,3
938.224363328137,4
938.425213775336,4
938.428463782572,4
938.542914037399,4
938.664014307033,5
938.67296432696,4
938.686714357575,4
938.757964516215,4
938.912264859769,2
939.101915282032,2
939.427316006546,3
939.930267126381,3
940.003317289029,4
940.144017602303,4
940.151017617888,4
940.195367716635,2
940.259017858354,3
940.295117938732,3
940.807419079385,3
940.827219123471,3
941.033669583139,3
941.058469638357,4
941.24777005984,3
941.312420203785,3
941.333670251099,3
941.356070300973,7
941.454720520621,7
941.537070703976,4
941.57417078658,3
941.629520909819,3
941.666270991644,3
941.755171189583,4
942.196522172264,4
942.429472690935,3
942.568823001202,4
942.577923021464,4
942.593923057088,4
942.731773364016,4
942.876773686863,4
942.984873927552,4
943.465724998181,3
943.5501251861,4
943.774075684732,7
944.908028209511,4
944.95662831772,2
944.960578326515,2
944.991378395092,7
945.122778687659,2
945.145528738312,2
945.284079046799,4
946.070780798413,5
946.137730947479,4
947.171783249827,3
947.229333377964,3
947.419183800671,4
947.695584416085,2
947.777284597993,4
947.796884641633,4
947.84763475463,4
947.878784823986,4
947.885734839461,4
947.948384978953,7
947.953334989974,4
948.077285265953,4
948.127085376835,3
948.368285913875,4
948.384585950167,4
948.454636106136,4
948.798336871396,4
950.341140306492,7
950.480040615758,2
950.56679080891,2
950.670041038799,2
950.804341337823,3
951.012741801832,3
951.093541981737,2
951.282292401995,2
951.491192867118,2
952.163744364573,3
952.981796185989,2
952.998946224174,3
953.000646227959,2
953.019596270152,7
953.152346565725,2
953.468947270645,2
953.622297612084,2
953.793347992933,2
953.831498077875,2
953.940898321458,2
954.035498532088,4
954.081298634063,5
954.428149406337,2
954.504699576778,2
954.509399587243,2
954.53114963567,2
954.578499741096,2
954.583349751895,2
954.594249776164,2
954.600599790302,2
954.685949980337,2
954.881900416626,4
955.004650689933,7
955.302451352995,3
955.599502014387,4
955.610952039881,2
955.756552364064,7
955.796552453126,2
955.804102469936,4
955.878952636592,2
955.889502660082,2
955.99270288986,3
955.99835290244,2
956.001552909565,2
956.069803061526,2
956.080003084237,2
956.101103131217,2
956.150853241987,3
956.208103369456,2
956.290453552811,2
956.295453563943,2
956.301953578416,2
956.378853749636,2
956.3884037709,2
956.397603791384,2
956.401303799622,2
956.444503895808,2
956.568504171899,5
956.753354583473,7
956.95260502711,7
957.12670541475,3
957.584056433055,5
958.484358437604,2
958.490308450852,2
958.581058652909,2
958.584408660368,3
958.605108706458,2
958.696608910185,3
959.028259648616,2
959.286910224508,2
959.325260309896,2
959.35856038404,2
959.36801040508,2
959.389710453396,2
959.395710466755,2
959.427960538561,3
959.488810674046,3
959.963111730091,7
960.294162467185,2
960.429912769437,6
960.44886281163,4
960.797763588467,3
961.413164958676,3
961.620415420125,4
961.847215925103,3
963.745870152512,4
963.960820631106,3
964.019920762694,2
964.02582077583,2
964.421571656981,4
965.275673558664,3
965.702424508837,4
965.724624558266,4
965.726374562163,2
965.7375745871,2
965.74097459467,2
965.745374604467,2
965.758224633078,2
965.772674665251,2
965.792174708669,2
965.800374726926,2
965.803374733606,2
965.83972481454,2
965.847424831685,2
965.850874839366,2
965.859124857735,2
965.865974872987,2
966.051725286565,4
966.086225363381,2
966.103375401566,2
966.110575417597,2
966.114775426948,2
966.963977317721,4
967.134427697234,7
967.29332805103,3
967.550178622915,4
967.571128669561,4
967.615828769087,3
967.639478821745,4
967.660628868836,4
967.76892910997,4
967.772029116872,4
967.773129119321,3
967.777479129007,4
967.894329389177,4
967.928029464211,7
967.941379493935,7
967.950629514531,4
967.97017955806,4
967.978379576317,4
968.021179671613,3
968.117629886362,7
968.203730078067,4
968.316980330222,4
968.320780338682,4
969.042231945015,7
969.556983091124,5
969.616583223825,5
970.33433482192,2
970.761985774097,3
971.956388433469,3
973.335091503192,4
973.603992101907,3
973.952942878856,2
974.527644158445,5
974.806894780204,5
974.990895189887,4
975.105795445715,3
975.11424546453,4
975.117145470986,4
975.145145533329,2
975.206345669593,4
975.210545678945,5
975.213495685513,4
975.97804738781,4
975.981647395825,4
976.394848315829,4
976.402098331971,4
976.459448459663,2
976.496298541711,2
976.503848558521,2
976.563748691891,2
976.613198801993,2
976.620798818914,2
976.688348969317,2
976.699298993697,2
976.782549179056,6
976.976599611115,7
977.012049690046,2
977.016499699954,2
977.175800054641,5
977.377800504401,3
977.4806507334,4
977.705901234926,4
977.720851268213,4
977.792401427522,5
977.93105173623,2
977.936751748922,5
978.030001956546,4
978.033601964562,4
978.050152001411,5
978.211452360551,2
978.341652650445,5
978.499203001236,4
978.538203088071,2
978.540653093526,5
978.556403128594,2
978.559903136386,2
978.720903494858,5
978.761403585033,5
978.84495377106,3
978.918403934599,2
978.924053947179,2
979.032204187978,2
979.189654538546,3
979.260354695962,4
979.36240492318,4
979.439255094289,3
979.469705162087,3
979.479005182794,5
979.48340519259,7
979.510055251927,3
979.732705747665,5
979.747705781063,5
979.762205813348,5
979.768155826596,5
979.781055855318,3
979.795555887603,5
979.807555914321,3
979.853956017633,5
979.871156055929,3
979.923056171486,5
979.980406299178,5
980.009906364861,5
980.081606524503,5
980.107756582727,4
980.11540659976,4
980.198356784451,5
980.230606856257,4
980.338257095943,3
980.351157124665,7
980.351757126001,4
980.449607343868,5
980.472007393742,4
980.510207478795,3
980.530457523883,5
982.084410983805,2
982.099461017315,2
982.29226144659,6
982.343661561034,2
982.456661812633,5
983.508364154278,4
983.548164242894,4
984.910567276324,7
984.98011743118,2
984.996267467138,2
985.000967477603,2
985.012417503097,2
985.018767517235,2
985.223617973341,2
985.240018009856,2
986.218670188853,4
986.236220227929,4
986.291020349943,2
986.319420413177,4
986.334520446797,4
986.341620462606,4
986.553120933518,4
986.662071176098,4
986.889221681856,4
987.031971999693,4
987.826223768118,5
987.842023803297,4
987.859523842262,4
987.93822401749,4
987.941474024726,5
988.066574303265,4
988.643575587976,2
989.643427814176,2
990.740880257685,4
990.836530470653,3
990.970730769454,2
991.52383200095,2
991.56718209747,2
991.568532100476,3
991.583182133095,3
991.603632178627,3
991.619482213918,2
991.625282226832,3
991.629882237074,2
991.647382276038,3
991.658482300753,2
991.661932308434,2
991.744482492235,2
991.791532596993,2
991.89618283,2
991.925282894792,2
992.000033061226,2
992.091333264508,4
992.095533273859,7
992.408983971767,3
992.444334050475,3
992.658734527844,3
992.740084708972,5
992.795734832879,5
992.797784837443,3
992.812984871286,2
992.815034875851,4
992.824884897782,5
992.976235234768,5
993.281035913416,3
993.286335925216,2
993.389836155662,3
993.409936200416,4
993.511336426186,2
993.648186730887,4
993.648586731778,2
993.652836741241,4
993.748686954654,4
993.79263705251,2
993.875937237981,5
993.967287441375,4
994.056587640204,3
994.079937692194,3
994.184237924421,7
994.27163811902,2
994.305588194611,2
994.334388258735,4
994.371588341562,3
994.495238616873,2
994.583388813142,2
994.587788822939,2
994.805439307544,1
994.996689733368,4
995.071239899357,4
995.856641648076,3
996.138992276738,2
996.269342566967,2
996.273942577209,2
996.469743013164,2
996.639393390896,4
996.725993583714,2
996.921294018556,2
997.006844209036,2
997.052094309787,2
997.222644689522,2
997.672995692241,4
998.715698013848,5
999.679500159782,2
999.78645039791,3
1000.04475097302,3
1000.17295125846,7
1001.7936048669,3
1001.98745529851,5
1001.99245530964,4
1001.99550531643,4
1002.06240546539,3
1002.0779054999,7
1002.10215555389,4
1002.19165575317,7
1002.21080579581,4
1002.21455580416,4
1002.21755581084,4
1002.27205593218,2
1002.29235597738,3
1002.30415600365,2
1002.33185606533,2
1002.35330611309,2
1002.39450620482,2
1002.45980635021,4
1002.60180666638,2
1002.61060668598,2
1002.70235689026,4
1002.73020695227,2
1002.73725696797,2
1002.7939070941,2
1002.85230722413,2
1002.87845728235,2
1002.89845732688,2
1002.91395736139,2
1002.92160737843,2
1003.64785899545,2
1003.95275967432,2
1003.98860975414,2
1004.49921089101,3
1006.63956565657,4
1007.01781649876,3
1007.08451664727,3
1007.38411731434,7
1007.71301804664,4
1007.71551805221,2
1007.86236837918,4
1007.86841839265,4
1008.24466923038,3
1008.33271942643,3
1008.34841946138,7
1008.48266976029,4
1008.78592043549,3
1008.81752050585,7
1009.16102127066,7
1009.21002137976,4
1009.2507714705,3
1009.26077149276,3
1009.4260218607,2
1009.43717188552,2
1009.43937189042,3
1009.54827213289,2
1009.56207216362,4
1009.56507217029,2
1009.62077229431,2
1009.63992233695,2
1009.65682237458,2
1009.6608723836,2
1009.66577239451,4
1009.69057244972,3
1009.69952246965,2
1009.70632248479,2
1009.71817251118,2
1009.72642252955,5
1009.7359225507,2
1009.74032256049,2
1009.75547259423,2
1009.76112260681,2
1009.78722266492,4
1009.82092273995,2
1009.85007280486,2
1009.85307281154,2
1009.85612281833,2
1009.8979229114,4
1009.90612292965,4
1009.9319229871,2
1009.94237301037,2
1009.94747302172,2
1009.96727306581,2
1009.97182307594,2
1009.98012309442,2
1010.00262314451,2
1010.02447319316,2
1010.0299232053,2
1010.03722322155,2
1010.0422732328,2
1010.04862324694,2
1010.05427325952,2
1010.06142327543,2
1010.06882329191,2
1010.0753733065,2
1010.08387332542,2
1010.10437337106,2
1010.1451234618,2
1010.14897347037,2
1010.15207347727,3
1010.1561734864,2
1010.16492350588,2
1010.17437352692,2
1010.2122236112,5
1010.22142363168,5
1010.26162372119,2
1010.26807373555,2
1010.5645243956,4
1010.78132487832,3
1011.54357657549,2
1011.58832667513,2
1011.61297673001,7
1011.69967692305,2
1011.88317733162,2
1012.32247830974,3
1012.40027848296,7
1012.51232873245,3
1012.85647949871,3
1013.31933052926,2
1013.69223135953,2
1013.69843137334,2
1013.75463149847,2
1013.79843159599,7
1013.89488181074,2
1014.10723228355,2
1014.57653332846,5
1014.82413387975,2
1015.00883429099,4
1015.40908518216,2
1015.44173525486,2
1015.59018558538,2
1015.79258603603,5
1016.60933785456,3
1016.75288817418,7
1016.76168819377,3
1016.8222883287,3
1016.82668833849,3
1016.95538862505,7
1016.96218864019,3
1017.04253881909,3
1017.06968887954,7
1017.25763929802,3
1017.32588944998,3
1017.39368960094,3
1017.3979396104,7
1017.46983977049,7
1017.63594014032,7
1017.69514027213,3
1017.75509040561,3
1017.76844043533,3
1017.83069057393,3
1017.90539074026,7
1017.97474089467,3
1018.17569134209,3
1018.18164135534,4
1018.29819161484,7
1018.3333416931,3
1018.43139191141,2
1018.86719288174,7
1018.89909295276,7
1019.11139342546,7
1019.14199349359,3
1019.46019420207,3
1019.47914424426,3
1019.56589443742,7
1019.58484447961,3
1019.59094449319,3
1019.60259451913,3
1019.76199487404,3
1020.41639633108,2
1020.60684675513,2
1020.80819720344,2
1021.35764842681,2
1021.50424875322,2
1021.61444899858,2
1021.64614906916,2
1021.65214908252,2
1021.6551490892,2
1021.66809911804,2
1021.68409915366,2
1021.7429992848,2
1021.77899936496,2
1021.78479937787,2
1021.82809947428,2
1021.83549949076,2
1021.91164966031,2
1021.92024967946,2
1021.99794985246,2
1022.35435064599,2
1022.36105066091,2
1022.36910067884,2
1022.47020090394,2
1022.47880092309,2
1022.91270188918,3
1023.22825259176,2
1023.24525262961,2
1023.37590292051,3
1023.44115306579,2
1023.44425307269,2
1024.23505483344,2
1024.47385536513,2
1024.62795570824,2
1024.97355647773,3
1025.04065662713,3
1025.0780567104,7
1025.20500699306,2
1025.22040702735,2
1025.29790719991,2
1025.3080072224,2
1025.31825724522,2
1025.32585726214,2
1025.474907594,2
1025.50545766203,2
1025.54010773917,2
1025.55410777035,2
1025.55870778059,2
1025.56870780285,2
1025.57425781521,2
1025.58780784538,2
1025.59525786197,2
1025.6766080431,2
1025.69160807649,2
1025.69570808562,2
1025.70285810154,2
1026.04560886469,3
1026.11075900975,5
1026.21580924364,5
1026.22700926858,4
1026.24050929864,4
1026.44230974795,4
1026.45365977322,4
1026.53350995101,7
1027.63951241356,7
1027.75066266104,2
1027.8723129319,2
1027.97056315065,3
1027.97941317036,2
1028.03541329504,7
1028.03601329638,2
1028.06576336262,2
1028.10636345302,2
1028.18261362279,2
1028.22806372399,2
1028.40751412354,2
1028.46791425802,5
1028.52096437614,5
1028.53391440497,4
1028.65731467973,4
1028.65916468385,7
1028.77971495225,4
1028.7887649724,4
1028.80201500191,4
1028.876165167,4
1028.88226518059,2
1028.8823151807,4
1028.88711519138,4
1028.89156520129,4
1028.90696523558,4
1029.00276544888,4
1029.08951564203,2
1029.16531581081,4
1029.17511583263,2
1029.24746599372,4
1029.33086617941,4
1029.33186618163,2
1029.34791621737,4
1029.36721626034,2
1029.36991626635,4
1029.37161627014,2
1029.3758662796,4
1029.37886628628,5
1029.38236629407,4
1029.43051640128,2
1029.44291642889,2
1029.4738664978,4
1029.47741650571,4
1029.49191653799,4
1029.78156718291,4
1029.79206720629,2
1029.79731721798,2
1029.81346725393,2
1029.84876733253,2
1029.906917462,2
1029.93181751744,2
1029.94636754984,2
1030.22776817639,2
1030.26906826834,4
1030.36726848699,2
1030.36751848754,4
1030.37591850625,3
1030.37726850925,4
1030.38346852306,4
1030.4158685952,2
1030.4578186886,4
1030.47116871833,4
1030.47381872423,4
1030.48211874271,4
1030.48511874939,4
1030.56631893018,4
1030.56981893797,4
1030.57316894543,4
1030.57881895801,5
1030.58306896747,4
1030.61396903627,2
1030.62271905576,2
1030.6260190631,2
1030.68711919915,2
1030.69956922687,2
1030.70376923622,2
1030.72231927752,2
1030.73001929466,4
1030.73606930813,2
1030.7403193176,2
1030.74036931771,4
1030.79611944184,2
1030.80021945097,4
1030.82196949939,4
1030.82831951353,4
1030.83221952222,2
1030.83251952288,4
1030.85636957599,4
1030.86081958589,4
1030.86451959413,5
1030.8679196017,4
1030.95016978483,4
1030.95491979541,4
1031.15147023304,4
1031.4885709836,2
1031.58357119512,2
1031.59102121171,3
1031.59882122908,2
1031.61337126147,2
1031.7234215065,5
1031.79527166648,2
1031.99592211323,5
1032.05107223603,3
1032.09092232475,4
1032.11157237073,4
1032.11952238843,4
1032.42962307888,5
1032.76712383034,5
1033.20667480901,5
1033.28942499325,3
1034.30342725096,3
1035.40292969903,7
1035.9541309263,5
1036.00323103562,7
1036.42418197288,4
1036.70188259119,2
1037.00593326817,7
1037.11658351453,3
1037.21153372594,4
1037.22668375968,4
1037.23993378918,4
1038.89633747721,7
1039.06643785594,3
1039.07823788221,3
1039.25193826896,3
1039.42683865838,2
1039.45948873108,3
1039.6515891588,3
1039.66913919787,3
1039.6864892365,3
1040.11969020104,5
1040.17324032027,3
1040.17634032717,5
1040.32339065458,5
1040.37984078027,5
1040.38064078205,3
1040.54664115166,5
1040.6876414656,5
1040.73854157893,4
1041.66414363981,4
1041.91804420513,3
1041.97454433092,5
1042.1328946835,4
1042.38154523712,4
1043.23639714048,5
1043.27954723655,2
1043.3852474719,2
1043.40119750741,4
1043.48829770134,7
1043.55569785141,5
1043.68299813485,4
1043.77554834091,4
1043.78679836596,4
1043.78789836841,2
1043.88019857392,5
1043.89794861344,4
1043.90654863259,4
1044.04454893985,4
1044.08329902613,7
1044.21474931881,2
1044.74685050354,3
1044.7537005188,2
1044.91955088807,3
1045.0397511557,7
1045.11465132246,3
1045.26720166212,4
1045.27345167604,4
1045.53850226618,7
1045.62150245098,4
1045.62800246546,4
1045.63200247436,4
1045.86450299203,4
1045.93655315245,4
1045.94175316403,4
1046.47250434576,7
1046.5040044159,7
1046.8306551432,3
1047.02820558305,2
1047.04215561411,2
1047.14655584656,2
1047.21270599384,2
1047.21805600576,2
1047.27465613178,2
1047.33590626815,2
1047.33930627572,2
1047.49575662406,5
1047.62120690338,4
1047.7016070824,4
1047.70865709809,4
1047.77070723625,3
1047.80255730716,4
1047.80700731707,4
1047.81940734468,4
1047.82570735871,4
1047.91155754986,4
1047.94275761932,3
1047.95540764749,7
1047.98795771996,4
1047.9912077272,4
1047.99680773967,4
1048.02750780802,4
1048.03500782472,4
1048.1205580152,2
1048.17100812753,3
1048.27540835998,5
1048.36760856527,5
1048.39605862861,7
1048.43280871044,7
1048.57820903418,3
1048.5964090747,3
1049.12101024274,4
1050.03396227545,4
1050.03801228447,4
1050.04241229427,4
1050.1326124951,5
1050.15921255433,4
1050.18756261745,2
1050.24036273501,2
1050.27951282218,2
1050.28961284467,2
1050.32546292449,2
1050.36441301121,2
1050.36871302078,2
1050.37221302858,2
1050.41781313011,2
1050.49336329832,2
1051.02716448685,3
1051.05846455654,4
1051.0724145876,4
1051.08006460463,4
1051.09856464582,3
1051.13581472876,3
1051.32681515403,3
1051.7363660659,4
1051.83881629401,2
1051.94451652936,4
1051.95521655318,4
1052.21461713074,2
1052.33236739292,2
1052.35151743556,3
1052.36866747374,3
1052.54736787162,2
1052.61671802603,3
1052.62111803583,7
1052.70141821462,5
1053.1176191413,5
1053.33181961823,5
1053.34286964283,2
1053.61162024121,5
1054.29417176093,3
1054.30207177852,3
1054.33017184109,3
1054.38462196232,7
1054.69372265054,5
1054.81037291027,5
1055.49977444524,3
1055.8801252921,6
1056.58747686704,3
1056.89612755426,7
1057.70262934996,3
1057.87532973448,3
1057.8873297612,7
1058.4311809721,7
1058.44103099403,5
1058.96208215417,2
1059.35903303799,3
1059.36518305169,3
1059.37193306672,3
1059.37988308442,3
1059.387333101,3
1059.39273311303,3
1059.41108315388,7
1059.4195331727,7
1059.42783319118,7
1059.53808343665,3
1059.67303373712,7
1059.71373382774,3
1059.89968424177,3
1060.33613521354,3
1060.36228527176,3
1060.38013531151,2
1060.43998544476,3
1060.44423545423,2
1060.70903604381,2
1060.76288616371,7
1060.77968620112,2
1061.70438825999,2
1061.71033827324,2
1061.81808851315,2
1061.86043860745,2
1061.9012886984,3
1061.93623877622,2
1061.94683879982,2
1061.96233883433,2
1062.05948905064,2
1062.06788906934,2
1062.12193918968,2
1062.12743920193,2
1062.1361392213,2
1062.14448923989,2
1062.16733929077,2
1062.17018929711,2
1062.2235394159,2
1062.24678946767,2
1062.2504894759,2
1062.31868962775,2
1062.32528964245,2
1062.33253965859,2
1062.34638968943,2
1062.35178970145,2
1062.35978971926,2
1062.36973974142,2
1062.38338977181,2
1062.41903985119,2
1062.42338986087,2
1062.4314398788,2
1062.43743989216,2
1062.44348990563,2
1062.46623995628,2
1062.47393997342,2
1062.48578999981,2
1062.49319001628,2
1062.53159010178,2
1063.00729116095,3
1063.08269132883,4
1063.08769133996,4
1063.23059165813,3
1063.26204172816,3
1063.32529186898,3
1063.37944198955,7
1063.53904234491,3
1064.02609342934,2
1064.03379344648,2
1064.08399355825,2
1064.16679374261,2
1064.23619389713,2
1064.3057940521,2
1064.31044406245,2
1064.34029412892,2
1064.3441941376,2
1064.35019415096,2
1064.78279511416,5
1064.84994526367,5
1064.85719527981,4
1064.86054528727,2
1064.8655452984,4
1064.91134540038,2
1064.93974546361,2
1064.95729550269,4
1064.96009550892,2
1064.96099551092,4
1064.96684552395,4
1064.97284553731,2
1064.99194557984,5
1064.99244558095,2
1064.99509558685,2
1065.00294560433,5
1065.02469565276,2
1065.03579567747,2
1065.05474571966,4
1065.0575457259,4
1065.06824574972,4
1065.07514576508,4
1065.14999593174,4
1065.15239593708,4
1065.15514594321,4
1065.16409596313,4
1065.17554598863,4
1065.1859960119,4
1065.22534609951,4
1065.22944610864,5
1065.23354611777,4
1065.24184613625,4
1065.24514614359,4
1065.25684616965,4
1065.25984617632,4
1065.26439618646,4
1065.27159620249,4
1065.27774621618,4
1065.28574623399,4
1065.29544625559,4
1065.29779626082,2
1065.31149629133,4
1065.31829630647,2
1065.35309638395,4
1065.35544638918,4
1065.35834639564,4
1065.36334640677,4
1065.38019644429,4
1065.38359645186,4
1065.3881964621,4
1065.39254647179,4
1065.40329649572,4
1065.41434652032,4
1065.41804652856,4
1065.44629659146,4
1065.44929659814,4
1065.45454660983,4
1065.47044664523,4
1065.49119669143,4
1065.50114671359,4
1065.5033967186,4
1065.51584674632,4
1065.52484676636,4
1065.53069677938,4
1065.5404968012,4
1065.55114682491,4
1065.55909684261,4
1065.63309700738,4
1065.63604701395,4
1065.63924702107,5
1065.65214704979,4
1065.67894710947,4
1065.68159711537,4
1065.68499712294,4
1066.04169791714,7
1066.1699982028,3
1066.86514975058,3
1067.06985020635,4
1067.07565021927,4
1067.15460039505,7
1067.24995060735,4
1067.26950065088,4
1067.28585068728,4
1067.84945194216,4
1068.36440308871,3
1068.77315399881,1
1068.82595411637,2
1068.94605438377,2
1069.03920459118,2
1069.11105475115,4
1069.15965485936,2
1069.21515498293,7
1069.43470547177,2
1069.45505551708,4
1069.46480553879,4
1069.54400571513,2
1069.57120577569,4
1069.65485596194,4
1069.68585603096,4
1069.69670605512,3
1069.69725605635,4
1069.71255609041,4
1069.74105615387,4
1069.75510618515,4
1069.76030619673,4
1069.79615627655,4
1069.79970628445,4
1069.80555629748,4
1069.87385644955,4
1069.87695645645,4
1069.89515649698,4
1069.91035653082,4
1069.91435653973,4
1069.91705654574,4
1069.94495660786,4
1069.96785665885,4
1070.00230673555,4
1070.00885675013,4
1070.02000677496,4
1070.03435680691,3
1070.05320684888,4
1070.17275711506,4
1070.17695712441,3
1070.1941071626,2
1070.20415718498,4
1070.29795739383,4
1070.31175742455,3
1070.38380758497,4
1070.44045771111,4
1070.46085775653,4
1070.46555776699,1
1070.49190782566,5
1071.19420938936,5
1071.65056040544,4
1071.9598610941,5
1072.06406132611,5
1072.15881153707,5
1073.30926409859,7
1073.53421459945,3
1073.57366468728,3
1073.61016476855,3
1073.71831500935,2
1073.80951521241,4
1073.81216521831,7
1073.87321535424,7
1073.93831549919,5
1074.01066566028,2
1074.05436575758,4
1074.17041601597,4
1074.17491602599,4
1074.19716607553,4
1074.48381671376,4
1074.82791747991,7
1074.99891786065,5
1075.079018039,2
1075.09611807707,2
1075.1143681177,5
1076.0908202918,3
1076.95782222221,2
1078.03177461339,3
1078.37867538578,2
1078.4471755383,2
1078.72602615917,2
1078.77557626949,2
1078.945576648,2
1078.96337668763,2
1079.00797678694,2
1079.01477680208,2
1079.04792687589,2
1079.09732698588,2
1079.10467700224,2
1079.30502744833,2
1079.31657747404,2
1079.32647749609,2
1079.38672763024,7
1079.52332793438,2
1079.53727796544,6
1079.54392798025,2
1079.54797798926,2
1079.55957801509,2
1079.56452802611,2
1079.57052803947,2
1079.57957805962,2
1079.58827807899,2
1080.0813791769,4
1080.12622927676,3
1080.41662992334,4
1080.4261299445,4
1080.52323016069,4
1080.54448020801,5
1080.80528078869,7
1081.34048198033,2
1082.13413374742,7
1082.17683384249,7
1082.21508392765,7
1083.18808609407,3
1083.273836285,3
1083.71663727091,3
1083.77578740261,3
1083.79348744201,7
1083.85503757906,3
1083.90473768972,3
1084.04798800867,2
1084.07988807969,2
1084.27643851732,2
1084.3981887884,2
1084.42118883961,3
1084.45583891676,2
1084.52723907573,2
1084.58288919964,4
1084.71628949666,2
1084.78548965074,4
1084.80553969538,2
1085.17799052465,7
1085.41749105791,4
1085.42354107138,4
1085.42644107783,2
1085.51904128401,4
1085.52509129748,2
1085.52889130594,4
1085.53124131117,4
1085.5547413635,3
1085.61619150032,2
1085.6743916299,2
1085.71414171841,2
1085.73429176327,2
1085.74054177719,2
1085.75014179856,4
1085.7657418333,2
1085.77324185,2
1085.81669194674,2
1085.81949195297,2
1085.82279196032,2
1085.83194198069,2
1085.83689199171,2
1085.98619232414,4
1086.02874241887,2
1086.17224273838,2
1086.18854277467,3
1086.20469281063,2
1086.22079284648,3
1086.24544290136,2
1086.24929290994,3
1086.25249291706,2
1086.26249293933,2
1086.26609294734,2
1086.2981430187,2
1086.30434303251,2
1086.42334329746,2
1086.42684330526,2
1086.62894375524,5
1086.75189402899,5
1086.76094404914,5
1086.81614417205,3
1086.87669430686,4
1087.23824511187,3
1087.3297453156,5
1087.54539579575,2
1087.65429603822,5
1087.6820461,2
1087.74544624117,2
1087.77419630518,2
1087.86464650657,5
1087.88769655789,2
1087.99449679568,4
1087.99859680481,4
1088.06804695945,2
1088.07674697882,2
1088.15889716173,2
1088.17889720626,5
1088.18149721205,4
1088.35764760425,4
1088.37409764088,4
1088.38334766147,4
1088.38714766993,4
1088.53569800068,5
1089.3448998024,7
1089.59260035391,5
1089.6252504266,5
1089.90905105849,5
1090.23540178512,5
1090.3222519785,5
1090.3324020011,5
1090.40995217377,5
1090.48855234877,2
1090.51970241813,7
1090.67605276625,2
1090.71745285842,2
1090.7416029122,2
1090.75175293479,2
1090.75935295172,2
1090.83730312527,2
1090.84380313975,2
1090.9628034047,7
1091.05455360899,2
1091.07900366343,2
1091.1482038175,7
1091.15015382185,2
1091.17130386894,2
1091.27390409738,5
1091.28645412532,2
1091.34580425747,3
1091.36035428986,4
1091.3614042922,2
1091.39050435699,2
1091.39255436156,4
1091.40910439841,5
1091.41580441332,2
1091.42240442802,4
1091.46905453189,4
1091.47415454324,4
1091.90115549397,2
1092.20080616115,2
1092.36415652486,2
1092.37795655558,2
1092.3846565705,2
1093.25725851338,3
1093.74760960516,7
1093.77100965726,3
1093.87320988481,3
1094.021060214,3
1094.02741022814,3
1094.17056054687,3
1094.27066076975,7
1094.69386171201,3
1094.69956172471,3
1094.73071179406,3
1094.73841181121,3
1094.74176181867,3
1094.74911183503,3
1094.75476184761,3
1094.77021188201,3
1094.8152119822,7
1094.82311199979,3
1094.95391229102,3
1094.95746229893,7
1094.97316233389,3
1095.07956257079,3
1095.28521302868,2
1095.30941308256,3
1095.3171130997,7
1095.34461316093,3
1095.37811323552,7
1095.51881354879,3
1095.58206368962,3
1095.62241377946,3
1095.73556403139,7
1095.76311409274,1
1096.59171593764,3
1096.93881671047,3
1096.97136678295,3
1097.07506701384,2
1097.18001724751,2
1097.80711864377,2
1097.8889188259,2
1099.02017134467,7
1099.200871747,3
1099.23002181191,7
1099.26342188627,2
1099.29777196275,2
1099.36487211215,2
1099.38447215579,2
1099.38772216303,2
1099.56117254922,7
1099.65722276308,4
1099.80617309472,3
1099.81517311476,3
1099.85277319848,7
1099.96817345542,2
1100.26812412327,4
1100.3450742946,3
1100.34937430418,2
1100.35097430774,3
1100.36797434559,3
1100.40442442675,2
1100.41352444701,2
1100.42637447562,2
1100.42962448286,2
1100.43752450045,2
1100.44102450824,2
1100.47887459251,2
1100.48447460498,2
1100.488074613,2
1100.49567462992,2
1100.50187464372,2
1100.51252466744,2
1100.71797512488,2
1100.72377513779,2
1100.74327518121,2
1100.74712518978,2
1100.76492522941,2
1100.77647525513,2
1100.80292531402,2
1100.8059253207,2
1100.81197533417,2
1100.81727534597,2
1100.82172535588,2
1100.83082537614,2
1100.84152539997,2
1100.84817541477,2
1100.86177544505,2
1100.86452545118,2
1100.89352551575,3
1100.91492556339,2
1100.92212557942,2
1100.93007559713,2
1101.25892632932,5
1101.38337660641,5
1101.65052720123,4
1101.87057769118,4
1101.87467770031,4
1101.88557772458,4
1101.89132773738,5
1101.97877793209,5
1102.1041782113,5
1102.11612823791,5
1102.2542785455,5
1102.57302925521,3
1102.73907962493,2
1103.22933071648,7
1103.65218165797,5
1103.78948196368,5
1103.86013212098,5
1104.00493244338,5
1104.22038292309,3
1104.2588330087,7
1104.28018305624,7
1104.50728356188,3
1104.52883360986,2
1104.63343384276,7
1104.67828394262,5
1104.75593411551,7
1104.85193432926,5
1104.93968452464,5
1105.04058474929,3
1105.06008479271,5
1105.24723520941,5
1105.25098521776,2
1105.32263537729,2
1105.3297353931,5
1105.63738607809,5
1105.71078624152,2
1106.03898697226,2
1106.21353736091,2
1106.22083737716,2
1106.35453767485,7
1106.37273771537,3
1106.41173780221,2
1106.48643796853,2
1106.49418798578,2
1106.51538803299,4
1106.56608814587,2
1106.63878830774,2
1106.66618836875,2
1106.68818841773,5
1106.70423845347,2
1106.71198847072,2
1106.71528847807,2
1106.72518850011,5
1106.76498858873,2
1106.95633901478,2
1107.11033935766,7
1107.1550894573,2
1107.19763955204,7
1107.21493959056,3
1107.34618988279,1
1107.35343989893,4
1107.35828990973,4
1107.36408992264,4
1108.19349176933,3
1108.20529179561,3
1108.21304181286,3
1108.68524286423,3
1109.13654386907,3
1109.21734404897,3
1109.35239434966,3
1109.49319466316,3
1109.73609520398,3
1109.96464571286,2
1109.97374573312,2
1109.98069574859,2
1110.10274602034,2
1110.14329611063,3
1110.49729689882,7
1111.16579838726,7
1111.71529961074,3
1111.83379987458,2
1111.96200016003,3
1112.04770035084,2
1112.05885037567,2
1112.13400054299,4
1112.2620508281,7
1112.33610099297,3
1112.35815104207,4
1112.48130131626,3
1112.49545134777,3
1112.52420141178,4
1112.54345145464,3
1113.25350303559,2
1113.25870304717,2
1113.27020307278,3
1113.32500319479,2
1113.38210332193,2
1113.38775333451,2
1113.41955340531,2
1113.43075343025,2
1113.45485348391,7
1113.49395357096,2
1113.71245405746,2
1113.93505455309,7
1114.26020527705,2
1114.44240568272,7
1114.56010594478,5
1114.7014562595,7
1114.94785680812,3
1115.03195699537,7
1115.1137571775,3
1115.2060073829,2
1115.22960743545,7
1115.28355755557,4
1115.30070759375,4
1115.30935761301,2
1115.42050786049,2
1115.46190795267,2
1115.47030797137,2
1115.51270806578,2
1115.51640807402,2
1115.51925808036,2
1115.53325811153,2
1115.53760812122,2
1115.54220813146,2
1115.5591581692,2
1115.56275817722,2
1115.57130819625,2
1115.57515820483,2
1115.59440824769,2
1115.59685825314,2
1115.60180826416,2
1115.641258352,2
1115.6439083579,2
1115.64710836503,2
1115.65340837905,2
1115.66170839753,2
1115.66790841134,2
1115.67455842614,2
1115.69235846578,2
1115.95515905091,2
1115.96840908041,2
1115.97130908687,2
1116.04740925631,2
1116.14595947573,2
1116.27875977142,3
1116.41866008291,5
1116.42006008602,4
1116.42386009449,4
1116.57911044016,3
1116.85881106292,5
1116.95756128279,2
1117.06221151579,7
1117.20291182907,2
1117.21031184554,2
1117.23371189764,2
1117.45441238904,2
1117.51091251484,5
1117.55161260546,2
1117.66361285483,4
1117.80071316009,2
1117.93401345689,5
1118.2148140821,5
1118.24076413988,5
1118.32501432746,2
1118.36061440673,2
1118.38191445415,7
1118.97551577582,2
1118.98886580555,2
1119.042515925,2
1119.0606159653,2
1119.3201665432,3
1119.53391701912,6
1119.59276715015,4
1119.72911745374,3
1119.79576760214,2
1119.80466762195,2
1119.82496766715,5
1119.83476768897,2
1119.85056772415,4
1119.919667878,2
1119.92311788568,2
1120.06651820497,2
1120.17551844766,2
1120.21151852782,4
1120.22041854763,5
1120.25106861588,5
1120.26121863848,5
1120.28476869091,2
1120.29696871807,2
1120.66731954267,7
1121.02137033098,4
1121.16157064314,4
1121.62327167113,4
1121.78677203517,3
1122.08697270357,4
1122.52447367768,7
1122.55652374904,3
1122.8097243128,3
1123.0467748406,7
1123.24422528023,7
1123.33777548852,4
1123.33807548919,2
1123.41952567054,2
1123.44032571685,4
1123.474525793,2
1123.48032580591,2
1123.48672582016,2
1123.50432585935,2
1123.50752586647,2
1123.51262587783,2
1123.59512606152,3
1123.59877606964,2
1123.60177607632,2
1123.60937609325,2
1123.61767611173,2
1123.64552617373,3
1123.6956762854,2
1123.70347630276,2
1123.7190763375,2
1123.74582639706,2
1123.75237641164,2
1123.87532668539,2
1123.8908267199,4
1123.89177672202,2
1124.01862700445,2
1124.1207772319,4
1124.13862727164,4
1124.60367830709,2
1124.68397848588,4
1124.80337875173,5
1124.93117903628,4
1125.41808012038,7
1125.69118072844,3
1128.00948589022,2
1128.30023653758,3
1128.37213669767,2
1128.40048676079,2
1128.40783677716,2
1128.43943684752,2
1128.4587868906,2
1128.46618690708,7
1128.47038691643,2
1128.48418694715,4
1128.48918695829,4
1128.60258721078,7
1128.62113725208,3
1128.62868726889,7
1128.65753733312,3
1128.77333759096,7
1128.79458763827,3
1128.81473768313,3
1128.84963776084,2
1128.85228776674,3
1128.97963805029,7
1129.01548813011,3
1129.02043814113,7
1129.19733853501,7
1129.23938862863,3
1129.24183863409,4
1129.34573886542,3
1129.41673902351,2
1129.69008963213,2
1129.70593966742,2
1129.70883967388,5
1129.76348979556,4
1129.91124012453,3
1130.17179070465,7
1130.18204072747,3
1130.21294079627,2
1130.41614124871,3
1130.43714129546,4
1130.44079130359,2
1130.44489131272,3
1130.59574164859,3
1130.68664185098,5
1130.77484204736,4
1130.78934207965,7
1130.91884236798,7
1130.93939241374,3
1131.37059337382,3
1131.41839348025,2
1131.43879352567,7
1131.46139357599,3
1131.4870436331,5
1131.54954377226,2
1131.55554378562,2
1131.5850438513,7
1131.60244389004,2
1131.63629396541,3
1131.77224426811,2
1131.78309429227,2
1132.81029657936,5
1132.90364678721,7
1132.92599683697,5
1132.99799699728,5
1133.08229718498,5
1133.18274740863,4
1133.1874474191,4
1133.21024746986,5
1133.25539757039,5
1133.2607475823,5
1133.33919775698,5
1133.3467977739,2
1133.36569781598,5
1133.37344783323,5
1133.3838978565,3
1133.40644790671,5
1133.45719801971,2
1133.53039818269,5
1133.54394821286,5
1133.5789982909,5
1133.60924835825,3
1133.63874842393,5
1133.78719875446,5
1133.84849889095,5
1133.85824891266,5
1133.99379921447,5
1134.08624942031,4
1134.08959942777,4
1134.1872996453,4
1134.21529970764,5
1134.22734973447,5
1134.31144992172,4
1134.31829993698,4
1134.3404999864,4
1134.34524999698,5
1134.37550006433,5
1134.42750018011,4
1134.43515019715,4
1134.530300409,5
1134.56160047869,4
1134.56995049728,4
1134.62045060972,5
1134.69310077148,4
1134.69955078584,4
1134.9201012769,5
1134.99665144734,5
1135.11535171163,5
1135.14600177988,5
1135.24750200587,5
1135.31500215616,5
1135.46060248035,5
1135.88305342094,7
1135.89120343909,5
1136.05375380101,3
1136.2519042422,5
1136.48520476165,7
1136.50105479694,5
1136.60110501971,4
1136.71250526774,5
1136.83915554973,4
1137.05605603267,4
1137.29145655679,7
1137.68425743138,5
1137.68450743193,7
1138.16390849933,6
1138.22105862658,3
1139.11811062389,3
1139.48816144782,3
1139.65146181141,4
1139.65451181821,4
1139.72206196861,3
1140.93716467407,2
1141.12166508487,4
1141.12641509544,4
1141.13776512071,4
1141.35231559842,2
1141.38496567111,4
1141.42431575873,2
1142.77351876277,4
1142.79721881553,4
1142.85456894323,3
1143.02171931539,5
1143.28636990464,4
1144.27342210234,2
1144.33332223571,2
1145.06417386298,3
1145.06967387522,2
1145.10697395827,2
1145.26222430394,2
1145.30657440269,2
1145.37132454686,2
1145.43097467967,2
1145.43497468857,2
1145.50122483608,2
1145.51477486625,2
1145.52387488651,2
1145.52902489798,2
1145.53417490945,2
1145.6469751606,2
1145.65032516806,2
1145.67812522996,2
1145.73882536511,2
1145.74532537958,2
1145.77712545038,2
1145.78197546118,2
1145.82502555703,2
1145.94987583502,2
1145.95342584292,2
1145.96222586251,2
1145.96707587331,2
1146.09362615508,5
1146.10822618759,3
1146.47587700617,3
1146.75797763428,4
1146.76447764875,4
1146.92342800266,3
1146.95917808226,4
1146.96237808938,4
1146.96882810374,4
1147.04392827096,2
1147.16372853769,4
1147.42797912606,3
1147.44412916201,3
1147.61862955054,7
1147.81112997915,7
1148.11698066014,3
1148.12303067361,7
1148.14583072437,7
1148.1600807561,3
1148.22018088992,3
1148.4213813379,3
1148.4341813664,7
1148.45428141115,3
1148.47788146369,2
1148.49613150433,3
1148.52298156411,7
1148.53033158048,3
1149.58203392212,5
1149.65118407609,2
1149.72118423194,2
1149.84278450269,2
1149.862684547,2
1149.8834345932,2
1150.06183499041,2
1150.06793500399,5
1150.09838507179,5
1150.09903507324,2
1150.13388515083,2
1150.15458519692,2
1150.17838524992,5
1150.27253545954,2
1150.28263548203,2
1150.28843549495,2
1150.38858571793,2
1150.39298572773,2
1150.41318577271,5
1150.42343579553,2
1150.42888580766,2
1150.53573604557,2
1150.54088605703,2
1150.55938609822,2
1150.75543653474,3
1150.86183677164,3
1150.99253706265,5
1151.41263799802,2
1151.47078812749,2
1151.47783814319,2
1151.51523822646,2
1151.51838823347,2
1151.60578842807,2
1152.33139004364,5
1152.34634007693,2
1152.60959066306,3
1153.21614201357,2
1153.22359203016,2
1153.84344341027,3
1153.91929357916,5
1154.33149449693,7
1154.50759488903,2
1154.60904511491,3
1155.36184679104,2
1155.69249752725,2
1156.06094834761,4
1157.14620076396,4
1157.38415129376,4
1157.66095191007,3
1157.72610205513,4
1157.92495249787,4
1158.14860299584,7
1158.38265351696,4
1158.90925468945,4
1158.92335472084,4
1159.00540490353,3
1159.02620494984,3
1159.38940575852,3
1159.4003557829,3
1159.78190663243,3
1159.8435567697,4
1159.8484067805,4
1159.85140678718,4
1160.04610722068,5
1160.08315730318,7
1160.31920782875,5
1160.41715804684,7
1160.47510817587,7
1160.69740867083,2
1160.81270892755,5
1160.81730893779,2
1161.09045954597,4
1161.24265988484,7
1161.45026034707,2
1161.56051059255,2
1161.59161066179,2
1161.64216077434,2
1161.64651078403,2
1161.67306084314,2
1161.67666085116,2
1161.68076086029,2
1161.6883108771,2
1161.69221088578,2
1161.72531095948,3
1161.73681098509,2
1161.74011099243,2
1161.74296099878,2
1161.74686100746,2
1161.75211101915,2
1161.75971103607,2
1161.76726105288,2
1161.77776107626,2
1161.79766112057,2
1161.80111112825,2
1161.84821123312,2
1161.85616125082,2
1161.86121126207,2
1161.86791127698,2
1161.88356131183,2
1161.98236153181,2
1161.98756154339,2
1161.99526156053,2
1162.08011174945,2
1162.09011177172,2
1162.09701178708,2
1162.10406180278,2
1162.22786207843,2
1162.34426233759,2
1162.3968124546,4
1162.42671252117,2
1162.43066252997,2
1162.43791254611,2
1162.4462625647,2
1162.49231266723,4
1162.49971268371,4
1162.50611269796,3
1162.50796270208,4
1162.51371271488,4
1162.5561628094,2
1162.58916288287,4
1162.59621289857,4
1162.60391291571,4
1162.61691294466,4
1162.69211311209,4
1162.69941312835,4
1162.70261313547,4
1162.76341327085,2
1162.77306329233,4
1162.78831332629,4
1162.79156333352,4
1162.86161348949,7
1162.88366353859,3
1162.88736354682,4
1162.90131357788,5
1162.90431358456,4
1162.91031359792,4
1162.91556360961,4
1162.93806365971,7
1162.94441367385,4
1162.95001368632,3
1162.9578637038,4
1162.96481371927,4
1163.03981388626,4
1163.05226391398,3
1163.32906453028,7
1163.35021457738,3
1163.37411463059,3
1163.39031466666,3
1163.46921484233,3
1163.56481505519,7
1163.5816150926,3
1163.59216511609,7
1163.60961515494,3
1163.64146522585,4
1163.67781530679,2
1163.77751552877,2
1163.88936577781,2
1163.91811584182,2
1163.98651599412,2
1164.02121607138,2
1164.03041609186,2
1164.05291614196,2
1164.06901617781,3
1164.09926624516,2
1164.1294663124,2
1164.2777666426,2
1164.28211665228,2
1164.31591672754,2
1164.32356674457,2
1164.33571677162,4
1164.64656746374,2
1164.6874175547,4
1164.76871773571,7
1164.7947177936,4
1164.81516783914,4
1164.91286805667,4
1164.989818228,2
1165.03151832085,2
1165.0979684688,3
1165.40206914589,4
1165.52196941285,5
1165.64651969017,4
1165.65031969863,4
1165.78406999643,5
1165.79977003138,5
1165.86097016765,5
1165.89367024045,5
1165.91642029111,5
1166.10747071649,1
1167.04522280442,3
1167.05887283481,7
1168.082525114,3
1169.61652852951,7
1170.00102938561,4
1170.13887969254,4
1170.18722980019,7
1170.89148136822,3
1171.07648178013,4
1171.53343279755,4
1171.54753282894,4
1172.3838846911,4
1172.39028470535,4
1172.39468471515,4
1172.41973477093,4
1172.65688529895,2
1172.70853541395,2
1172.71863543644,2
1172.73033546249,2
1172.76353553641,2
1172.77173555467,2
1172.83913570473,2
1173.12553634241,5
1173.21663654525,5
1173.28833670489,4
1173.31063675454,4
1173.82193789297,2
1173.86463798804,2
1173.9302381341,2
1173.93813815169,2
1173.9942382766,2
1173.99838828584,2
1174.03118835887,2
1174.03593836945,2
1174.07088844727,2
1174.20948875586,2
1174.22998880151,2
1174.23513881298,2
1174.37543912536,2
1174.44033926986,2
1174.58033958157,4
1174.59533961497,7
1174.95769042176,2
1175.04894062493,7
1175.065590662,3
1175.18514092818,3
1175.41594144207,3
1175.42214145587,3
1175.42834146968,7
1175.44304150241,7
1175.48684159993,7
1175.49979162876,3
1175.50694164468,3
1175.51209165615,3
1175.51729166773,3
1175.52559168621,3
1175.62124189917,7
1175.62859191554,7
1175.64284194727,3
1175.72739213552,7
1175.83824238233,3
1175.84874240571,3
1175.85479241918,3
1175.86129243365,3
1175.89299250423,3
1175.91939256301,7
1175.9285925835,3
1175.93519259819,7
1175.95104263348,3
1175.96459266365,3
1176.01624277865,3
1176.03169281305,3
1176.05039285469,7
1176.05644286816,3
1176.06549288831,3
1176.07234290356,3
1176.08964294208,3
1176.1020929698,7
1176.12024301021,3
1176.1289930297,3
1176.19579317843,3
1176.20969320938,3
1176.22694324779,3
1176.27494335466,3
1176.28839338461,3
1176.29619340197,3
1176.30419341979,3
1176.31094343481,3
1176.3205934563,3
1176.33009347745,7
1176.3466435143,7
1176.36509355538,7
1176.40059363442,3
1176.42064367907,3
1176.45559375688,3
1176.53994394469,3
1176.69329428613,3
1176.92894481081,3
1176.95929487839,3
1177.02534502545,4
1177.14084528261,3
1177.21024543714,7
1177.36184577468,2
1177.57749625483,7
1177.6285463685,3
1177.63979639354,3
1178.06834734772,3
1178.39499807502,7
1178.4023980915,3
1178.41204811298,3
1178.47549825426,3
1178.48739828075,7
1178.50219831371,3
1178.55694843561,7
1178.62244858145,7
1178.7409988454,2
1178.75904888559,2
1178.80244898222,2
1178.80734899313,7
1178.83094904568,7
1178.87774914988,3
1178.89494918818,2
1178.9104992228,2
1179.02504947785,2
1179.10229964985,5
1179.11054966822,2
1179.23569994687,2
1179.24674997147,2
1179.31765012933,2
1179.32425014403,2
1179.34370018734,2
1179.34415018834,7
1179.37775026315,2
1179.38780028553,2
1179.42725037336,2
1179.43330038683,2
1179.4349003904,4
1179.53390061082,2
1179.76615112793,3
1179.87170136295,5
1179.90520143753,5
1180.06825180057,5
1180.11250189909,5
1181.54790509506,2
1181.73800551833,7
1181.80060565771,4
1182.06205623983,7
1183.0308583969,2
1183.82391016265,2
1184.0249606103,2
1184.06521069992,2
1184.09506076638,4
1184.14581087937,2
1184.24476109969,2
1184.29131120333,2
1184.35986135596,2
1184.36556136865,2
1184.40781146273,2
1184.43326151939,2
1184.48821164174,2
1184.61816193108,2
1184.62891195501,2
1184.73686219537,2
1184.74196220672,2
1184.84686244029,2
1184.99531277081,2
1185.10961302531,2
1185.45726379936,3
1185.76396448224,3
1185.81836460336,4
1186.26486559751,4
1186.2701156092,4
1186.47556606664,4
1186.47881607388,4
1186.72131661381,4
1188.33042019653,5
1188.46157048854,2
1189.6206230692,2
1189.69097322584,4
1190.1348742142,2
1190.35152469658,2
1190.72797553475,2
1190.76067560756,2
1191.23402666149,3
1191.45672715734,7
1191.71602773468,3
1191.74777780537,3
1191.76232783777,4
1191.85982805486,4
1191.86697807078,4
1191.94032823409,5
1191.94067823487,7
1191.95287826204,4
1191.95807827361,3
1191.97367830835,3
1191.98207832705,3
1192.0449784671,2
1192.13862867561,7
1192.15947872204,2
1192.16542873529,2
1192.16962874464,2
1192.22632887088,2
1192.23277888524,2
1192.23727889526,2
1192.24222890628,2
1192.2467289163,4
1192.28547900258,2
1192.29652902718,2
1192.30327904221,2
1192.31112905969,3
1192.32707909521,2
1192.34007912415,2
1192.34277913016,2
1192.4510793713,2
1192.45532938076,2
1192.45887938866,2
1192.49547947015,4
1192.53772956422,2
1192.57837965473,2
1192.5932296878,2
1192.59637969481,2
1192.64207979656,2
1192.65807983219,2
1192.67927987939,2
1192.69712991913,4
1192.76448006909,2
1192.78413011284,2
1192.7865801183,2
1192.79288013232,2
1192.84053023842,4
1192.8488302569,2
1192.85198026391,2
1192.85818027772,2
1192.86683029698,2
1192.87013030432,2
1192.88218033115,2
1192.89978037034,2
1192.91068039461,2
1192.95808050015,2
1192.96868052375,2
1193.04858070165,3
1193.05863072403,2
1193.0651307385,2
1193.07103075163,2
1193.08038077245,2
1193.09613080752,2
1193.10458082634,2
1193.17913099232,2
1193.18228099934,2
1193.68703212318,7
1193.70813217016,5
1193.87418253988,3
1193.97923277377,2
1193.98798279326,2
1194.39248369389,7
1194.62368420866,2
1194.67873433123,2
1195.12078531547,5
1195.13933535678,2
1195.18123545007,5
1195.31123573952,3
1195.35578583871,2
1195.36978586988,2
1195.41333596685,2
1195.46128607361,5
1195.55563628368,4
1195.71913664772,2
1195.78298678988,5
1195.97078720803,2
1195.97668722116,2
1196.06913742701,2
1196.07778744627,2
1196.08698746675,2
1196.0995874948,2
1196.10303750249,2
1196.15243761248,4
1196.32878800513,3
1196.66443875246,4
1196.67233877005,4
1196.81108907898,3
1196.88763924942,4
1196.90708929273,5
1197.00653951416,5
1197.02338955168,2
1197.19908994288,5
1197.23674002671,5
1197.25414006545,5
1197.26959009985,5
1197.31259019559,5
1197.34509026795,7
1197.39989038997,5
1198.60394307082,7
1198.67419322724,3
1198.94394382785,3
1198.95944386236,7
1199.16719432492,3
1199.38279480496,3
1199.39679483613,3
1199.40164484693,3
1199.42064488924,3
1199.43914493043,3
1199.4619949813,3
1199.53894515263,3
1199.58524525572,3
1199.61629532486,3
1199.64144538085,3
1199.68869548606,3
1199.70574552402,3
1199.72754557256,3
1199.74399560918,3
1200.20519663606,3
1200.28319680973,3
1200.31369687764,7
1200.40434707948,7
1200.41809711009,3
1200.46144720661,3
1200.62504757087,7
1200.6631476557,7
1200.79634795228,3
1200.91454821545,3
1200.92569824028,3
1200.9513982975,3
1201.07074856324,7
1201.14979873925,3
1201.18929882719,3
1201.26424899407,3
1201.4042993059,2
1201.45579942057,2
1201.5106995428,4
1202.86225255207,2
1204.01500511871,2
1204.01830512606,2
1204.09985530763,2
1204.36400589577,3
1204.54235629287,3
1204.77880681934,2
1204.93740717247,2
1204.94615719195,2
1204.98510727867,2
1205.0192073546,2
1205.09190751647,2
1205.27895793294,2
1205.44660830622,2
1205.45195831813,2
1205.70440888022,4
1205.71925891328,4
1205.98745951044,3
1206.06960969335,3
1206.25196009936,4
1206.29511019543,2
1206.34581030832,2
1206.35311032457,4
1206.43661051049,2
1206.45311054722,4
1206.45916056069,2
1206.48586062014,2
1206.49046063038,2
1206.54871076008,4
1206.55251076854,4
1206.58516084124,5
1206.58816084792,2
1206.61556090892,2
1206.64691097873,2
1206.65611099921,2
1206.66801102571,2
1206.67951105131,2
1206.74381119448,2
1206.74716120194,2
1206.75701122387,2
1206.76406123956,2
1206.77371126105,2
1206.79121130001,2
1206.85301143761,2
1206.86501146433,2
1206.87711149127,2
1207.28851240727,4
1207.42236270529,7
1207.51626291436,5
1207.74321341968,1
1208.62891539172,6
1208.62931539261,7
1208.89056597429,5
1208.93851608105,2
1208.99516620718,2
1209.03081628656,5
1209.132966514,2
1209.21026668611,2
1209.24541676437,2
1209.30301689262,2
1209.32626694439,2
1209.35956701853,4
1209.4265171676,5
1209.46951726334,2
1209.46981726401,5
1209.47406727347,5
1209.53126740083,5
1209.59441754144,4
1209.60636756804,4
1209.61636759031,4
1209.69616776798,2
1209.72496783211,4
1209.73166784703,4
1209.83716808193,4
1209.87166815874,5
1210.008318463,2
1210.0131684738,5
1210.14201876069,4
1210.24876899837,5
1210.26461903366,4
1210.33981920109,3
1210.48666952806,5
1210.63236985247,5
1210.95752057642,7
1210.9693206027,7
1211.43962164984,3
1211.62632206553,3
1211.75317234797,3
1211.78092240975,3
1211.86327259311,7
1211.87327261537,7
1211.8804726314,3
1211.92252272503,3
1211.94877278348,3
1211.95622280006,2
1211.9762728447,3
1212.00982291941,3
1212.02157294557,7
1212.03267297028,2
1212.07597306669,3
1212.08357308361,3
1212.08932309641,3
1212.09462310822,2
1212.09847311679,3
1212.10467313059,3
1212.10727313638,2
1212.11182314651,3
1212.11392315119,2
1212.12202316922,3
1212.14992323134,3
1212.15097323368,2
1212.16727326997,3
1212.21007336527,3
1212.24012343218,3
1212.26262348227,3
1212.27792351634,3
1212.28752353771,3
1212.30002356555,3
1212.354573687,7
1212.3691237194,3
1212.41272381648,3
1212.41897383039,3
1212.43232386012,3
1212.4781739622,7
1212.50142401397,3
1212.50787402833,3
1212.52002405538,3
1212.52652406986,7
1212.6004242344,3
1212.66437437678,4
1212.66822438536,3
1212.69407444291,3
1212.79772467369,3
1212.87127483745,3
1213.03727520706,2
1213.12887541101,7
1213.31462582459,3
1213.3416258847,7
1213.5190762798,3
1213.52517629338,2
1213.58317642252,2
1213.60887647974,2
1213.81627694153,7
1213.84467700476,4
1213.90247713345,4
1214.09432756062,2
1214.25972792888,3
1214.27337795928,3
1214.31222804578,4
1214.40302824795,7
1214.50197846826,3
1214.69662890166,3
1214.71847895031,7
1214.74852901721,3
1214.8067291468,3
1215.0111296019,4
1215.01752961615,4
1215.02697963719,5
1215.11567983469,4
1215.23763010621,4
1215.30253025071,5
1215.31453027743,5
1215.45858059816,3
1215.51288071906,4
1215.55563081425,5
1215.56013082427,3
1215.57458085644,3
1215.62718097356,5
1215.66233105182,3
1216.61653317638,7
1217.2284345388,5
1217.44458502006,4
1218.68663778553,3
1218.75033792736,3
1219.07638865332,5
1219.60138982225,2
1219.64863992745,7
1219.86389040671,3
1219.99784070496,2
1220.09434091982,4
1220.1569410592,2
1220.21379118578,5
1220.69119224873,4
1221.01064295999,6
1221.15179327427,4
1221.25324350015,4
1221.26289352164,4
1221.27784355492,4
1221.42204387599,7
1223.04359748642,3
1223.18604780359,4
1223.44399837793,4
1223.91654943008,5
1224.19325004616,4
1224.38645047633,5
1224.75700130137,3
1224.79705139054,1
1226.85915598188,5
1227.33105703258,2
1227.4711073444,2
1227.68195781387,4
1228.75321019904,4
1228.81146032874,2
1228.89311051053,2
1229.11706100917,4
1229.46671178767,3
1229.49531185135,3
1229.50426187128,3
1229.78771250239,4
1229.80001252978,4
1229.96221289092,7
1230.03531305368,3
1230.08031315388,2
1230.09406318449,3
1230.22231347004,2
1230.29006362089,2
1230.2909636229,3
1230.8273148171,4
1230.8529148741,2
1230.8736649203,2
1230.88971495603,2
1230.89386496527,2
1230.93146504899,2
1230.93736506213,2
1230.96011511278,2
1230.98676517212,2
1230.9924151847,2
1230.99606519282,2
1231.07266536338,2
1231.07686537273,2
1231.09796541971,2
1231.1063154383,2
1231.11281545277,2
1231.28311583195,2
1231.93391728098,2
1231.95911733709,2
1232.2867180665,2
1232.50606855489,2
1232.51151856703,4
1232.51466857404,4
1232.59466875216,2
1232.61341879391,3
1232.61846880515,4
1232.6270688243,2
1232.64326886037,2
1232.71816902714,4
1232.72916905163,4
1232.74566908837,4
1232.75171910184,4
1232.75691911342,4
1232.78506917609,3
1232.84131930134,2
1232.84746931503,3
1232.86121934564,2
1232.95176954726,4
1232.97896960782,2
1233.00176965858,4
1233.01056967818,4
1233.01651969142,4
1233.02011969944,5
1233.05256977169,4
1233.05961978739,4
1233.06266979418,4
1233.12066992332,4
1233.12646993623,5
1233.13141994725,4
1233.13806996206,4
1233.16742002741,4
1233.17372004144,4
1233.24052019017,4
1233.27217026064,4
1233.28737029448,4
1233.2896702996,4
1233.31267035081,4
1233.31537035682,4
1233.31827036328,4
1233.32312037408,4
1233.33057039067,4
1233.3395204106,4
1233.35097043609,4
1233.35622044778,4
1233.39837054163,3
1233.40987056723,4
1233.41217057235,4
1233.41532057937,4
1233.42082059161,4
1233.42742060631,4
1233.4379706298,4
1233.4476706514,4
1233.46262068468,2
1233.47227070617,4
1233.60282099684,4
1234.1230721552,7
1234.30657256377,7
1234.9150239185,4
1235.01977415173,4
1235.03172417834,4
1235.30177477961,2
1235.34457487491,2
1235.47457516436,3
1235.49877521824,7
1235.58522541072,2
1235.62947550925,4
1235.64112553519,4
1235.65252556057,2
1235.69792566165,2
1235.77082582397,2
1235.7753758341,2
1236.02997640097,7
1236.06467647823,3
1236.36842715454,3
1236.46927737909,2
1236.63317774402,3
1236.66627781772,4
1236.6750278372,4
1236.68602786169,4
1236.70722790889,2
1236.81692815314,3
1236.83582819523,2
1236.98407852531,4
1236.99277854468,4
1237.29007920663,3
1237.34377932619,2
1237.37492939555,5
1237.41507948495,5
1237.42057949719,2
1237.52412972775,5
1237.54787978063,7
1237.55287979176,4
1237.64688000106,5
1237.68403008377,2
1238.07733095947,4
1238.28688142604,4
1238.3405815456,7
1239.06758316429,5
1239.09008321439,7
1239.2088834789,5
1239.32793374397,5
1239.33108375099,3
1239.9173850564,5
1239.93823510283,5
1240.43968621932,7
1240.59683656922,3
1240.64623667921,4
1240.68973677607,2
1240.74188689218,2
1240.80738703802,2
1240.82003706618,2
1240.84248711617,2
1240.84783712808,2
1240.87383718597,4
1240.95403736454,2
1240.97023740061,2
1240.97438740985,2
1240.98088742432,7
1241.04898757595,2
1241.05733759454,2
1241.0942376767,2
1241.94778957716,3
1241.97913964696,3
1242.46834073618,2
1242.4701907403,3
1242.60049103042,3
1242.76634139969,2
1242.82719153517,2
1243.02849198337,2
1243.2471424702,6
1243.44569291228,2
1243.55399315342,2
1244.13339444347,3
1244.22854465532,4
1244.24259468661,4
1244.53464533687,2
1244.54004534889,2
1244.63994557132,2
1244.66464562632,2
1244.80709594349,2
1244.85009603923,3
1244.85429604858,5
1244.88554611816,2
1244.89504613931,2
1244.90284615668,2
1244.90689616569,2
1244.99929637142,4
1245.08079655289,4
1245.09429658295,4
1245.10914661601,4
1245.11204662247,4
1245.25569694231,4
1245.26104695422,4
1245.50344749393,2
1245.6948979202,7
1246.13414889821,2
1246.41189951663,4
1246.65575005957,5
1248.02715311304,5
1248.9059050696,3
1248.99510526821,7
1249.00490529003,7
1249.38260613099,7
1249.92875734701,3
1252.36266276617,2
1253.15136452224,3
1253.1940146172,7
1253.20876465004,4
1253.31061487682,1
1253.33456493014,7
1253.4531151941,2
1253.71461577634,3
1253.72646580272,3
1253.73046581163,3
1253.84301606222,7
1253.85176608171,3
1254.08451659993,3
1254.09751662888,2
1254.11226666172,7
1254.13151670458,2
1254.1832668198,3
1254.21471688983,3
1254.32021712473,2
1254.55276764251,2
1254.60631776174,2
1254.64596785002,2
1254.73631805119,4
1254.74366806755,2
1254.79451818077,3
1254.82851825647,2
1254.88976839285,2
1255.00701865391,2
1255.04106872972,2
1255.15946899334,2
1255.17476902741,2
1255.21996912805,2
1255.22466913851,2
1255.24691918805,2
1255.2533192023,2
1255.26406922624,2
1255.39341951424,4
1255.44551963024,3
1255.57521991903,5
1255.63907006119,5
1255.80782043692,2
1255.82102046631,2
1255.85067053232,3
1255.87947059645,7
1255.92542069876,2
1255.92867070599,2
1255.93637072314,2
1255.9609207778,2
1255.96582078871,2
1256.15422120819,2
1256.161771225,2
1256.16932124181,2
1256.17652125784,2
1256.26127144654,2
1256.26572145645,2
1256.27512147738,2
1256.29037151133,2
1256.29537152246,2
1256.31267156098,2
1256.31752157178,2
1256.32412158648,2
1256.37382169714,2
1256.37657170326,2
1256.38012171116,2
1256.38542172296,2
1256.39587174623,2
1256.42207180457,2
1256.48847195241,2
1256.51217200518,2
1256.51562201286,2
1256.54257207286,2
1256.56362211973,2
1256.6407222914,2
1256.65437232179,2
1256.69357240907,7
1256.87232280706,4
1257.02912315618,5
1257.44982409289,2
1257.65747455523,5
1257.91287512388,4
1257.93377517042,4
1258.08472550651,2
1258.08752551275,4
1258.18157572215,4
1258.30302599256,5
1258.55222654742,4
1258.55862656167,4
1258.70937689732,7
1258.78317706164,5
1258.85437722016,4
1258.85737722684,5
1258.99697753767,4
1259.23342806413,4
1259.24797809653,4
1259.47507860217,4
1259.48807863112,4
1259.49647864982,4
1259.51267868589,5
1259.5965788727,5
1259.63777896443,5
1259.70057910426,5
1259.74682920723,5
1259.86252946484,5
1259.96637969607,5
1259.9819797308,5
1259.9974297652,5
1260.00322977812,5
1260.68343129261,2
1260.72878139358,3
1260.74058141985,3
1260.76998148531,2
1261.02123204473,2
1261.07573216608,4
1263.04428654912,3
1263.26988705143,4
1263.27433706133,4
1263.58858776102,4
1263.61623782259,4
1263.8325883043,4
1263.93558853363,4
1263.97093861234,4
1264.07883885258,4
1264.35273946243,2
1264.77834041004,5
1265.07654107399,7
1265.09224110895,5
1265.42954185996,7
1266.05204324598,4
1266.52459429813,4
1267.51414650139,2
1267.60459670278,3
1267.76604706226,2
1268.15314792415,7
1268.33139832103,2
1268.89174956866,2
1268.94159967966,2
1271.59750559311,3
1271.6076056156,7
1271.61075562261,2
1271.61805563886,3
1271.6394056864,2
1271.67245575999,3
1271.67545576667,2
1272.00980651111,2
1272.20410694372,3
1272.29275714111,4
1272.49675759532,4
1272.82035831583,2
1272.82430832462,7
1272.86720842014,7
1273.02930878106,7
1273.04275881101,7
1273.04960882626,2
1273.05865884641,7
1273.06985887135,3
1273.07520888326,3
1273.07840889038,3
1273.18940913753,3
1273.20725917727,3
1273.28750935595,7
1273.3058093967,4
1273.45465972812,3
1273.48360979257,2
1273.7803604533,2
1273.79301048146,3
1273.82001054158,3
1273.90106072204,2
1274.02696100236,7
1274.14846127289,2
1274.1586612956,2
1274.19036136618,7
1274.21821142819,3
1274.27846156234,3
1274.3507117232,3
1274.38071179,3
1274.84716282857,7
1274.89521293555,3
1274.92611300435,3
1275.20866363346,2
1275.39131404013,2
1275.45366417896,2
1276.36296620355,7
1277.3136183202,3
1277.32956835571,2
1277.36971844511,2
1277.41311854174,3
1277.42701857269,7
1277.45636863804,3
1277.58051891446,3
1277.64196905128,2
1277.85661952921,3
1278.88092180985,7
1278.91022187508,3
1279.16042243216,4
1279.27082267797,3
1279.29072272228,3
1279.43632304646,3
1279.53207325965,3
1280.72642591892,3
1280.74032594986,3
1280.74927596979,3
1280.75887599117,3
1280.77432602557,7
1281.08337671368,2
1281.12592680842,7
1281.19287695748,7
1281.27912714952,3
1281.35427731684,3
1281.93887861848,3
1282.04602885705,3
1282.12377903016,3
1282.8734806994,2
1282.9591308901,3
1282.96943091303,3
1283.18053138305,2
1283.36078178438,3
1283.37158180843,3
1283.452231988,3
1283.47393203632,3
1283.48038205068,3
1284.09018340842,2
1284.10228343536,2
1284.66768469424,6
1285.35068621496,3
1285.81223724262,2
1285.92613749622,2
1287.93424196733,4
1288.19884255647,3
1288.20654257361,2
1288.23674264085,2
1288.26534270453,2
1288.33409285761,7
1288.34349287854,7
1288.54369332429,2
1288.74699377694,3
1288.76644382025,3
1288.76774382314,2
1288.77829384663,2
1288.81864393647,2
1288.97509428481,2
1288.97554428582,3
1288.98149429906,2
1289.00094434237,2
1289.00479435094,2
1289.00619435406,3
1289.01064436397,2
1289.04569444201,3
1289.1109945874,3
1289.38084518823,2
1289.38869520571,3
1289.41114525569,3
1289.41949527429,2
1289.67259583782,4
1289.98819654052,2
1290.03084663548,2
1290.21524704605,4
1290.57274784204,3
1291.1601491499,3
1291.45574980807,4
1291.46664983234,4
1291.4788498595,4
1291.57030006312,4
1292.0355010989,2
1292.05105113352,5
1292.09780123761,2
1292.28785166076,2
1292.34165178055,3
1292.34575178968,2
1292.3966019029,2
1292.58095231336,7
1292.93840310924,5
1293.19835368802,5
1293.22995375838,5
1293.39315412175,7
1293.40020413745,5
1293.47875431234,5
1293.51940440285,5
1293.57645452988,5
1293.63250465467,2
1293.68500477157,5
1294.21280594673,5
1294.3627562806,5
1294.49350657172,2
1295.33310844112,5
1295.35230848387,3
1295.4438086876,2
1295.55875894353,2
1295.66110917142,5
1295.79020945887,3
1295.81910952321,2
1295.82240953056,2
1295.87740965302,4
1295.88315966582,4
1295.98355988937,4
1296.0936101344,5
1296.10791016624,4
1296.23821045635,2
1296.25931050333,3
1296.5527111566,3
1296.71376151518,2
1296.7986117041,7
1296.90501194101,5
1296.97831210421,5
1297.12496243073,2
1297.21741263658,3
1297.24296269346,3
1297.26331273877,3
1297.29181280223,3
1297.32096286713,3
1297.3336128953,3
1297.34366291768,3
1297.34941293048,3
1297.36111295653,7
1297.36696296955,7
1297.3910130231,7
1297.40881306273,3
1297.42281309391,3
1297.50206327036,3
1297.64371358575,7
1297.65401360868,3
1297.69046368984,7
1297.72436376532,3
1297.780813891,2
1298.27156498368,2
1298.32461510179,2
1298.58321567758,3
1298.87311632305,4
1298.98671657598,4
1299.27201721121,2
1299.38411746081,2
1299.39926749454,7
1299.4194175394,4
1299.42566755332,7
1299.44246759073,4
1299.48841769303,4
1299.54926782852,4
1299.55616784388,4
1299.56271785847,4
1299.72561822117,4
1299.80396839562,4
1300.68407035519,7
1300.96962099098,3
1301.47137210814,3
1302.2335738052,4
1302.25017384216,4
1302.27392389504,5
1302.30632396718,5
1302.36937410757,5
1302.47202433612,4
1302.54857450656,5
1302.57892457414,7
1302.61677465841,4
1302.63067468936,5
1302.85012517797,4
1302.87782523965,4
1302.88042524544,4
1302.95062540174,4
1302.96422543202,4
1303.00752552843,4
1303.0188755537,4
1303.09837573071,4
1303.10307574118,4
1303.11277576277,4
1303.20727597318,4
1303.33262625228,3
1304.57817902554,5
1304.58532904146,4
1304.59332905927,4
1304.60692908955,4
1304.82817958217,4
1304.83742960276,4
1304.84292961501,4
1304.87322968247,5
1304.88552970986,5
1305.03173003538,7
1305.32033067796,4
1305.33983072137,2
1305.34108072416,4
1305.34508073306,4
1305.4198308995,4
1305.4264809143,4
1305.43158092566,4
1305.43858094125,4
1305.4441309536,4
1305.54103116935,4
1305.54483117781,4
1305.54818118527,4
1305.55288119574,4
1305.56183121567,4
1305.6440813988,4
1305.67173146036,4
1305.68303148552,4
1305.69473151157,2
1305.71938156646,2
1305.79438173345,2
1305.8330318195,2
1305.83658182741,2
1305.84278184121,2
1305.86813189765,3
1305.93798205318,2
1305.94088205963,2
1305.95118208257,2
1306.18503260324,5
1306.25008274808,2
1306.29348284471,2
1306.30038286007,2
1306.30068286074,5
1306.49183328634,5
1307.08088459788,5
1307.33218515741,5
1307.47298547091,5
1307.48233549172,3
1307.52518558713,2
1307.63068582203,2
1307.6358358335,2
1307.6415858463,2
1307.65448587502,2
1307.75803610558,2
1307.76273611604,2
1307.91783646138,2
1307.93263649433,2
1307.9391365088,2
1307.95068653452,2
1309.3839397257,2
1309.4660399085,5
1309.6624903459,4
1309.92694093471,2
1310.00484110816,2
1310.06364123908,2
1310.47744216042,3
1311.16099368236,2
1311.52434449137,2
1312.20924601633,2
1312.31919626113,2
1312.38094639862,2
1312.46669658955,2
1312.82239738153,4
1312.88549752202,2
1312.92244760429,2
1313.01399780813,2
1313.76934948994,2
1313.77474950197,2
1313.782399519,2
1313.81139958357,2
1313.81484959125,2
1313.90344978852,2
1313.90714979676,2
1313.92884984508,2
1313.93849986656,2
1313.94384987847,2
1313.95384990074,2
1313.95979991399,2
1313.99454999136,2
1313.99920000171,2
1314.00750002019,2
1314.01290003222,2
1314.02605006149,2
1314.0366500851,2
1314.03735008665,3
1314.04350010035,2
1314.06350014488,2
1314.12915029105,2
1314.13260029873,2
1314.13885031265,2
1314.1452503269,2
1314.15665035228,2
1314.22130049623,2
1314.22755051014,2
1314.23415052484,2
1314.25975058184,2
1314.3924508773,4
1314.57835129121,6
1315.01970227389,3
1315.14720255777,3
1315.17860262769,7
1315.31925294085,4
1315.50615335699,3
1316.14315477529,4
1316.20935492269,1
1316.52815563251,2
1316.55095568327,4
1316.56375571177,2
1316.69210599755,7
1316.71975605911,2
1316.73150608527,2
1316.74895612412,2
1316.85800636693,2
1317.15560702954,2
1317.20730714466,2
1317.23295720177,4
1317.23995721735,2
1317.24475722804,4
1317.24940723839,4
1317.31040737421,2
1317.33015741819,2
1317.34040744101,2
1317.34925746071,4
1317.36070748621,4
1317.45350769283,4
1317.4609077093,5
1317.47080773135,4
1317.47535774148,4
1317.48140775495,2
1317.5271078567,4
1317.53205786772,4
1317.56045793096,4
1317.56600794331,4
1317.57385796079,4
1317.59360800477,2
1317.59630801078,2
1317.61725805742,4
1317.63395809461,4
1317.63650810028,4
1317.64060810941,4
1317.64425811754,4
1317.64865812734,4
1317.65840814905,4
1317.66275815873,4
1317.67795819257,2
1317.67905819502,4
1317.68355820504,4
1317.69975824111,4
1317.7725584032,4
1317.78380842825,4
1317.85845859446,4
1317.86500860905,4
1317.89065866616,4
1317.89890868453,4
1318.04585901172,5
1318.25645948062,4
1318.26670950345,4
1318.27630952482,4
1318.27935953161,4
1318.2850595443,5
1318.28955955432,4
1318.34725968279,4
1318.36505972243,4
1318.36790972877,4
1318.37650974792,4
1318.38340976328,4
1318.38685977096,4
1318.40075980191,4
1318.40420980959,4
1318.42160984834,4
1318.42430985435,4
1318.4320598716,4
1318.43635988118,4
1318.4523599168,4
1318.45480992226,4
1318.51741006164,4
1318.51996006732,4
1318.53986011162,4
1318.54251011752,4
1318.55026013478,4
1318.55646014858,5
1318.59171022707,4
1318.59951024444,5
1318.66306038593,4
1318.66571039183,4
1318.72441052253,3
1318.76451061181,4
1318.76781061916,4
1318.77211062874,4
1318.78081064811,4
1318.79436067828,4
1318.79686068384,4
1318.81136071613,4
1318.81401072203,4
1318.84506079116,4
1318.84766079695,4
1318.86446083436,4
1318.94761101949,4
1318.97536108128,4
1319.06631128378,4
1319.06911129002,4
1319.07996131417,2
1319.117161397,2
1319.12086140524,2
1319.12886142305,2
1319.22186163012,2
1319.23026164882,5
1319.26821173332,2
1319.27831175581,2
1319.28421176894,2
1319.29261178765,2
1319.35736193181,2
1319.36371194595,2
1319.37691197534,2
1319.38271198826,2
1319.39321201164,2
1319.72756275608,3
1320.15576370948,5
1320.87741531626,5
1321.11806585207,5
1321.35416637776,5
1321.90456760324,5
1321.9582177227,3
1322.03801790037,5
1322.43781879054,3
1322.51141895441,5
1322.75266949157,4
1322.7532694929,3
1322.85586972134,4
1322.87576976565,4
1323.08432023,4
1323.09252024825,4
1323.24447058658,3
1323.30072071182,4
1323.40602094627,2
1323.44972104357,2
1323.45807106216,2
1323.5098711775,7
1323.60367138635,3
1323.88692201701,7
1324.15547261495,7
1324.16207262964,3
1324.25707284116,2
1326.72507833625,4
1326.82452855768,4
1327.04862905664,4
1327.0559290729,4
1327.19552938372,4
1327.28022957231,5
1327.38827981289,2
1327.56343020286,2
1327.59458027222,2
1327.60143028747,2
1327.61663032132,3
1327.62148033211,2
1327.62928034948,2
1327.79368071552,3
1327.84588083175,2
1327.8593308617,2
1327.94298104794,2
1327.96058108713,2
1327.97473111864,2
1328.40023206603,4
1330.0877358233,4
1330.28538626338,4
1330.29013627395,4
1330.51998678572,4
1330.56583688781,3
1331.11468810984,3
1331.12178812565,3
1331.25943843213,3
1331.28098848012,3
1331.32263857285,3
1331.33898860925,2
1331.37818869653,3
1331.45638887065,3
1331.46508889002,7
1331.47658891563,3
1331.52408902139,3
1331.53418904387,3
1331.55218908395,3
1331.5912391709,3
1331.59968918971,7
1331.6093392112,2
1331.63368926541,3
1331.66633933811,3
1331.6804393695,3
1331.68268937451,2
1331.72453946769,7
1331.75463953471,2
1331.75623953828,3
1331.76488955754,3
1331.77438957869,3
1331.80543964782,3
1331.82558969269,2
1331.83558971495,3
1331.83673971751,3
1331.88318982093,3
1331.88993983596,3
1331.89398984498,7
1331.90983988027,3
1331.91663989541,7
1331.92578991578,3
1331.93148992848,3
1331.95223997468,7
1331.97199001865,3
1331.99124006151,7
1332.04379017852,3
1332.05709020813,3
1332.079040257,3
1332.10679031879,3
1332.13794038814,3
1332.15844043379,3
1332.16944045828,7
1332.18434049146,3
1332.26439066969,3
1332.27614069585,3
1332.28599071778,3
1332.30624076287,3
1332.38424093654,3
1332.85394198234,7
1332.86199200027,3
1332.99689230062,7
1333.14784263672,7
1333.18384271688,7
1333.51984346499,3
1333.54304351665,3
1333.55114353468,4
1333.59474363176,3
1333.60434365313,3
1333.6280437059,3
1333.6386437295,3
1333.67504381055,3
1333.82709414909,2
1333.86589423548,2
1333.95834444133,2
1333.97409447639,2
1334.00099453629,2
1334.04264462902,3
1334.07214469471,2
1334.08774472944,2
1334.08794472988,4
1334.09504474569,4
1334.11144478221,4
1334.12789481883,2
1334.12974482295,3
1334.26509512432,2
1334.27344514291,2
1334.30654521661,2
1334.32404525557,2
1334.32764526359,2
1334.33329527617,2
1334.38909540041,2
1335.14194707665,3
1335.1628971233,5
1336.9962012052,4
1337.05740134147,2
1337.07430137909,2
1337.07870138889,2
1337.09010141427,2
1337.18905163459,2
1337.2866518519,4
1337.36340202279,3
1337.44605220681,2
1337.53070239528,2
1337.75455289369,4
1337.82955306068,2
1337.86045312948,2
1337.8927532014,4
1337.95885334858,2
1337.96820336939,2
1338.04320353638,2
1338.04665354406,2
1338.07410360518,2
1338.07825361442,2
1338.09085364248,2
1338.09485365138,2
1338.15800379199,4
1338.26300402578,4
1338.48400451784,4
1338.49065453265,4
1338.73465507592,7
1338.9769056153,3
1339.14625599236,5
1339.31760637388,5
1339.64155709516,5
1339.65415712322,5
1339.68605719424,5
1339.86015758188,5
1339.95975780365,4
1339.96240780955,5
1339.97865784573,3
1340.05655801918,4
1340.13380819118,4
1340.23560841784,4
1340.3714087202,4
1340.52260905685,4
1341.63516153398,2
1341.68221163874,2
1341.77096183635,2
1341.7791618546,2
1342.47116339536,2
1342.56516360466,2
1342.59541367201,3
1342.68476387095,2
1342.78236408826,3
1342.88166430936,2
1343.28786521377,2
1343.34651534436,2
1343.79156633528,2
1343.86036648847,2
1343.95951670923,2
1344.0238668525,2
1344.14726712726,4
1344.20846726352,2
1344.25776737329,2
1344.48981788996,7
1344.63896822204,2
1344.66871828828,7
1344.69211834038,3
1344.72316840952,7
1344.86481872491,3
1344.94541890437,3
1344.96666895168,3
1344.9954690158,4
1344.99871902304,4
1345.17711942025,3
1345.18531943851,7
1345.18786944419,2
1345.19801946679,4
1345.27611964068,3
1345.30881971349,3
1345.31756973297,4
1345.34041978385,3
1345.38351987981,2
1345.3984699131,4
1345.40971993815,2
1345.41161994238,4
1345.4819200989,4
1345.48317010168,2
1345.50032013987,4
1345.50292014566,4
1345.50982016102,4
1345.51322016859,4
1345.57172029884,2
1345.57632030909,2
1345.57952031621,2
1345.58857033636,2
1345.6033203692,2
1345.60422037121,4
1345.60977038356,4
1345.64892047073,2
1345.65202047764,2
1345.65722048921,2
1345.66977051716,2
1345.67782053508,2
1345.68752055668,2
1345.69617057594,2
1345.81727084557,2
1345.99052123132,5
1346.02967131849,3
1346.07547142046,3
1346.19112167796,2
1346.22722175834,2
1346.2336717727,2
1346.24687180209,2
1346.89217323887,4
1346.95442337747,7
1347.2940241336,2
1347.58067477184,2
1347.61257484287,2
1348.30522638507,5
1348.45147671071,2
1348.47677676704,4
1348.51297684764,5
1348.51492685198,2
1348.544576918,5
1348.55962695151,2
1348.56602696576,2
1348.60572705415,4
1348.67237720255,5
1348.74357736108,2
1348.81767752606,4
1348.83272755957,7
1348.98627790146,2
1349.22007842202,2
1349.29687859302,3
1349.34957871036,7
1349.39377880877,3
1349.43307889627,4
1349.45077893568,4
1349.45567894659,5
1349.65472938978,3
1349.67312943075,3
1349.80872973267,5
1349.82452976785,4
1349.83822979835,4
1349.84702981794,4
1349.95723006331,4
1350.01888020058,5
1350.23193067494,7
1350.35813095593,2
1350.3606809616,5
1350.45968118203,2
1350.49513126096,5
1350.57473143819,2
1350.57663144242,3
1350.88233212308,5
1350.89533215202,5
1351.16693275675,2
1351.64023381057,3
1352.06693476063,3
1352.0743347771,7
1352.14163492695,3
1352.28933525581,3
1352.83958648096,7
1353.16098719657,3
1353.82228866897,2
1353.86348876071,2
1353.88838881615,2
1353.91713888016,2
1353.94808894907,2
1353.97568901052,2
1354.06593921147,2
1354.1790894634,2
1354.18223947041,2
1354.27748968249,2
1354.28528969986,2
1354.30173973649,2
1354.30478974328,2
1354.44649005878,3
1354.52704023812,2
1354.55684030447,2
1354.56299031817,2
1354.59929039899,2
1354.62289045154,2
1354.63014046768,2
1354.679690578,2
1354.68704059437,2
1354.82869090976,3
1355.13804159854,2
1355.16909166767,2
1355.18659170663,2
1355.77319301272,2
1355.79404305914,4
1355.88274325664,4
1355.89734328914,4
1356.36644433361,2
1356.43699449069,2
1356.44459450761,2
1356.45659453433,2
1356.46309454881,2
1356.56049476567,2
1356.57449479684,2
1356.57869480619,2
1357.06604589129,2
1357.92059779398,3
1357.92469780311,3
1358.10074819509,4
1358.68579949772,3
1359.47120124644,2
1359.52655136968,3
1359.53400138627,3
1359.5562014357,3
1359.58790150628,3
1359.60015153355,7
1359.6246515881,3
1359.63060160135,7
1359.64730163853,7
1359.6537516529,3
1359.65970166614,2
1359.6665516814,2
1359.67420169843,3
1359.68455172147,3
1359.69265173951,2
1359.7116017817,3
1359.76385189804,2
1359.77720192776,3
1359.7937019645,2
1359.8096019999,2
1359.81280200703,2
1359.87690214975,3
1359.90370220942,3
1359.90665221599,2
1359.91085222534,2
1359.91925224404,2
1360.04770253004,3
1360.15240276316,3
1360.24915297857,3
1360.42170336276,3
1360.46000344804,3
1360.97845460239,3
1360.98245461129,7
1361.55820589322,3
1361.74415630724,2
1362.19130730284,7
1362.38315773,4
1362.4524578843,2
1362.46135790411,3
1362.47335793083,3
1362.85705878515,4
1362.92595893856,2
1362.9526089979,4
1362.95465900246,2
1362.9844090687,2
1363.16350946747,2
1363.5569603435,2
1363.75541078536,4
1363.79961088377,2
1363.83496096248,2
1363.84291098018,2
1363.84636098786,2
1363.85656101057,2
1363.86171102204,2
1363.88766107982,2
1364.04221142393,2
1364.16451169623,2
1364.64851277388,2
1364.66971282108,2
1364.73876297482,2
1364.8653632567,2
1364.87096326917,2
1366.34701655564,3
1366.86496770888,4
1366.91341781675,4
1366.9493678968,3
1367.30626869145,4
1367.35626880277,2
1367.6088693652,2
1367.71731960666,3
1367.72266961858,4
1368.39672111937,2
1368.53342142374,2
1368.68622176395,2
1368.7283718578,4
1368.74702189933,2
1368.75292191246,2
1368.7729719571,2
1368.92777230177,2
1368.95092235332,4
1368.96052237469,4
1369.17832285963,3
1369.40212335793,7
1369.93782455068,2
1369.94802457339,2
1369.9542245872,2
1369.9935246747,2
1370.04972479983,2
1370.13512498998,2
1370.13917499899,2
1370.14322500801,2
1370.20827515285,5
1370.27942531127,3
1370.50747581903,4
1370.5113258276,4
1370.51592583784,4
1370.7170262856,4
1370.7249763033,4
1370.73617632824,4
1370.82442652473,4
1370.82722653096,5
1370.84357656737,4
1370.96137682965,4
1371.08222709873,4
1371.0904771171,4
1371.1469772429,2
1371.16722728798,4
1371.19277734487,4
1371.19557735111,4
1371.20932738172,2
1371.21412739241,4
1371.2176274002,2
1371.21892740309,4
1371.22282741178,4
1371.25547748447,2
1371.27627753079,2
1371.29522757298,2
1371.29562757387,4
1371.30637759781,2
1371.39142778717,5
1371.4105278297,2
1371.49012800693,4
1371.56917818294,2
1371.58237821233,2
1371.78472866287,3
1371.79037867545,2
1371.85142881138,7
1371.88917889543,3
1371.90307892638,3
1371.92972898572,2
1371.93747900297,3
1371.94827902702,3
1372.42488008818,3
1372.69463068879,5
1372.73848078642,4
1372.81338095319,5
1372.88638111573,5
1372.90868116538,2
1372.91853118731,2
1373.36268217623,4
1373.59458269256,2
1373.93928346005,2
1373.9448334724,2
1374.00273360132,4
1374.02038364062,4
1374.04533369617,2
1374.39203446811,2
1374.40423449527,2
1374.41513451954,2
1374.42138453346,2
1374.47303464846,2
1374.62833499424,2
1374.63828501639,2
1374.65073504411,2
1374.69963515299,2
1374.74358525085,2
1374.74978526465,2
1374.79098535639,2
1374.79408536329,2
1374.80063537787,2
1375.06423596479,4
1375.22503632281,3
1375.30138649281,4
1375.35728661727,5
1375.42128675977,4
1375.43098678137,4
1375.43893679907,4
1375.45578683659,5
1375.46668686085,2
1375.49978693455,5
1375.53268700781,4
1375.54733704042,4
1375.56988709063,5
1375.59098713761,5
1375.63093722656,5
1375.65078727076,5
1375.72838744354,5
1375.92153787359,4
1375.9233378776,5
1376.04828815581,4
1376.05568817228,4
1376.07923822472,2
1376.1051882825,5
1376.16233840974,5
1376.3011887189,2
1376.30478872691,2
1376.56628930915,2
1376.78003978507,5
1376.96504019698,5
1377.15289061524,2
1377.17824067168,2
1377.31704098072,2
1377.32619100109,2
1377.39269114916,2
1377.41749120438,2
1377.42344121762,2
1377.42894122987,2
1377.43429124178,2
1377.43854125125,2
1377.44509126583,2
1377.46594131225,2
1377.47439133107,2
1377.7958920469,7
1377.88624224806,4
1377.88999225641,4
1378.01039252449,5
1378.13484280158,4
1378.14379282151,4
1378.27504311374,5
1379.93184680266,3
1380.1156472119,2
1381.85895109342,2
1381.95570130883,2
1381.99240139055,2
1382.10660164482,4
1382.30050207654,3
1382.56595266758,2
1382.85545331216,2
1382.90535342326,2
1384.88775783714,4
1385.03630816789,2
1385.1096083311,4
1385.15965844254,2
1385.36360889664,2
1385.4927591842,5
1385.75810977501,2
1386.29746097589,2
1386.53551150591,2
1386.54376152428,2
1386.66146178635,2
1386.69046185092,2
1386.69346185759,2
1386.71741191092,3
1386.77181203204,2
1386.78426205976,2
1386.7998620945,2
1386.80796211253,2
1386.81216212188,2
1386.86291223488,2
1387.123462815,2
1387.33501328603,7
1387.37561337642,5
1387.62641393484,2
1388.02391481989,7
1388.03066483492,2
1388.13676507115,2
1388.15566511323,2
1388.43036572486,3
1388.50121588261,3
1388.79656654022,3
1389.17956739298,3
1389.64286842453,7
1389.81691881206,3
1389.83336884869,7
1389.84671887841,4
1389.8563688999,4
1390.05601934443,4
1390.07171937938,4
1390.07686939085,4
1390.08121940054,4
1390.66657070384,3
1390.98267140764,3
1390.99562143648,3
1391.01452147856,2
1391.67707295375,3
1391.70097300696,3
1391.70602301821,3
1391.72417305862,3
1391.73172307543,3
1391.73532308344,3
1391.74712310972,3
1391.75977313788,3
1391.79332321258,3
1391.84722333259,3
1391.88047340663,3
1391.89962344926,3
1391.90777346741,3
1391.92192349892,7
1391.92997351684,3
1391.9434735469,7
1391.94892355903,3
1391.96192358798,3
1391.98907364843,3
1391.99707366624,3
1392.01187369919,3
1392.0158737081,3
1392.03772375675,3
1392.05767380117,3
1392.07307383546,3
1392.20522412969,7
1392.25132423234,3
1392.33377441591,3
1392.38372452713,3
1392.40497457444,3
1392.70547524352,2
1393.46042692444,7
1393.56407715522,3
1393.66502737999,2
1393.69252744122,3
1393.81742771931,2
1394.03702820826,3
1394.17187850851,2
1394.23362864599,2
1394.37072895125,2
1394.51422927076,2
1394.54107933054,2
1394.70542969647,3
1394.8322299788,2
1395.01828039304,2
1395.02968041843,2
1395.31008104275,2
1395.31548105477,2
1395.33908110732,2
1395.38873121786,3
1396.53623377281,2
1396.97023473913,2
1397.10313503503,3
1397.11473506086,3
1397.13548510706,3
1397.14783513456,2
1397.23773533473,3
1397.41763573528,4
1397.42853575955,5
1397.80688660196,2
1398.27028763373,2
1398.280287656,2
1398.29648769207,2
1398.36998785572,2
1398.37728787197,2
1398.38108788043,2
1398.667438518,5
1398.8793389898,4
1398.96193917372,3
1399.08953945782,4
1399.23063977198,4
1399.26738985381,2
1399.29033990491,3
1399.31078995044,4
1399.31648996313,4
1399.32273997705,4
1399.33093999531,4
1399.35809005576,2
1399.37334008971,2
1399.40864016831,2
1399.42119019625,5
1399.42969021518,4
1399.47354031281,4
1399.47774032216,4
1399.48549033942,4
1399.48854034621,4
1399.49834036803,4
1399.50134037471,4
1399.57054052878,4
1399.5732405348,4
1399.57639054181,4
1399.58989057187,4
1399.59334057955,4
1399.59694058756,4
1399.63299066783,4
1399.6354906734,4
1399.63849068008,4
1399.65129070858,4
1399.65914072605,4
1399.68429078205,5
1399.71429084885,4
1399.71854085831,4
1399.72164086521,4
1399.72484087234,4
1399.72964088303,2
1399.7423409113,2
1399.74679092121,2
1400.14989181873,3
1400.41309240475,3
1400.48984257564,3
1400.58229278148,2
1400.68269300502,2
1400.76929319784,2
1400.78724323781,2
1400.85099337975,3
1400.86174340368,2
1400.9500936004,5
1400.97344365239,2
1401.1112439592,3
1401.12979400051,3
1401.14014402355,2
1401.25439427793,4
1401.26149429374,2
1401.26269429641,4
1401.26519430198,4
1401.33484445706,3
1401.34704448422,2
1401.38749457429,2
1401.41064462583,3
1401.43489467982,2
1401.44929471188,2
1401.48484479104,4
1401.49109480495,4
1401.50244483022,4
1401.50599483813,4
1401.62149509529,2
1401.69849526674,4
1401.71854531138,4
1401.73639535112,4
1401.77119542861,4
1401.83464556988,2
1401.84274558791,4
1401.84979560361,4
1401.8532956114,2
1401.85799562187,4
1401.86194563066,2
1401.88484568165,2
1401.93209578686,4
1402.01139596342,4
1402.01414596954,4
1402.04849604602,4
1402.05194605371,4
1402.07944611494,4
1402.22324643511,4
1402.30169660978,4
1402.30864662526,4
1402.33254667847,4
1402.3988968262,3
1402.42379688164,3
1402.42514688465,2
1402.48714702269,2
1402.50094705342,2
1402.50519706288,2
1402.54924716096,3
1402.62029731916,3
1402.65734740165,3
1402.7317475673,2
1402.81489775244,3
1402.83529779786,2
1402.84834782692,2
1402.88554790974,2
1403.18569857804,3
1403.25514873267,4
1403.46709920458,3
1403.86590009253,4
1404.29870105617,2
1404.39850127838,2
1404.40385129029,2
1404.45280139928,2
1404.46720143134,2
1404.49300148879,2
1404.49850150103,2
1404.50385151294,2
1404.53315157818,3
1404.56185164208,2
1404.56485164876,2
1404.5751516717,2
1404.58295168906,2
1404.75135206401,4
1404.75960208238,4
1404.76555209563,4
1404.86515231739,5
1404.96005252869,2
1404.97520256242,2
1405.14885294906,2
1405.32485334093,2
1405.41220353542,2
1405.46145364507,2
1406.30120551481,4
1406.31585554742,5
1406.32380556512,4
1406.35205562802,2
1406.62030622529,5
1406.73325647678,5
1406.78225658588,5
1407.29730773266,5
1407.48420814879,5
1407.64035849647,3
1407.69755862383,5
1407.93355914929,5
1408.07765947013,5
1408.13350959448,2
1408.2492598522,2
1408.49121039091,2
1408.52366046317,3
1408.67456079915,3
1408.68346081897,7
1408.6884608301,3
1408.7127608842,3
1408.77671102659,3
1409.19581195973,2
1409.49786263225,4
1409.51821267756,4
1409.53031270451,3
1409.54256273178,3
1409.5501627487,3
1409.56481278132,3
1409.57346280058,2
1409.59381284589,3
1409.86966346008,4
1409.90221353255,4
1410.24041428557,2
1410.39031461932,2
1410.45931477296,2
1410.57641503368,2
1410.63111515547,2
1410.63891517284,2
1410.64456518542,2
1410.65136520056,2
1410.70246531434,2
1411.25121653615,2
1411.30961666618,2
1411.34881675346,2
1411.48511705693,2
1411.50711710592,2
1411.54956720043,2
1411.55446721134,2
1411.61261734082,2
1411.61586734805,2
1411.61601734839,3
1411.89061795979,3
1412.09381841223,7
1413.21292090394,2
1413.22697093522,2
1413.34762120385,2
1413.47292148284,2
1413.82732227192,3
1413.90507244504,3
1413.93012250081,2
1414.12942294456,2
1414.17987305689,2
1414.23427317801,2
1414.26472324581,3
1414.28022328032,2
1414.28347328756,2
1414.41107357166,2
1414.42852361051,2
1414.43247361931,2
1414.46887370036,2
1414.47442371271,2
1414.48072372674,2
1414.48772374233,2
1414.56452391332,2
1414.57937394639,3
1414.89137464107,2
1414.92922472534,2
1414.94447475929,2
1415.11792514549,6
1415.674626385,2
1415.73897652828,4
1416.26107769075,3
1416.34267787243,2
1417.36498014862,2
1417.45203034244,2
1418.26193214571,2
1418.29483221896,2
1418.30288223689,2
1418.39848244974,2
1418.47438261874,2
1418.60643291275,2
1418.63558297765,2
1418.77058327824,2
1418.94668367033,3
1419.14738411719,3
1419.25408435477,3
1419.36818460881,3
1419.38383464366,4
1419.56088503787,4
1419.59703511836,4
1419.849735681,3
1419.88978577017,2
1420.07833618999,2
1420.08208619834,2
1420.1159362737,2
1420.16483638258,4
1420.16903639193,4
1420.19383644715,2
1420.2558365852,3
1420.32538674005,2
1420.39083688578,5
1420.41968695001,2
1420.42828696916,3
1420.47663707681,2
1420.54023721842,2
1420.55398724904,2
1420.56313726941,4
1420.57518729624,2
1420.5789873047,2
1420.62983741792,2
1420.65793748049,3
1420.66703750075,2
1420.67808752535,2
1420.68618754338,7
1420.69568756454,4
1420.72988764068,2
1420.73723765705,3
1420.78093775435,3
1420.79603778797,4
1420.80463780712,4
1420.83573787636,2
1420.87193795696,4
1420.90093802153,4
1420.90478803011,4
1420.96908817327,2
1420.98683821279,4
1420.98848821647,3
1420.9930382266,2
1420.9983382384,4
1421.23403876319,2
1421.29098888999,5
1421.40618914649,5
1421.71818984117,2
1421.72198984963,2
1421.7518899162,2
1421.99559045881,2
1422.00719048464,2
1422.55284169954,7
1422.70064202863,7
1423.14219301175,2
1424.024394976,2
1424.04619502454,2
1424.24724547218,4
1424.48454600054,4
1424.49329602002,4
1424.72909654504,4
1424.97179708542,5
1425.11064739457,5
1425.27634776351,4
1425.31004783854,5
1425.31969786003,5
1425.38749801099,4
1425.53264833417,7
1425.57669843225,5
1425.59439847166,5
1425.63059855226,5
1425.65004859557,5
1425.72994877347,5
1426.58495067715,3
1426.62120075786,2
1427.71605319558,2
1427.967753756,4
1428.82885567327,4
1428.84080569988,4
1428.85970574196,4
1428.8828557935,5
1428.88325579439,4
1428.88355579506,2
1428.88580580007,4
1428.89410581855,4
1428.92720589225,5
1428.94725593689,4
1428.95420595237,4
1428.95730595927,4
1428.9614059684,4
1428.97370599578,4
1428.98290601627,4
1429.28030667844,4
1429.46580709146,2
1429.50650718208,3
1429.68455757852,7
1429.7290576776,2
1429.83260790816,2
1429.96060819315,2
1430.08140846212,2
1430.12110855051,2
1430.12525855975,2
1430.18195868599,2
1430.30405895785,2
1430.30695896431,2
1430.88991026227,3
1431.64016193273,4
1431.64796195009,4
1431.65361196267,4
1431.90726252743,4
1431.91921255404,4
1432.15361307594,4
1432.24726328446,4
1432.3781135758,4
1432.38446358994,4
1432.4893638235,4
1432.50516385868,4
1432.52306389853,3
1432.9789149135,7
1433.26156554283,7
1433.31636566484,2
1433.33721571127,2
1433.34821573576,3
1433.40961587247,7
1433.4667159996,7
1433.54356617071,4
1433.65281641396,4
1433.66216643478,4
1433.66496644101,5
1435.03826949871,4
1435.18886983403,4
1435.31642011802,4
1435.49222050945,4
1436.07657181052,4
1436.09782185784,4
1436.1440219607,3
1436.68907317427,2
1436.73962328683,2
1437.43927484462,3
1438.10012631602,3
1438.14057640609,2
1438.18487650472,2
1438.19817653434,2
1438.2611266745,2
1439.27797893855,6
1439.56852958547,2
1439.5686795858,4
1439.60672967052,3
1440.34458131337,2
1440.36263135356,2
1440.42413149049,2
1440.45313155506,2
1440.48613162853,2
1440.49643165147,2
1440.56063179441,2
1440.56363180109,2
1440.56823181133,2
1440.57488182614,2
1440.58333184495,2
1440.58873185698,2
1440.59578187267,2
1440.65818201161,2
1440.66278202185,2
1440.66943203666,2
1440.70813212283,2
1440.71118212962,2
1440.76263224417,2
1440.76868225764,2
1440.77453227067,2
1440.77653227512,7
1440.78938230373,2
1440.79528231687,2
1440.80278233357,2
1440.81468236006,2
1440.82188237609,2
1440.83063239558,2
1440.83493240515,2
1440.84758243332,2
1440.88028250612,2
1440.8859325187,2
1440.89533253963,2
1440.903582558,2
1440.90788256758,2
1440.92948261567,2
1440.9415326425,2
1440.94298264573,3
1440.94698265463,2
1440.96488269449,7
1440.97388271453,2
1440.97958272722,2
1440.99748276707,2
1441.00373278099,2
1441.01258280069,2
1441.04453287183,2
1441.1962332096,5
1441.3004334416,4
1441.32333349259,4
1441.39813365913,4
1441.40463367361,4
1441.40968368485,4
1441.42903372793,4
1442.14968533249,5
1442.29688566023,5
1442.30013566747,5
1442.4185859312,5
1442.47158604921,2
1442.51988615675,4
1442.6591864669,5
1442.86853693303,4
1442.88268696453,4
1443.28968787073,3
1443.37673806455,5
1443.93453930651,1
1444.30539013222,5
1444.53419064166,2
1444.87889140914,4
1444.99794167421,5
1445.04374177619,2
1445.29654233905,2
1445.60629302872,2
1445.65269313203,2
1445.66389315697,2
1445.69529322688,2
1445.69919323557,2
1445.72069328344,2
1445.72379329034,2
1445.73209330882,2
1445.82014350487,2
1445.86784361107,3
1446.01029392824,5
1446.01824394594,4
1446.27109450892,4
1446.27779452384,4
1446.30644458763,5
1446.52429507268,4
1446.78359565002,4
1447.53514732337,7
1448.28514899327,3
1448.64619979716,3
1448.85450026095,3
1448.87475030604,3
1448.95130047648,3
1449.02090063145,3
1449.05130069913,7
1449.06195072284,3
1449.07090074277,3
1449.14460090687,3
1449.15080092067,3
1449.16100094338,3
1449.22715109067,3
1449.30805127079,3
1449.33035132045,3
1449.43575155512,4
1449.44450157461,4
1449.76025227763,3
1449.77385230791,3
1449.78125232439,3
1449.78930234231,3
1449.82830242915,3
1449.83685244819,3
1449.84520246678,3
1449.85440248726,3
1449.88495255528,3
1449.89570257922,7
1449.91670262597,7
1449.92880265292,3
1449.93370266383,7
1449.93850267451,3
1449.96830274086,3
1449.97745276124,3
1449.99710280499,3
1450.00345281913,3
1450.01410284284,3
1450.02125285876,2
1450.02270286199,3
1450.0298028778,3
1450.0488029201,3
1450.05490293368,7
1450.12635309277,2
1450.155203157,2
1450.23285332989,2
1450.23355333145,3
1450.25610338166,2
1450.26440340014,2
1450.27710342842,2
1450.35410359986,3
1450.42230375171,3
1450.58345411052,7
1450.63425422362,3
1450.67225430823,7
1450.69650436223,3
1451.0844052259,4
1451.42195597746,5
1451.45770605706,3
1451.47250609002,5
1451.83665690081,7
1452.371658092,4
1452.73080889166,5
1453.12140976135,2
1453.24036002619,2
1453.50896062424,3
1453.52876066833,3
1454.18581213127,3
1455.45736496242,2
1456.24896672494,3
1456.2783667904,3
1456.73176779991,2
1456.75171784433,5
1457.00056839841,2
1457.20821886075,7
1457.38671925818,2
1457.41191931429,4
1457.48151946926,4
1457.50661952514,4
1457.87662034896,4
1457.89862039795,3
1457.99662061615,4
1458.02677068328,4
1458.30492130259,2
1458.31877133342,2
1459.03497292807,2
1459.18977327274,4
1459.19582328621,4
1459.43687382291,3
1459.60077418784,3
1459.91399979637,7
1460.10069909232,2
1460.20439870126,2
1460.21654865545,2
1460.22259863263,2
1460.22799861227,2
1460.24354855363,2
1460.35244814297,2
1460.36059811223,2
1460.61474715383,2
1460.82654635513,2
1460.84239629536,2
1460.85364625294,2
1460.85969623012,2
1460.87899615734,2
1461.8836423688,3
1461.95054211651,2
1462.22724107308,2
1462.24834099351,2
1462.27909087755,2
1462.30424078271,2
1462.31114075669,2
1462.33219067731,2
1462.34149064224,2
1462.36554055155,2
1462.45109022894,4
1462.46324018312,3
1462.69288931711,4
1462.79108894679,4
1463.05563794917,4
1463.08278784679,4
1463.0946378021,3
1463.1793374827,5
1463.18093747666,7
1463.21343735411,7
1463.22188732224,4
1463.33633689065,4
1463.34198686934,4
1463.35878680599,4
1463.51368622186,4
1463.56883601389,3
1463.6400857452,4
1463.65003570768,2
1463.65723568053,2
1463.98233445458,3
1463.98298445212,2
1463.98878443025,4
1463.99918439103,4
1464.15883378899,3
1464.17258373714,2
1464.17418373111,4
1464.43888273292,4
1464.55838228229,4
1465.60177834761,4
1465.81697753609,7
1465.98462690388,4
1466.13582633371,4
1466.38797538284,3
1466.88462350997,2
1467.0332229496,4
1467.10967266131,2
1467.18407238074,2
1467.29037197989,2
1467.5162211282,2
1467.59907081577,2
1467.6502706227,2
1467.77302015981,2
1467.87271978384,2
1467.91426962715,2
1467.98016937864,4
1468.56291718109,3
1468.93796576677,3
1469.24431461152,3
1469.27371450065,3
1469.5551634393,3
1469.85136232233,4
1470.58145956911,4
1470.94150821136,4
1471.45755626533,3
1472.40050270946,4
1472.77455129891,4
1472.95505061824,4
1472.97300055055,4
1472.9802005234,4
1472.99220047815,4
1472.99720045929,2
1473.07960014856,4
1473.08530012707,4
1473.09975007258,4
1473.10455005448,4
1473.11170002751,4
1473.19964969585,4
1473.2050996753,2
1473.20674966908,4
1473.21244964758,4
1473.21954962081,4
1473.22349960592,4
1473.23289957047,4
1473.23849954935,4
1473.24204953596,4
1473.32354922863,2
1473.34169916018,4
1473.34819913567,2
1473.35579910701,2
1473.42439884832,4
1473.4282488338,4
1473.43449881023,4
1473.45534873161,4
1473.46064871162,4
1473.47389866165,4
1473.48644861433,4
1473.48874860565,4
1473.519948488,4
1473.52264847782,4
1473.52669846254,4
1473.56899830303,7
1473.58409824609,2
1473.59794819386,4
1473.60214817802,4
1473.61389813371,4
1473.61449813145,2
1473.61779811901,2
1473.71244776208,4
1473.7160477485,4
1473.75149761482,4
1473.75174761388,2
1473.77419752922,2
1473.84639725695,4
1473.85179723659,4
1473.85579722151,4
1473.87484714967,4
1473.87829713666,4
1473.91394700222,4
1473.93404692642,2
1473.96074682574,4
1473.98334674051,4
1474.00254666811,4
1474.00769664869,2
1474.07769638472,4
1474.13579616562,2
1474.20234591466,4
1474.26654567256,4
1474.30214553832,2
1474.30639552229,2
1474.31774547949,3
1474.37479526435,2
1474.37814525172,4
1474.38339523192,5
1474.81754359474,7
1474.85064346992,7
1475.22629205334,3
1475.47264112435,7
1475.5248409275,3
1475.53779087867,7
1476.24173822406,2
1476.29148803646,3
1476.30973796763,7
1476.39633764107,2
1476.42303754038,2
1476.45083743555,2
1476.46268739086,2
1476.49383727339,3
1476.57448696926,7
1476.59763688196,3
1476.68148656576,3
1476.68418655558,2
1476.68923653654,2
1476.69453651655,2
1476.70408648054,2
1476.71918642359,3
1476.72378640625,2
1476.81623605762,3
1476.94588556871,4
1477.21173456618,4
1477.99353161801,2
1478.13508108422,5
1478.32298037565,3
1478.7048789355,3
1479.02897771331,2
1479.03667768428,4
1479.43567617965,4
1479.44937612798,4
1479.46032608669,4
1479.74752500366,4
1479.88677447854,4
1479.89212445837,4
1479.89892443272,4
1479.9237243392,4
1480.18962333649,3
1480.32222283646,3
1480.51472211054,2
1480.56052193782,2
1480.76047118381,5
1480.81787096735,2
1480.88482071489,1
1480.98692032987,2
1481.04772010059,5
1481.07466999896,2
1481.08526995899,5
1481.22206944311,2
1481.25831930641,5
1481.45996854599,4
1481.56531814871,2
1481.64326785476,2
1481.66736776388,2
1481.69961764227,2
1481.70066763831,4
1481.70656761606,4
1481.71956756703,2
1481.72971752876,4
1481.73006752744,2
1481.73761749897,4
1481.81916719144,4
1481.88801693181,7
1481.92446679435,4
1481.9294667755,2
1481.93356676004,4
1481.93751674514,4
1481.99811651662,2
1482.00206650172,2
1482.03101639255,2
1482.03726636898,2
1482.0888661744,2
1482.16326589384,2
1482.16676588064,2
1482.32691527671,2
1482.33141525974,2
1482.44161484418,2
1482.84141333653,2
1482.87046322698,2
1482.88876315797,2
1483.28021168181,2
1483.47656094137,2
1483.70371008478,2
1483.77460981742,4
1483.89600935962,2
1484.17310831467,2
1484.22275812744,3
1484.39190748958,5
1484.53460695145,2
1484.54025693015,2
1484.62490661093,7
1484.68145639768,2
1484.78565600474,2
1484.91990549848,2
1484.97060530729,2
1485.33545393144,3
1485.35480385847,3
1485.36045383716,4
1485.36235383,3
1485.37105379719,4
1485.45380348514,4
1485.46135345667,4
1485.7781022622,5
1487.15224708027,2
1487.28664657344,2
1487.36909626252,2
1487.38809619087,2
1487.63899524473,5
1487.6440952255,4
1487.66759513688,4
1489.7358873373,2
1489.75233727526,2
1489.75863725151,2
1489.76198723887,2
1489.77318719664,2
1489.78413715534,2
1489.78973713423,2
1489.81673703241,2
1489.81943702223,2
1489.82418700432,2
1489.89168674977,2
1489.89513673676,2
1489.90233670961,2
1489.91208667284,2
1489.96363647845,2
1490.02343625294,2
1490.03183622127,2
1490.03563620694,2
1490.07708605063,2
1490.0821860314,2
1490.15943574008,2
1490.16638571388,2
1490.17403568503,2
1490.18843563073,2
1490.19758559622,2
1490.29653522308,2
1490.70558368055,5
1490.88658299799,2
1491.19853182163,4
1491.68297999476,3
1491.8067295281,4
1491.82142947267,4
1491.82807944759,4
1491.95907895359,4
1491.97177890569,7
1492.51887684257,3
1492.56117668306,2
1492.56662666251,3
1492.61217649074,7
1492.64847635385,2
1492.73562602521,7
1492.77422587965,2
1492.78312584609,2
1492.8779754884,2
1493.08732469894,2
1493.09067468631,2
1493.16677439934,2
1493.17192437992,2
1493.18182434258,2
1493.79112204491,2
1494.38131981926,4
1494.48396943216,3
1494.53111925436,4
1494.66221875998,7
1494.80231823166,4
1494.80706821375,4
1494.95461765734,4
1494.96066763452,2
1495.04216732718,4
1495.0426673253,2
1495.06311724818,2
1495.1413669531,4
1495.17911681074,4
1495.18201679981,4
1495.28871639744,4
1495.29501637368,4
1495.32486626112,4
1496.22771285646,3
1496.23396283289,3
1496.3523123866,1
1496.43606207077,7
1496.44851202382,3
1496.48306189354,5
1496.56496158469,7
1496.64836127019,7
1497.6087076487,3
1497.96035632262,5
1498.36275480517,4
1498.37525475803,2
1498.44570449236,2
1498.49060432304,5
1498.56255405172,2
1498.66250367481,2
1498.68660358393,2
1498.75425332882,4
1498.7847532138,2
1498.89375280276,2
1498.97765248637,4
1499.00215239398,4
1499.16450178176,2
1499.17970172444,2
1499.18480170521,2
1499.19965164921,2
1499.22065157002,4
1499.24520147744,4
1499.43045077886,2
1499.44670071758,2
1499.45980066818,2
1499.46745063933,2
1499.47305061821,2
1499.50815048585,2
1499.57970021604,2
1500.16184802074,3
1500.19929787952,2
1500.28499755634,2
1500.30074749695,2
1500.31284745132,2
1500.33714735968,2
1500.36679724787,2
1500.37769720677,2
1500.38289718716,2
1500.39869712758,2
1500.41009708459,2
1500.44004697165,2
1500.99034489646,2
1501.18889414773,2
1501.31054368898,2
1501.34114357359,2
1501.35204353249,2
1501.47544306714,2
1501.58599265026,2
1501.66364235744,2
1501.68134229069,2
1501.68649227127,2
1501.78724189134,1
1501.88649151707,3
1502.10639068782,5
1502.3289898484,3
1502.34158980088,4
1502.34553978599,4
1503.11803687288,2
1503.13933679256,4
1503.14338677729,4
1503.14838675843,4
1503.24193640565,3
1503.26408632213,3
1503.32718608418,4
1503.33983603647,4
1503.34493601724,4
1503.35158599216,4
1503.46413556774,4
1503.46868555058,5
1503.48063550551,4
1503.48378549363,4
1503.48658548308,3
1503.52548533638,4
1503.53418530358,4
1503.56278519573,4
1503.56738517838,4
1503.56953517027,3
1503.57118516405,4
1503.61528499775,4
1503.70608465534,7
1503.72113459859,4
1503.73958452901,4
1503.74788449771,5
1503.77993437685,7
1503.80738427334,3
1503.83173418151,7
1503.93128380611,7
1504.0513333534,3
1504.14138301382,7
1504.1487329861,3
1504.25838257261,4
1504.30018241498,2
1504.45718182293,2
1504.54288149976,7
1504.572781387,2
1504.9601299263,3
1505.01852970608,5
1505.66142728169,3
1506.57002385535,2
1506.75042317506,2
1507.16942159501,6
1509.35396335705,3
1510.27100989885,2
1510.32440969747,2
1510.34730961112,2
1510.3786594929,2
1510.78935794414,3
1510.96020729986,4
1510.99200717995,7
1511.81115409092,4
1512.1185029319,2
1512.18455268283,4
1512.29075228235,2
1512.36395200631,3
1512.58525117178,4
1512.58805116123,4
1512.66100088613,5
1512.66115088556,3
1512.66150088425,7
1512.66190088274,4
1512.66205088217,6
1512.74960055202,3
1512.78125043267,5
1513.2062988298,4
1514.062245602,3
1514.09719547021,3
1514.3932443538,7
1514.39584434399,3
1514.68064327001,4
1514.80864278732,4
1515.03814192187,4
1515.0456918934,4
1515.0482918836,4
1515.06149183382,4
1515.06594181704,4
1515.07199179422,4
1515.12149160756,4
1515.15299148877,4
1515.22044123442,4
1515.23619117502,4
1515.29319096008,4
1515.32579083714,5
1515.45729034125,5
1515.51049014064,5
1515.61313975354,5
1515.72293933949,4
1516.16938765592,3
1516.34183700561,3
1516.43248666377,3
1517.09738415642,5
1517.58168233012,3
1518.56522862114,7
1519.26437598464,5
1519.78187403314,5
1519.84837378237,2
1519.93967343808,3
1520.18347251871,1
1520.7520203747,3
1520.80212018577,2
1520.81157015013,2
1521.18471874298,7
1521.24456851729,4
1521.51261750647,3
1521.74491663046,4
1521.7673665458,4
1521.77016653524,4
1521.92576594847,4
1522.01091562737,3
1522.12301520464,3
1522.20451489731,3
1522.26811465747,7
1522.66036317829,2
1522.82531255626,2
1522.88931231492,2
1522.89101230851,5
1522.9080122444,2
1522.91521221725,3
1522.9958119133,2
1523.00196189011,2
1523.00696187126,2
1523.01381184543,2
1523.0268117964,2
1523.09266154808,2
1523.09716153111,2
1523.10516150094,2
1523.12061144268,2
1523.12841141327,2
1523.1512613271,2
1523.23216102203,2
1523.24151098677,2
1523.24661096754,2
1523.27276086892,5
1523.3565105531,3
1523.52170993013,7
1523.57525972819,3
1523.70765922891,7
1523.78145895061,3
1523.85030869098,3
1524.02040804953,3
1524.22100729306,5
1524.22535727666,3
1524.29215702476,2
1524.29570701137,7
1524.36510674966,3
1524.44010646683,3
1524.50425622492,3
1524.57990593965,7
1524.62955575242,3
1524.67920556519,7
1524.81880503875,2
1524.91325468258,2
1524.92570463563,2
1525.00870432264,3
1525.05715413993,3
1525.08010405339,7
1525.14720380035,3
1525.1627037419,2
1525.35290302466,7
1525.36295298676,7
1525.46340260796,3
1525.4762525595,7
1525.69685172762,3
1525.73420158677,7
1525.98820062893,3
1526.04645040927,7
1526.0500503957,3
1526.13350008101,7
1526.14865002388,3
1526.18844987379,3
1526.19059986568,3
1526.23164971088,3
1526.29169948443,3
1526.3653492067,3
1526.37909915485,3
1526.38814912072,3
1526.40194906868,3
1526.41639901419,3
1526.48579875248,3
1526.49614871345,3
1526.50739867102,3
1526.5208486203,3
1526.57554841403,3
1526.58269838707,3
1526.58919836256,3
1526.61244827488,3
1526.65994809576,3
1526.68624799658,3
1526.73024783066,3
1526.75374774204,7
1526.77359766718,3
1526.80829753633,3
1526.83889742094,3
1526.86129733646,3
1526.87394728876,3
1526.87919726896,3
1526.89304721673,3
1526.9142971366,3
1526.93184707042,3
1527.03989666296,3
1527.06019658641,3
1527.09774644481,3
1527.10544641577,1
1527.14754625701,7
1527.20084605602,3
1527.22334597117,3
1527.24064590593,7
1527.28654573284,3
1527.30669565686,7
1527.32694558049,7
1527.35854546133,3
1527.38394536555,2
1527.38834534895,2
1527.46144507329,3
1527.51814485948,3
1527.57949462812,3
1527.61879447992,4
1527.62289446446,3
1528.94163949144,7
1529.3825378288,7
1529.45858754202,7
1529.66883674916,3
1529.87918595593,3
1529.89418589937,7
1530.20138474091,7
1530.26783449033,7
1530.34388420354,3
1530.36998410512,3
1531.03958158005,3
1531.06313149124,3
1531.19843098103,7
1531.51427978995,7
1532.01562789936,5
1532.10512756185,5
1532.21062716401,3
1532.5123260263,5
1532.60782566617,3
1532.7695750562,2
1532.78677499134,2
1532.79477496117,2
1533.15437360512,3
1533.54972211425,2
1534.02427032472,2
1534.06057018783,2
1534.0949200583,2
1534.09847004491,2
1534.54071837718,2
1534.57866823407,2
1534.62751804986,2
1534.63276803006,2
1535.07361636761,2
1535.31386546162,2
1535.40746510866,3
1535.48781480566,2
1535.78326369151,2
1535.79926363117,2
1536.01461281909,5
1536.06196264053,2
1536.07936257491,2
1536.13296237279,2
1536.14071234356,2
1536.1780122029,2
1536.18576217368,2
1536.35851152224,5
1536.3666614915,3
1536.39616138026,3
1536.69266026215,2
1537.04495893363,5
1537.35705775669,2
1537.40405757946,5
1537.76415622152,4
1538.25130438447,5
1538.38520387953,5
1538.56450320339,3
1538.57490316417,5
1538.58735311722,3
1539.511299633,3
1540.03199766943,3
1540.17784711943,4
1540.18554709039,4
1540.18939707587,4
1540.2798967346,4
1540.28519671461,3
1540.2999966588,4
1540.30789662901,4
1540.5445457366,4
1540.55179570926,4
1540.6371453874,4
1540.66879526805,4
1540.74754497108,4
1540.75584493978,4
1540.75869492904,3
1540.76124491942,4
1540.76429490792,4
1540.78024484777,4
1540.80819474237,4
1540.81134473049,4
1540.8157447139,4
1541.0292939086,4
1541.03339389314,4
1541.0397438692,4
1541.05284381979,4
1541.06194378548,4
1541.12269355639,4
1541.15234344458,4
1541.1576934244,4
1541.29974288873,4
1541.32724278503,7
1541.40284249994,4
1541.47099224295,4
1541.50269212341,4
1541.50559211247,4
1541.5083421021,4
1541.51724206854,4
1541.51994205836,4
1541.53049201857,4
1541.53464200292,4
1541.53719199331,4
1541.54074197992,4
1541.54384196823,4
1541.54964194636,4
1541.60779172707,4
1541.6100917184,4
1541.63744161526,4
1541.6397916064,4
1541.64339159282,4
1541.64684157981,4
1541.65564154663,4
1541.66449151326,4
1541.69034141578,4
1541.69309140541,4
1541.69624139353,4
1541.69974138033,4
1541.72434128756,4
1541.727141277,4
1541.75674116538,4
1541.75924115595,4
1541.76389113842,4
1541.77264110542,4
1541.77524109562,4
1541.79079103698,4
1541.8550907945,4
1541.86089077263,4
1541.97619033783,4
1541.9790903269,4
1541.98489030502,4
1541.99239027674,4
1542.36178888373,5
1542.39103877343,3
1542.42398864917,3
1542.78533728652,5
1542.79843723712,7
1542.82293714473,3
1542.84748705215,7
1542.97603656739,3
1543.02378638732,3
1543.04598630361,3
1543.1180360319,3
1543.16243586447,7
1543.19098575681,3
1543.19958572438,3
1543.21558566404,7
1543.24898553809,3
1543.27088545551,3
1543.35893512347,3
1543.40923493379,3
1543.58683426405,7
1543.60683418863,3
1543.68868387998,7
1543.69848384302,3
1543.71858376722,7
1543.72703373536,3
1543.73608370123,3
1543.76443359432,7
1543.79128349307,3
1543.86518321439,3
1543.91633302151,7
1543.92453299058,3
1543.95663286954,3
1544.02718260349,7
1544.05728248998,3
1544.06633245586,3
1544.07038244058,4
1544.08568238289,4
1544.101032325,7
1544.11928225618,2
1544.14128217322,7
1544.16443208592,7
1544.17698203859,3
1544.19463197203,3
1544.26388171089,3
1544.48703086939,4
1544.49628083451,4
1544.50258081075,4
1544.88242937833,3
1544.88812935684,4
1544.90777928274,7
1545.338627658,4
1545.54062689625,2
1545.55842682913,4
1545.63752653084,4
1545.64532650143,4
1545.64967648503,4
1545.65542646334,4
1545.66867641338,4
1545.88122561185,4
1545.88592559412,4
1545.89617555547,4
1545.9045755238,4
1545.90742551305,5
1545.91937546798,4
1546.07042489837,2
1546.23362428294,3
1546.26692415737,2
1546.39477367525,4
1546.42712355325,3
1546.74412235784,7
1547.00417137719,4
1547.75001856458,3
1547.89276802627,2
1548.18831691175,4
1548.20086686442,4
1548.24981667983,2
1548.26341662855,2
1548.26646661705,2
1548.27601658103,2
1548.29611650524,4
1548.31461643547,4
1548.3199664153,4
1548.34326632743,2
1548.34671631442,2
1548.35101629821,2
1548.378916193,2
1548.38311617716,2
1548.91601416759,2
1549.10046347202,2
1549.2431629339,2
1549.3741624399,2
1549.38131241294,2
1549.49001200303,3
1549.9222103732,7
1551.53215430206,4
1551.65450384067,4
1551.66940378449,4
1551.72040359216,4
1552.00555251686,2
1552.06430229531,4
1552.13190204039,4
1552.1363020238,7
1552.22830167687,2
1552.32205132334,4
1552.46700077673,4
1552.47420074958,5
1552.48950069188,2
1552.49605066718,2
1552.5101006142,2
1552.54150049579,5
1552.57630036456,5
1552.6083502437,5
1552.70514987866,4
1552.73799975479,4
1554.14464445029,3
1554.15214442201,7
1554.15884439675,3
1554.33429373512,3
1554.46354324772,4
1554.73719221578,3
1554.7935920031,3
1554.81714191429,3
1554.97434132149,3
1555.67393868329,7
1556.04218729461,2
1556.63013507745,5
1556.7714345446,3
1556.91768399309,2
1556.97963375948,2
1557.49148182929,2
1557.50018179648,4
1557.61533136225,4
1557.62313133283,4
1557.73228092123,3
1557.73413091425,4
1557.8107806252,5
1557.85418046154,5
1557.96108005842,7
1558.01872984102,3
1558.06022968453,4
1558.27127888865,5
1558.33462864976,4
1558.3448286113,3
1558.543527862,5
1558.57332774962,4
1558.57577774038,2
1558.82062681705,4
1558.94872633398,4
1558.95807629872,5
1559.05747592389,4
1559.08732581132,4
1559.08872580604,3
1559.16162553113,4
1559.16437552076,4
1559.2911750426,4
1559.29857501469,4
1559.7427233398,4
1559.77697321064,4
1559.79202315389,5
1559.82807301794,5
1559.92057266913,5
1560.00917233501,3
1560.03807222603,7
1560.05827214986,3
1560.09747200203,7
1560.12577189531,2
1560.13507186024,3
1560.24197145712,7
1560.24997142696,3
1560.3392710902,7
1560.35817101893,3
1560.45777064334,3
1560.47887056377,3
1560.50667045894,3
1560.53002037088,3
1560.54437031677,7
1560.56217024965,7
1560.57842018837,3
1560.60062010465,3
1560.68901977129,2
1560.92861886776,7
1560.97171870523,3
1560.99416862057,2
1561.09176825252,3
1561.09411824366,2
1561.09501824026,4
1561.09861822669,3
1561.10321820934,4
1561.12146814052,4
1561.12911811167,4
1561.13066810583,2
1561.16511797592,4
1561.16951795932,4
1561.18166791351,4
1561.18736789201,4
1561.1903678807,4
1561.19881784883,4
1561.20586782225,4
1561.20881781112,4
1561.21531778661,4
1561.22571774739,4
1561.23386771666,4
1561.2545676386,4
1561.25741762785,4
1561.2606676156,4
1561.26871758524,4
1561.27346756733,4
1561.27776755111,4
1561.28281753207,4
1561.29031750378,4
1561.30451745024,4
1561.31021742874,4
1561.31711740272,4
1561.32851735973,4
1561.33256734446,4
1561.36196723359,4
1561.36441722435,5
1561.36776721172,4
1561.37091719984,4
1561.37761717458,4
1561.38326715327,4
1561.38656714083,2
1561.3882171346,4
1561.40446707332,4
1561.4078670605,4
1561.41101704862,4
1561.4331669651,4
1561.43936694172,4
1561.48326677617,4
1561.48536676825,4
1561.48806675807,4
1561.49161674468,4
1561.49846671885,4
1561.50371669905,4
1561.51756664682,4
1561.79071561677,5
1561.89081523929,7
1562.12101437121,6
1562.23661393528,2
1562.33971354649,2
1562.3598634705,2
1562.37066342977,2
1562.4537631164,2
1562.4598630934,2
1562.46406307756,2
1562.46956305682,2
1562.47686302929,2
1562.48226300893,2
1562.49821294878,2
1562.50816291126,2
1562.52106286261,2
1562.52476284866,2
1562.53606280605,2
1562.5965625779,2
1562.60316255301,2
1562.61151252153,2
1562.62926245459,2
1562.63206244403,2
1562.6948122074,2
1562.69966218911,2
1562.71131214518,2
1562.71586212802,2
1562.72336209974,2
1562.74946200132,2
1562.77016192326,2
1562.7786618912,2
1562.81686174715,7
1562.83671167229,2
1562.84861162742,2
1562.92591133592,2
1562.93726129312,2
1562.94031128162,2
1562.94876124975,2
1562.95886121167,2
1562.96881117414,2
1563.00371104254,2
1563.00711102971,2
1563.06416081458,2
1563.0673108027,2
1563.07226078403,2
1563.08681072916,2
1563.15181048405,7
1563.83595790411,3
1563.91005762468,3
1563.92925755228,3
1564.10430689216,3
1564.78045434239,4
1565.00225350598,3
1565.65805103295,2
1565.87060023143,2
1566.26324875074,4
1566.27039872378,4
1566.38829827917,4
1566.40229822638,4
1566.53969770824,4
1566.64504731097,4
1566.6608972512,4
1566.81139668366,2
1566.9329962251,2
1566.96254611367,3
1566.96714609632,2
1566.99964597377,2
1567.09254562344,2
1567.12184551295,2
1567.25834499821,7
1567.33394471312,2
1567.339544692,2
1567.34729466278,2
1567.64139355372,4
1567.64294354788,5
1567.83184283553,2
1568.02389211131,2
1568.16764156923,3
1568.24054129432,3
1568.26829118968,3
1568.36739081597,3
1568.45699047809,7
1568.5299902028,3
1568.55729009985,3
1568.59538995618,7
1568.60983990169,3
1568.63648980119,7
1568.64273977762,7
1568.65163974406,3
1568.65903971615,7
1568.71458950667,3
1568.72458946896,7
1568.79048922045,3
1568.80063918218,3
1568.81483912863,3
1568.84288902285,3
1568.89753881677,4
1569.01568837122,3
1569.18523773185,3
1569.25953745166,7
1569.41728685678,3
1569.51313649533,2
1569.55383634185,3
1569.73068567495,3
1569.86558516624,2
1569.97978473559,2
1569.99528467714,3
1570.35593331713,7
1571.03553075435,3
1571.08748055844,6
1571.14338034764,7
1572.07322684117,7
1573.89456997284,2
1573.90296994116,2
1573.9101199142,2
1573.93736981144,2
1573.94056979937,2
1573.95061976147,2
1573.95811973319,2
1573.98601962798,2
1574.17996889659,2
1574.46491782204,2
1574.49646770307,2
1574.75346673392,2
1574.78346662079,2
1574.91816611283,2
1575.06306556641,2
1575.13931527887,2
1575.62291345521,2
1575.64456337357,2
1575.65331334058,3
1575.75436295951,2
1575.76726291087,2
1575.88431246947,2
1576.32436081004,2
1576.44366036016,2
1576.4678602689,2
1576.47256025118,2
1576.4827102129,2
1576.4870601965,2
1576.71500933689,2
1576.72050931615,2
1576.73375926619,2
1576.73725925299,2
1576.74540922226,2
1577.87475496346,2
1578.67830193327,2
1578.89235112608,2
1578.90780106782,2
1578.94990090906,2
1578.96285086023,3
1578.97620080989,2
1579.00145071467,2
1579.01895064867,2
1579.07880042298,2
1579.19624998007,2
1579.22579986864,2
1579.23634982886,2
1580.88979359368,4
1580.904293539,4
1580.90939351977,4
1581.34439187938,5
1581.65334071432,5
1582.02148932603,4
1582.24428848585,5
1582.37368799788,5
1582.60498712564,4
1582.7301366537,4
1582.94888582879,3
1582.96128578203,4
1582.97238574017,4
1582.97973571246,4
1582.98403569624,4
1583.07913533762,4
1583.09668527144,4
1583.15598504782,4
1583.17113499069,4
1583.17683496919,4
1583.18043495562,4
1583.20018488114,4
1583.20883484852,4
1583.21548482344,4
1583.22128480157,4
1583.22458478913,4
1583.23048476688,4
1583.25083469014,4
1583.25438467675,4
1583.25773466412,4
1583.26268464545,4
1583.26878462245,4
1583.27408460246,7
1583.27603459511,4
1583.28583455815,4
1583.28878454703,4
1583.29203453477,4
1583.30938446934,4
1583.31533444691,4
1583.33108438751,4
1583.33468437394,4
1583.34028435282,4
1583.37273423045,4
1583.37528422083,4
1583.38278419255,4
1583.39163415918,4
1583.40203411996,4
1583.4135840764,4
1583.41603406717,4
1583.438883981,4
1583.44148397119,4
1583.45728391161,4
1583.45978390218,7
1583.45998390143,4
1583.47303385222,4
1583.47633383977,4
1583.48208381809,4
1583.49543376775,4
1583.50783372099,4
1583.51083370967,4
1583.52348366197,4
1583.52688364915,4
1583.5375836088,4
1583.54618357637,4
1583.55018356128,7
1583.58573342722,2
1583.59673338574,4
1583.60098336972,4
1583.6048333552,4
1583.61203332805,4
1583.63198325282,3
1583.65313317306,4
1583.68238306276,4
1583.6834330588,2
1583.79833262551,4
1584.24223095156,2
1584.28583078714,4
1584.51502992282,2
1584.52697987776,4
1584.65232940507,3
1584.69997922538,3
1584.88122854188,5
1585.39102661942,3
1585.41642652364,4
1585.51622614729,2
1585.52907609883,2
1585.82752497337,2
1585.92097462097,7
1585.93232457817,3
1586.18432362788,2
1586.20697354246,2
1586.23767342669,3
1586.64817187869,4
1586.65982183476,4
1586.88567098308,4
1586.88942096894,5
1586.89217095857,4
1586.89672094141,4
1587.11482011895,4
1587.12542007898,4
1587.20306978616,4
1587.26641954727,5
1587.27776950447,5
1587.36051919242,4
1587.36516917488,4
1587.37501913774,4
1587.38546909833,4
1587.39236907231,4
1587.46626879363,4
1587.51796859867,5
1587.58131835978,4
1587.58686833885,4
1587.60771826022,4
1587.61426823552,5
1587.62656818914,4
1587.63816814539,4
1587.64706811183,4
1587.80101753128,4
1587.8919171885,4
1587.93171703841,4
1588.01006674296,4
1588.01591672089,5
1588.02806667508,4
1588.03106666376,4
1588.04161662398,3
1588.21926595406,7
1588.40981523549,5
1588.41151522908,7
1588.43241515027,4
1588.49356491967,4
1588.53426476619,4
1588.58446457689,5
1588.62391442812,7
1588.63016440455,4
1588.63441438852,4
1588.66041429048,7
1588.6963141551,4
1588.76186390791,4
1588.7976137731,7
1588.8076637352,4
1588.83141364564,5
1588.85931354042,5
1588.88421344653,3
1588.95706317181,5
1589.07341273305,2
1589.12811252678,3
1589.21646219361,5
1589.24966206841,5
1589.30316186666,2
1589.42991138869,5
1589.59731075742,2
1589.61466069199,2
1589.66671049571,2
1589.68951040973,2
1589.70256036052,2
1589.78421005262,2
1589.83330986746,2
1589.83640985577,2
1589.92770951148,2
1589.94215945699,2
1589.94680943945,2
1589.95350941419,2
1590.06125900786,2
1590.06520899296,2
1590.07155896902,2
1590.08955890114,2
1590.09255888983,2
1590.10865882911,7
1590.79665623466,7
1591.03595533226,7
1591.22400462312,6
1591.66780294954,5
1591.77640254001,2
1591.82255236598,2
1592.25835072257,5
1592.26870068354,5
1592.28610061793,5
1592.53919966348,5
1592.6676491791,2
1592.67554914931,4
1592.69234908595,4
1593.33459666402,7
1593.48769608668,3
1593.66914540243,3
1593.92209444855,2
1593.93449440179,2
1593.98819419929,2
1594.05789393645,2
1594.10194377034,3
1594.11084373678,3
1594.11814370925,7
1594.12199369473,2
1594.12669367701,3
1594.15954355313,3
1594.1672935239,2
1594.17849348167,2
1594.27154313077,3
1594.31099298201,3
1594.3642427812,7
1594.38049271992,2
1594.39409266864,3
1594.42279256041,3
1594.44074249272,3
1594.44724246821,3
1594.46014241956,3
1594.46549239939,3
1594.47934234716,3
1594.48509232547,7
1594.49444229022,3
1594.519692195,3
1594.52814216313,3
1594.64479172324,3
1594.68419157467,7
1594.81189109311,3
1594.89019079784,3
1594.89609077559,3
1595.0498401958,2
1595.18028970387,2
1595.22993951664,3
1595.32633915311,7
1595.41858880524,3
1595.43268875207,3
1595.45578866496,5
1595.46453863196,4
1595.6197380467,3
1596.41793503668,4
1596.71748390707,3
1596.81878352507,7
1597.68333026484,7
1598.27372803844,3
1598.40272755198,3
1599.47112352303,4
1599.48327347721,7
1600.04777134848,4
1600.08792119707,3
1600.51966956894,3
1601.49456589258,3
1601.58086556714,4
1602.09476362922,2
1602.10816357869,2
1602.1313634912,2
1602.13536347611,2
1602.16221337486,2
1602.24001308148,2
1602.25286303302,2
1602.4191624059,2
1602.51496204464,4
1602.59111175748,4
1602.62186164152,4
1602.64556155215,7
1602.68831139093,7
1602.73631120993,4
1602.75931112319,4
1602.85431076495,4
1602.85621075778,3
1602.85946074553,4
1602.88181066124,4
1602.89481061222,5
1602.93061047722,4
1602.93646045516,4
1602.9628603556,4
1602.98051028905,4
1603.0384100707,5
1603.1510596459,5
1603.25965923637,7
1603.4925583581,7
1603.51355827891,3
1604.01540638643,4
1604.16135583605,2
1604.17450578646,2
1604.30115530886,2
1604.34550514162,3
1604.35220511635,5
1604.3891049772,2
1604.40115493176,2
1604.40430491988,2
1604.55005437026,2
1604.66920392094,2
1604.7520036087,2
1604.76740355063,2
1604.77200353328,2
1604.77935350556,2
1604.78625347954,2
1604.79605344259,2
1604.88540310565,2
1604.89620306492,2
1604.89945305267,2
1604.90795302061,2
1605.12180221418,2
1605.12875218797,2
1605.13265217327,2
1605.36705128934,2
1605.37495125955,2
1605.39240119375,2
1605.39845117093,2
1605.40470114736,2
1605.56835053024,4
1605.79049969251,5
1605.79934965913,5
1605.91184923489,4
1606.07234862965,5
1606.2363480112,5
1606.28864781398,2
1606.43804725059,2
1606.44454722608,2
1606.47109712596,2
1606.4856970709,2
1606.51964694287,2
1606.52649691704,2
1607.45184342754,5
1607.49819325275,2
1607.66274263223,5
1607.69389251477,7
1607.70344247875,2
1607.72749238806,2
1607.74454232376,7
1607.78579216821,2
1607.83154199569,7
1607.89264176528,7
1608.24114045108,7
1608.37258995538,3
1608.38818989655,3
1608.61308904845,5
1609.00773756022,7
1609.06738733528,4
1609.08478726967,7
1609.40378606671,3
1609.5098356668,2
1609.53828555951,2
1609.54373553896,4
1609.58053540019,3
1609.61633526519,3
1609.77223467729,2
1610.03938366986,5
1610.0609335886,2
1610.19738307404,3
1610.52838182584,7
1610.53933178454,3
1610.60998151812,2
1610.62723145307,3
1610.64643138067,2
1610.65038136577,5
1610.71888110746,2
1610.72363108955,2
1610.82903069208,2
1610.83498066965,2
1610.88078049693,2
1610.91488036834,2
1610.92048034722,2
1610.92508032988,2
1610.94058027143,7
1611.52377807217,3
1611.63417765585,7
1612.03247615386,6
1612.11002586142,2
1612.33262502199,5
1612.55872416937,5
1613.17692183813,2
1613.5296705079,3
1613.67416996299,2
1613.92391902118,2
1614.10246834787,2
1614.11241831035,2
1614.43116710834,5
1614.74951590784,5
1614.77996579301,5
1615.05541475428,4
1615.17041432062,2
1615.25146401498,7
1615.29031386847,3
1615.46086322533,2
1615.94101141468,2
1616.01456113732,2
1616.01856112224,2
1616.02786108717,2
1616.05691097762,2
1616.20366042422,2
1616.21291038934,2
1616.26041021022,2
1616.49740931649,2
1616.78250824137,2
1616.80275816501,4
1616.96495755335,4
1617.18650671788,4
1617.33490615827,4
1617.42660581246,4
1617.5010055319,2
1617.50890550211,4
1617.62830505185,2
1617.65405495475,2
1617.73965463195,2
1617.75465457538,5
1617.78285446904,2
1617.8460042309,2
1617.84800422336,7
1617.85295420469,2
1617.86660415322,3
1617.87600411777,3
1617.91815395882,2
1617.92170394544,2
1617.93255390452,7
1618.03975350027,2
1618.04450348236,2
1618.85465042727,2
1619.01524982165,2
1619.09584951771,2
1619.14234934235,2
1619.16709924902,2
1619.47724807944,2
1619.74654706391,5
1619.91589642529,5
1620.36544473003,3
1620.42109452017,4
1620.42579450245,4
1620.46509435425,3
1620.68929350879,3
1620.89119274742,7
1621.04139218102,2
1621.31909113381,3
1621.47214055665,7
1621.50489043315,2
1621.53159033247,2
1621.678889777,2
1621.78083939254,2
1621.78403938048,3
1621.78628937199,2
1621.84293915836,2
1621.86783906447,2
1621.98613861835,5
1622.29843744067,2
1622.91638511037,2
1622.94338500856,2
1623.27313376506,2
1623.36428342134,7
1623.97348112404,7
1624.01233097753,2
1624.13933049862,2
1624.14568047467,2
1624.14998045845,3
1624.82832790039,5
1624.94747745107,4
1625.07742696103,5
1625.27887620136,7
1625.43972559479,4
1625.55162517282,2
1625.69917461641,2
1626.20412271223,4
1626.21832265869,4
1626.70732081466,7
1627.15106914128,2
1627.2380688132,2
1627.30211857166,2
1627.34016842818,2
1627.34611840574,2
1627.3979182104,2
1627.4118681578,2
1627.42076812423,2
1627.44416803599,2
1627.45976797716,2
1627.5014178201,7
1627.55341762401,2
1627.55966760044,2
1627.5800175237,2
1627.59081748297,2
1627.66896718827,2
1627.92551622082,2
1627.92711621478,7
1628.02656583976,2
1628.13371543569,4
1628.17421528297,2
1628.31696474465,3
1628.36966454592,4
1628.37246453536,4
1628.37906451047,4
1628.40641440734,7
1628.75061310936,3
1628.77211302828,4
1628.7757130147,4
1628.78556297756,3
1628.80211291515,4
1628.9250624515,7
1629.08681184154,3
1629.14256163131,3
1629.15481158511,3
1629.44391049491,4
1629.45946043628,4
1629.46311042251,4
1629.51996020813,3
1629.58300997037,4
1629.59045994227,4
1629.59280993341,4
1629.60900987232,4
1629.61345985554,5
1629.71640946731,4
1629.73175940943,4
1629.73585939397,4
1629.73805938567,5
1629.79610916676,4
1629.79990915243,4
1629.80330913961,4
1629.84615897803,4
1630.13125790291,2
1630.20810761311,4
1630.24960745661,2
1630.43930674125,4
1630.67870583847,5
1630.74265559731,3
1630.82740527772,3
1631.07945432724,2
1631.10325423749,2
1631.12645415,2
1631.14050409702,2
1631.23295374839,2
1631.2387037267,2
1631.24300371049,2
1631.26130364148,2
1631.31435344143,2
1631.3194534222,2
1631.32355340673,2
1631.32785339052,2
1631.34080334168,2
1631.34455332754,2
1631.35505328795,2
1631.35805327663,2
1631.38730316633,2
1631.39045315445,2
1631.39520313654,2
1631.44895293385,2
1631.45195292254,2
1631.45630290613,2
1631.46555287125,2
1631.47915281997,2
1631.48475279885,2
1631.51225269515,2
1631.51965266724,2
1631.52805263556,2
1631.59215239384,2
1631.62730226129,2
1631.8208015316,2
1631.82895150087,2
1631.83705147032,2
1632.65734837696,5
1632.8374476978,2
1632.85439763388,2
1632.95684724754,2
1633.10919667303,2
1633.21829626161,2
1633.22469623748,2
1633.36699570086,2
1633.37574566787,2
1633.4234954878,7
1633.46264534017,7
1634.11889286544,3
1635.07143927337,2
1635.19043882462,2
1635.27653849993,2
1635.28573846524,2
1635.29333843658,2
1635.30063840905,2
1635.40638801027,2
1635.42088795559,2
1635.43033791995,2
1635.46523778834,2
1635.53643751985,2
1635.54528748647,2
1635.54953747045,2
1635.56128742614,2
1635.58613733243,2
1635.59228730923,2
1635.65013709108,2
1635.65578706978,2
1635.66028705281,2
1635.78028660028,2
1635.78573657973,2
1635.79223655522,2
1635.80558650488,2
1635.8104864864,2
1636.117935327,2
1636.12153531343,2
1636.13503526252,2
1636.13908524725,2
1636.14618522047,2
1636.15463518861,2
1636.20728499006,2
1636.23288489353,2
1636.24078486373,2
1636.24768483771,2
1636.27883472025,4
1636.30513462107,4
1636.34308447796,4
1636.344134474,2
1636.35128444704,2
1636.35908441762,2
1636.36663438915,2
1636.39058429884,2
1636.47648397491,2
1636.48133395662,2
1636.74158297521,2
1636.80383274047,2
1636.82298266825,2
1636.86908249441,2
1636.89418239976,2
1636.92393228757,4
1636.96348213843,2
1636.96853211938,2
1636.9865320515,2
1636.9900320383,2
1637.04183184297,3
1637.08588167685,2
1637.09213165328,2
1637.09358164782,7
1637.11643156165,2
1637.22928113609,2
1637.23353112006,2
1637.24798106557,2
1637.62472964484,2
1637.66372949778,2
1637.75307916084,4
1637.77067909447,3
1637.82377889422,2
1637.82907887424,2
1639.0673742046,3
1639.36167309479,3
1639.48987261134,3
1640.34926937054,5
1640.49901880583,5
1640.75981782235,3
1640.98086698877,3
1641.00986687941,5
1641.27961586218,7
1643.43140774772,5
1643.54000733819,3
1643.59155714379,2
1643.59530712965,3
1643.66435686926,3
1643.74315657211,2
1643.75165654005,2
1643.75600652365,2
1643.75995650875,2
1643.81590629777,5
1644.43995394447,7
1644.62765323665,7
1644.67625305338,3
1644.92690210817,2
1645.20335106568,6
1645.34295053924,4
1645.40935028885,3
1645.47215005203,3
1645.66824931253,2
1645.70189918564,3
1645.98159813089,2
1646.07894776378,2
1646.4004465514,2
1646.51729611076,2
1646.64184564108,2
1646.72614532318,2
1646.74389525625,2
1646.80939500925,5
1646.83134492647,5
1647.21454348142,3
1647.24494336678,2
1647.70449163381,3
1647.73174153105,3
1648.29083942268,5
1648.34833920585,2
1648.35793916965,2
1648.36808913137,2
1648.3743391078,2
1648.50088863058,2
1648.50423861795,2
1648.53473850293,2
1648.5441884673,2
1648.55973840866,5
1648.61353820578,2
1648.61663819409,2
1648.62423816543,2
1648.63138813847,2
1648.66968799404,5
1648.92253704054,4
1649.31643555514,2
1649.56068463407,2
1649.5756845775,2
1649.58188455412,2
1649.58678453564,2
1649.72308402165,2
1649.79343375636,2
1649.80548371092,2
1649.80878369848,2
1650.04298281531,3
1650.34308168363,3
1650.66198048105,2
1650.92262949814,7
1650.95677936936,3
1651.17432854897,3
1651.80587616739,4
1652.16567481058,3
1652.26392444008,4
1652.36842404601,4
1652.39247395532,4
1652.59887317698,2
1652.69992279592,2
1652.919471968,7
1653.31797046525,4
1653.48921981946,3
1653.66616915218,5
1653.67241912861,4
1653.68891906639,4
1653.69431904603,4
1653.69861902981,4
1653.70136901944,4
1653.8522684504,5
1653.95231807311,4
1653.98191796149,4
1653.98701794225,4
1653.99291792001,4
1654.09846752198,5
1654.1156174573,4
1654.1378673734,4
1654.23486700761,3
1654.68336531631,7
1654.68876529595,3
1654.69716526427,3
1654.78311494015,3
1654.79901488019,7
1654.94711432171,2
1655.19501338687,2
1655.2191632958,5
1655.22766326375,2
1655.23306324339,2
1655.24511319795,3
1655.40221260552,2
1655.45251241584,2
1655.45876239227,2
1655.46421237172,2
1655.47981231289,2
1655.48341229931,2
1655.57906193862,2
1655.58571191354,2
1655.75181128718,3
1655.75631127021,5
1655.82956099398,3
1655.84266094458,3
1655.91971065402,3
1656.00916031671,5
1656.11760990774,5
1656.17450969317,3
1656.18095966885,7
1656.32465912695,3
1656.33000910678,3
1656.34010906869,3
1656.34500905021,7
1656.35110902721,2
1656.41675877964,7
1656.42075876456,3
1656.46005861636,7
1656.5454082945,3
1656.69685772338,7
1656.70595768907,3
1656.70645768718,2
1656.75775749373,2
1656.83290721034,2
1656.8476071549,3
1656.86775707892,3
1656.92485686359,3
1657.08540625816,3
1657.11305615389,2
1657.22295573945,7
1657.23525569307,2
1657.2572056103,2
1657.27195555467,2
1657.29065548416,7
1657.71370388883,7
1657.73870379455,3
1657.76550369349,7
1657.77310366483,3
1657.7865036143,3
1657.79075359827,7
1657.80190355623,3
1657.81195351833,3
1657.85080337182,3
1657.91715312162,7
1657.96595293759,7
1658.0013528041,4
1658.0336526823,3
1658.07685251939,3
1658.21025201633,3
1658.27815176028,3
1658.28890171974,3
1658.31060163791,2
1658.32505158342,3
1658.33535154458,3
1658.36660142674,3
1658.40440128419,3
1658.44020114919,7
1658.44760112129,2
1658.46080107151,7
1658.6743002664,2
1659.66919651462,7
1659.79539603872,3
1660.3717438653,4
1660.38459381684,7
1660.48549343634,2
1660.61159296082,4
1660.62934289388,2
1660.63504287239,2
1660.70794259748,2
1660.83254212761,4
1660.83484211894,4
1661.45158979317,3
1661.72138877575,2
1662.10698732165,7
1662.37888629631,2
1663.02093387514,3
1663.58618174357,2
1663.59258171944,2
1663.60368167758,2
1663.61438163723,2
1663.63778154899,2
1663.68318137778,2
1663.68728136232,2
1663.69743132405,2
1663.71448125975,2
1663.71858124429,2
1663.73743117321,2
1663.74098115982,2
1663.7456811421,2
1663.79178096825,5
1663.81263088963,2
1663.818630867,2
1663.91853049028,5
1663.97208028834,3
1663.98023025761,5
1663.99233021198,4
1664.00283017238,4
1664.00833015164,4
1664.10952977001,3
1664.17712951509,5
1664.20357941535,2
1664.24172927149,3
1664.46592842603,7
1664.78612721855,5
1664.94032663706,5
1664.9627765524,3
1664.97737649734,2
1665.49527454434,4
1665.53447439651,2
1665.57392424775,2
1665.606474125,2
1665.64642397435,2
1665.69342379711,2
1665.76732351843,7
1665.82752329142,3
1666.00942260547,5
1666.13717212372,3
1666.18867192952,7
1666.40162112648,7
1666.69047003722,4
1666.79631963806,2
1666.86431938163,3
1666.88176931583,2
1666.90886921364,3
1666.92891913803,2
1667.00536884973,2
1667.1855681702,2
1667.20491809723,2
1667.24831793357,2
1667.55621677247,4
1667.69531624792,3
1667.86146562137,1
1668.18841438844,7
1668.24616417066,3
1668.473863312,7
1668.49406323583,3
1669.08661100132,4
1669.09361097492,4
1669.17681066117,2
1669.35480998993,4
1669.36670994506,4
1669.39610983419,3
1669.59565908169,5
1669.64100891067,3
1669.86835805333,4
1670.10025717883,4
1670.10695715357,4
1670.14555700801,7
1670.82905443052,2
1670.83445441016,2
1670.95480395632,2
1671.03265366274,2
1671.04325362277,2
1671.04955359901,3
1671.05030359619,2
1671.07065351945,2
1671.17710311802,2
1671.18285309634,2
1671.1979530394,2
1671.20085302846,2
1671.204953013,2
1671.28960269378,2
1671.56980163715,2
1671.59245155173,4
1671.60230151459,5
1671.80645074474,4
1671.81300072004,4
1671.82905065951,4
1671.84305060672,4
1671.88580044551,2
1672.09709964869,4
1672.20589923841,7
1672.31259883604,4
1672.32069880549,4
1672.34379871838,4
1672.36684863146,4
1672.48704817819,4
1672.49149816141,4
1672.54524795871,4
1672.60274774188,4
1672.61134770945,4
1672.6137477004,4
1672.61949767872,4
1672.62374766269,7
1672.62609765383,4
1672.63664761404,4
1672.64804757105,4
1672.6539475488,4
1672.66889749243,4
1672.67214748017,4
1672.68329743813,4
1672.68864741795,4
1672.69284740211,4
1672.70069737251,4
1672.70654735045,4
1672.75834715511,4
1672.76079714587,4
1672.80419698221,4
1672.81184695336,4
1672.81469694262,4
1672.85889677594,4
1672.86464675425,4
1672.86799674162,4
1672.87274672371,4
1672.8809966926,4
1672.89349664546,4
1672.90554660002,4
1672.91384656872,4
1672.92134654044,4
1673.00084624064,4
1673.27399521059,4
1673.28589516571,4
1673.29869511745,4
1673.37644482425,4
1673.55039416828,4
1673.55819413887,4
1673.56344411907,4
1673.62144390035,4
1673.62624388225,4
1673.66049375309,4
1673.70849357209,2
1673.81364317556,4
1673.88514290594,7
1674.34479117259,7
1674.7548896261,3
1674.90723905159,5
1674.95828885908,3
1675.58258650484,3
1675.71458600706,3
1675.7872357331,5
1676.1086345211,3
1676.17463427221,7
1676.3200337239,2
1676.54293288335,5
1676.58323273137,2
1676.60678264257,2
1676.6479824872,2
1676.74008213989,2
1676.90863150429,2
1676.99618117414,2
1677.00133115471,2
1677.02543106383,2
1677.11408072953,2
1677.47182938045,2
1677.60292888607,2
1677.82047806569,2
1678.25837641437,2
1678.30277624693,3
1679.07947331799,4
1680.44696816113,3
1680.59436760529,2
1680.62816747783,4
1680.72516711204,4
1680.91026641402,2
1681.14906551351,2
1682.35466096718,3
1682.76725941126,3
1682.84550911618,7
1682.88120898155,7
1683.28740744977,2
1683.31600734192,7
1683.40935698989,4
1683.48280671291,2
1683.53155652907,2
1683.60645624663,2
1683.69330591911,3
1683.70420587801,2
1683.71005585595,2
1683.88135520998,7
1683.8958551553,3
1685.17350033726,3
1685.26659998618,5
1685.47534919898,7
1685.49444912696,3
1685.50619908265,7
1685.53649896839,3
1685.55289890654,3
1685.58249879492,2
1685.65474852247,3
1685.66654847797,7
1685.67509844573,7
1685.68419841141,7
1685.77449807089,7
1685.81669791175,7
1685.83704783501,7
1685.8474977956,3
1685.87059770849,2
1685.95604738626,2
1685.96109736722,2
1685.98229728727,3
1686.00974718376,2
1686.06124698955,3
1686.06229698559,2
1686.09394686624,3
1686.11704677913,7
1686.12624674443,2
1686.13169672388,2
1686.14039669107,2
1686.15059665261,2
1686.19089650064,7
1686.27399618727,3
1686.31134604642,2
1686.34689591236,5
1686.38139578226,1
1686.595994973,7
1687.0143433954,3
1687.31989224317,3
1688.13003918808,2
1688.33618841069,2
1688.34688837034,2
1688.35128835375,2
1688.36203831321,2
1688.42648807017,2
1688.45173797495,2
1688.46473792593,2
1688.58848745926,2
1688.7061370156,2
1688.71073699826,2
1688.71633697714,2
1688.74433687155,2
1688.75348683705,2
1688.75663682517,2
1688.76153680669,2
1688.77028677369,2
1688.77713674786,2
1688.79288668847,2
1688.79578667753,2
1688.79973666264,2
1688.8082866304,2
1688.81583660192,2
1688.82203657854,2
1688.82973654951,2
1688.83933651331,2
1688.85208646523,2
1688.86013643487,2
1688.86748640715,2
1688.87478637962,2
1688.88183635304,2
1688.91283623614,2
1688.91698622049,2
1688.93328615902,2
1688.94053613168,2
1688.96258604853,2
1688.96778602892,2
1688.97883598725,2
1689.0423857476,2
1689.05253570933,2
1689.05868568613,2
1689.09188556094,2
1689.09968553152,2
1689.2235850643,2
1689.29388479919,2
1689.43573426428,2
1689.46743414473,2
1689.50748399371,4
1689.54188386398,2
1689.55453381628,2
1689.5664337714,2
1689.59338366978,2
1689.6030836332,2
1690.05678192229,2
1690.46753037335,2
1690.6459297006,2
1690.69237952544,2
1690.73437936705,2
1690.73777935423,2
1690.9730284671,3
1691.33477710294,4
1691.46917659611,4
1691.4726265831,4
1691.64067594939,3
1691.88257503718,2
1691.88952501097,3
1692.01902452262,2
1692.02277450848,2
1692.03197447379,2
1692.09222424659,2
1692.10152421152,2
1692.10562419606,2
1692.16377397677,2
1692.17462393586,2
1692.17987391606,3
1692.54022255717,2
1692.74087180052,4
1693.89421745123,5
1694.25101610573,2
1694.37606563416,3
1694.38086561606,4
1694.38391560456,4
1694.48141523689,4
1694.60746476155,4
1695.07696299106,2
1695.18006260227,2
1695.45496156562,3
1696.04650933488,4
1696.13795899002,2
1696.15195893723,2
1696.16780887746,2
1696.17120886464,2
1696.70255686091,2
1697.25375478233,4
1698.52889997372,4
1698.64254954515,4
1698.66744945125,4
1698.94224841498,4
1699.02734809406,4
1699.04089804297,4
1699.06264796095,4
1699.20874741,3
1699.35119687282,3
1699.39574670482,2
1699.40499666994,3
1699.73109544022,2
1699.78629523206,4
1699.81899510874,4
1700.44169276054,3
1701.01994057995,4
1701.10064027563,2
1701.24938971469,4
1701.47438886621,4
1701.47798885264,4
1701.55808855058,2
1701.56703851683,3
1701.58078846498,2
1701.58463845046,7
1702.16623625724,3
1702.32878564426,2
1702.44943518929,2
1702.53048488365,2
1702.54213483972,2
1702.67148435194,2
1702.69133427708,2
1702.71173420015,2
1703.4857812812,2
1703.96842946113,3
1704.00637931802,2
1704.05787912381,2
1704.52352736784,2
1704.53182733654,2
1704.56492721172,2
1704.56907719607,2
1704.61557702072,2
1704.61907700752,2
1704.81747625935,2
1705.00492555247,2
1705.0137755191,2
1705.03717543086,2
1705.11942512069,2
1705.19922481977,2
1705.25372461425,2
1705.25917459369,2
1705.2653245705,2
1705.27982451582,2
1705.32957432821,2
1705.34702426241,2
1705.35172424469,2
1705.35627422753,2
1705.36587419133,2
1705.37332416323,2
1705.38227412948,2
1705.3945740831,2
1705.41407400956,3
1705.42617396394,4
1705.44687388587,2
1705.45252386457,2
1705.46222382799,2
1705.46987379914,2
1705.48267375087,2
1705.48927372598,2
1705.51592362549,2
1705.55652347238,2
1705.568823426,2
1705.57207341374,2
1705.58122337924,2
1705.58677335831,2
1705.59552332531,2
1705.63762316656,2
1705.64812312696,2
1705.65237311093,2
1707.05596781794,2
1707.52176606141,5
1708.00466424039,2
1708.1737136029,5
1708.2060634809,2
1708.27136323466,5
1708.45001256097,2
1708.45576253928,2
1708.46591250101,2
1708.61061195534,2
1708.70631159446,5
1708.75426141364,3
1708.76456137479,3
1708.81276119303,5
1709.14355994558,4
1709.14590993672,2
1709.14915992446,4
1709.24990954453,7
1709.25255953454,4
1709.26050950456,4
1709.80965743371,2
1709.84110731511,3
1710.22295587515,3
1710.25315576127,3
1710.42690510606,3
1710.45335500631,7
1710.8716534289,3
1711.22045211357,3
1711.24605201703,2
1711.25105199818,2
1711.30990177625,2
1711.39070147156,7
1711.41180139199,2
1711.46720118307,2
1711.5315009406,7
1711.55550085009,2
1711.56140082784,2
1711.57685076958,2
1711.63265055916,5
1711.68025037966,2
1711.75010011625,3
1711.75560009551,3
1711.85129973463,2
1711.91389949856,3
1711.91764948442,4
1711.9367494124,3
1712.00219916558,3
1712.02304908696,3
1712.05319897326,3
1712.07179890312,7
1712.1529485971,4
1712.15909857391,4
1712.72779642934,3
1712.75739631772,2
1712.78869619968,3
1712.81559609824,3
1712.83454602678,7
1712.86074592798,3
1712.86454591365,3
1712.87564587179,7
1713.1747947437,3
1713.54584334446,1
1713.60404312499,7
1713.7136927115,7
1714.36579025242,7
1714.42144004257,5
1714.42834001655,4
1714.46063989474,7
1714.47648983497,2
1714.51423969262,2
1714.54013959495,2
1714.5709394788,2
1714.59283939621,2
1714.81473855943,3
1715.54093582092,2
1715.84798466303,3
1716.30823292742,3
1716.48053227768,7
1716.48988224242,2
1716.54463203596,2
1716.61168178311,2
1716.64488165791,2
1716.67228155459,2
1716.69148148218,2
1716.78318113638,2
1717.67712776529,3
1717.90272691455,2
1718.00592652538,2
1718.03367642073,2
1718.17027590561,2
1718.19097582755,2
1718.23507566125,2
1718.23837564881,2
1718.27662550457,2
1718.27737550174,7
1718.36377517592,2
1718.3767751269,2
1718.38077511182,2
1718.38532509466,2
1718.3938250626,2
1718.50547464157,2
1718.5191245901,2
1718.52432457049,2
1718.6182742162,4
1719.0877224459,5
1719.38182133685,3
1719.85176956466,7
1719.86796950357,3
1720.01556894697,3
1720.20236824254,5
1720.69841637193,3
1721.0589650123,2
1721.42641362664,3
1722.21636064773,3
1722.31801026441,2
1722.41775988825,7
1723.14565714333,3
1723.1603570879,3
1723.91875422796,4
1723.92920418855,4
1724.01015388329,6
1724.70850124981,4
1724.72040120493,4
1724.7290011725,4
1724.75030109218,3
1724.82660080445,2
1724.92340043942,4
1724.9377503853,3
1724.99660016338,4
1725.01970007627,5
1725.08894981513,4
1725.09434979476,4
1725.09994977364,4
1725.45639842947,2
1725.47354836479,2
1725.52619816625,2
1725.6303477735,7
1726.06759612463,2
1726.09294602903,2
1726.10259599264,2
1726.12589590478,2
1726.13314587744,2
1726.16089577279,2
1726.30609522524,2
1726.40769484211,7
1726.54744431511,2
1727.15644201856,7
1727.32929136674,2
1727.45519089197,5
1727.4845907811,3
1728.06248860184,5
1728.37038744074,5
1728.52438686001,5
1728.56218671746,5
1728.57798665788,5
1728.90348543042,4
1729.93553153855,2
1730.04258113486,2
1730.72057857812,2
1731.78847455105,3
1732.15732316012,2
1732.33152250321,3
1732.54987167981,2
1732.6852211694,3
1732.85362053436,4
1732.99961998379,2
1733.30061884872,3
1734.93241269519,7
1734.93516268481,2
1735.01341238973,2
1735.02611234184,2
1735.08136213349,2
1735.08441212199,2
1735.09121209635,2
1735.09616207768,2
1735.10646203884,2
1735.12096198416,2
1735.12761195908,2
1735.14361189875,2
1735.1477618831,2
1735.20796165608,2
1735.21396163346,2
1735.2233115982,2
1735.22916157614,2
1735.53836041014,4
1735.65160998307,4
1735.66030995027,4
1735.66355993801,4
1735.79050945928,2
1735.89920904937,2
1735.91070900601,2
1735.92365895717,4
1735.95015885724,2
1735.9757587607,2
1735.98790871488,2
1735.99735867925,2
1736.0050086504,2
1736.07725837794,2
1736.08660834269,2
1736.09120832534,2
1736.12415820108,2
1736.14915810681,2
1736.15890807004,2
1736.20635789111,2
1736.21850784529,2
1736.22215783152,2
1736.23460778458,2
1736.23795777194,2
1736.24805773386,2
1736.2805576113,3
1736.32265745254,2
1736.33085742162,2
1736.34015738655,2
1736.35965731301,2
1736.36275730132,2
1736.37500725513,2
1736.57820648886,2
1736.62850629917,5
1736.65880618491,5
1736.72240594508,2
1736.76465578575,4
1736.8072056253,2
1736.81670558947,2
1736.81940557929,5
1736.83550551858,2
1736.83940550387,2
1736.8491554671,2
1736.8893053157,2
1736.90780524593,5
1736.92070519729,2
1736.934305146,5
1736.93965512582,5
1736.98020497291,5
1737.01445484375,5
1737.03620476173,2
1737.05095470611,3
1737.5208029343,3
1737.85920165819,2
1737.88655155506,2
1737.9203514276,2
1737.92510140968,2
1738.04705094981,2
1738.08960078935,2
1738.09685076201,2
1738.10630072638,2
1738.16005052368,2
1738.32139991523,2
1738.35824977627,7
1738.36284975892,2
1738.3758497099,2
1738.41874954812,2
1738.42424952738,2
1738.42929950834,2
1738.45244942104,2
1738.45694940407,2
1738.49889924588,5
1738.50464922419,2
1738.51899917008,2
1738.52289915537,2
1738.59309889065,2
1738.5976988733,2
1738.6142988107,2
1738.61759879826,2
1738.67064859821,5
1738.74819830576,2
1738.75634827503,2
1738.76609823826,2
1738.77574820187,2
1738.78564816454,2
1738.80684808459,5
1738.85309791019,2
1738.86809785362,2
1738.87304783495,5
1738.87319783439,2
1738.91749766733,5
1738.99059739167,2
1739.09449699986,5
1739.09909698252,2
1739.18544665689,5
1739.20044660032,5
1739.2064465777,2
1739.24419643534,2
1739.27474632014,4
1739.28524628054,5
1739.32469613178,5
1739.33589608954,4
1739.49794547845,4
1739.68084478873,4
1739.96199372851,3
1740.38349213903,4
1740.71794087782,2
1741.42513821096,3
1741.50983789155,3
1741.53018781481,2
1741.61293750276,3
1741.65403734777,3
1741.66928729027,2
1741.8698865338,2
1741.88008649534,3
1741.98943608298,3
1742.55078396612,2
1742.73123328564,5
1743.60852997733,2
1743.61292996074,5
1743.639379861,2
1743.78862929818,7
1743.92862877023,7
1744.00602847836,7
1744.14357795965,2
1744.14732794551,2
1744.56582636735,7
1745.13117423541,4
1745.13342422692,2
1745.13877420675,4
1745.24507380589,3
1745.59237249622,2
1745.87407143392,3
1745.92137125555,3
1745.96492109133,3
1745.99022099592,3
1746.0028209484,7
1746.04267079813,3
1746.12642048231,2
1746.70596829682,2
1746.77306804378,2
1746.7801180172,2
1747.38791572518,5
1747.5207652242,5
1747.58411498531,2
1747.64091477111,2
1747.66126469437,5
1747.66466468155,7
1747.82211408781,5
1747.84061401804,5
1747.88476385155,5
1748.04066326365,2
1748.20886262937,5
1748.32716218326,5
1748.4889115733,4
1748.49621154577,2
1748.63541102084,5
1748.73181065732,4
1748.73551064336,4
1748.98840968968,5
1749.06660939478,2
1749.09815927581,4
1749.10825923772,4
1749.36935825311,4
1749.62255729829,4
1749.87930633008,2
1750.00730584739,2
1750.16910523724,1
1750.26795486448,2
1750.27150485109,2
1750.28825478793,2
1750.31515468649,2
1750.32245465896,2
1750.36880448417,2
1750.57605370263,2
1750.73415310643,2
1750.79430287961,5
1750.85545264901,3
1750.95800226229,7
1751.93939856142,7
1752.49099648134,3
1752.58329613327,3
1752.85579510567,2
1753.13749404338,2
1753.1803938816,2
1753.18804385275,2
1753.22709370549,2
1753.28784347641,7
1753.28794347603,2
1754.29138969201,3
1754.37418937977,3
1754.39333930755,3
1754.42708918028,7
1754.43653914465,7
1754.65833830824,3
1754.72298806444,3
1754.76468790719,7
1754.89163742846,2
1754.98198708775,7
1754.99168705117,3
1755.00943698423,7
1755.04648684452,3
1755.15388643951,2
1755.16278640595,3
1755.17383636428,3
1755.1830863294,7
1755.20893623192,3
1755.22788616046,7
1755.24033611351,3
1755.25133607203,3
1755.27818597077,7
1755.28453594683,7
1755.29768589724,3
1755.31463583332,3
1755.36063565986,3
1755.43743537024,3
1755.56568488661,2
1755.88158369535,2
1755.99918325188,3
1756.02263316345,5
1756.09128290457,3
1756.29573213358,7
1756.4158816805,5
1756.47233146762,7
1756.56313112522,3
1756.56833110561,7
1756.5853310415,3
1756.59288101303,7
1756.74448044134,7
1756.77783031558,3
1756.83918008423,3
1756.86068000315,3
1756.86382999127,7
1756.94627968035,3
1756.95247965697,2
1756.95327965396,3
1756.98652952857,7
1757.02962936604,2
1757.03757933606,2
1757.05952925329,2
1757.09272912809,2
1757.17402882151,2
1757.17542881623,7
1757.18757877041,3
1757.21582866388,3
1757.38137803959,4
1757.63207709419,3
1758.11187528486,2
1758.25012476352,7
1758.43637406117,2
1758.59117347742,7
1758.71492301076,7
1758.7435229029,3
1758.79922269286,7
1758.90917227824,2
1758.93002219961,3
1759.15037136867,3
1759.50712002336,4
1761.07506411061,2
1761.09571403273,2
1761.6178620637,4
1761.77351147674,7
1761.79431139831,7
1761.98536067785,3
1761.99861062789,4
1762.00396060771,4
1762.0130605734,4
1762.26245963291,4
1762.27030960331,4
1762.36175925845,3
1762.41665905142,2
1762.45890889209,3
1762.55115854422,7
1762.71565792389,3
1762.74825780095,3
1762.75860776192,7
1762.77765769008,3
1762.78625765765,3
1762.9109071876,2
1762.9288071201,3
1763.34030556832,4
1763.52610486767,3
1763.6873542596,7
1764.34210179053,3
1764.3952515901,7
1764.4110015307,2
1764.77295016579,3
1764.87744977172,3
1764.93734954583,5
1764.97894938896,5
1765.01844924,2
1765.07024904467,5
1765.08099900413,2
1765.13269880917,5
1765.13789878956,2
1765.23234843338,5
1765.61404699399,2
1765.77169639949,2
1765.90424589964,2
1765.934645785,2
1765.96929565434,2
1766.03709539866,2
1766.16414491956,2
1766.18724483245,2
1766.19424480605,2
1766.23689464522,4
1766.31574434787,3
1766.32004433166,7
1766.3315942881,3
1766.39979403092,2
1766.40644400584,3
1766.41609396945,3
1766.4285439225,2
1766.43364390327,2
1766.44629385557,3
1766.50854362082,2
1766.5176435865,2
1766.55219345622,3
1766.56704340022,2
1766.57469337137,2
1766.57884335572,4
1766.58674332593,4
1766.60129327106,2
1766.60489325748,4
1766.61339322543,3
1766.68724294694,2
1766.77444261811,3
1766.80524250196,2
1767.00239175851,3
1767.03159164839,2
1767.15109119776,4
1767.15779117249,4
1767.16689113818,2
1767.19404103579,7
1767.25504080576,4
1767.26334077446,4
1767.26979075014,4
1767.36589038775,4
1767.37234036342,4
1767.3949402782,4
1767.3971402699,4
1767.4250901645,7
1767.50043988036,4
1767.50853984981,4
1767.51188983718,4
1767.52393979174,4
1767.5272897791,4
1767.55153968766,4
1767.60178949816,7
1767.66068927605,4
1767.75118893478,7
1767.77133885879,4
1767.77623884031,3
1767.78548880543,4
1767.79593876602,2
1767.84048859802,2
1768.03903784929,4
1768.08438767827,3
1769.19563348774,7
1769.30103309027,2
1769.30248308481,7
1769.32788298902,3
1769.39858272241,3
1769.4317325974,3
1769.6251818679,1
1769.67823166785,7
1769.71843151626,2
1769.74193142764,3
1769.78608126115,7
1769.79993120892,3
1769.80698118233,7
1769.81563114971,7
1769.82858110088,7
1770.70667778955,1
1771.22857582146,2
1771.24877574529,2
1771.30727552469,5
1771.33302542758,2
1771.38627522678,2
1771.3920752049,2
1771.44932498901,2
1771.45767495753,2
1771.67427414072,2
1771.69632405757,2
1771.70857401138,2
1771.71257399629,2
1771.73927389561,4
1771.8043236503,2
1771.8479734857,2
1771.99887291665,2
1772.05537270359,2
1772.35212158455,2
1772.37437150064,2
1772.41322135414,2
1772.4514712099,2
1772.54967083958,3
1772.91486946241,3
1773.02091906249,7
1773.45396742946,4
1773.48666730615,4
1773.71281645333,4
1773.73776635924,4
1773.85701590955,3
1773.86261588843,3
1773.89816575437,2
1773.92426565595,7
1774.00971533372,2
1774.0454651989,2
1774.05626515818,2
1774.10361497962,7
1774.10941495775,3
1774.12591489553,7
1774.16346475393,3
1774.18671466625,3
1774.21186457141,3
1774.22046453898,3
1774.2559144053,3
1774.26736436212,3
1774.27656432742,3
1774.31996416376,7
1774.34921405346,7
1774.39276388923,3
1774.43096374518,7
1774.52896337562,3
1774.57216321271,3
1774.58211317519,3
1774.59061314314,3
1774.5978631158,7
1774.60801307752,5
1774.61761304132,3
1774.62676300682,7
1774.64096295327,3
1774.65451290217,3
1774.6594628835,5
1774.75121253751,3
1774.81066231333,3
1774.89376199996,3
1774.90801194622,3
1774.94276181518,5
1775.06081137001,5
1775.20951080926,5
1775.27046057942,7
1775.59700934799,5
1775.79640859605,7
1775.90870817257,5
1776.02770772382,3
1776.19910707747,5
1776.22910696434,5
1776.35290649749,5
1776.60745553758,2
1776.70985515143,5
1777.25355310113,5
1777.27995300157,7
1777.44925236314,5
1777.60945175902,4
1777.61730172942,2
1777.62060171698,4
1777.65155160026,7
1778.06895002624,4
1778.0936499331,4
1778.09754991839,4
1778.31924908236,2
1779.25109556835,2
1779.36054515561,2
1779.38209507434,2
1779.38704505568,2
1779.46679475494,2
1779.5832443158,2
1779.62449416025,2
1779.62914414271,2
1779.76554362835,2
1779.8709932307,2
1779.909893084,2
1779.98744279156,4
1780.08159243652,2
1780.31724154788,2
1780.4863409102,4
1780.49159089041,2
1780.73318997933,3
1781.31448778724,4
1781.46528721857,5
1782.62383284967,5
1782.64328277632,5
1782.80148217975,7
1782.9471316305,3
1783.17438077354,5
1783.24753049769,5
1783.29828030631,7
1783.52737944237,5
1783.59892917256,5
1783.69047882732,5
1783.77462850999,5
1783.89262806501,4
1783.99697767151,5
1784.06082743073,2
1784.14327711981,5
1784.15107709039,7
1784.17647699461,5
1784.19962690731,2
1784.25107671329,5
1784.27762661317,4
1784.27987660469,2
1784.32232644461,2
1784.41407609862,5
1784.4349760198,2
1784.52602567645,5
1784.61027535875,7
1784.64657522186,5
1784.68967505933,2
1784.75022483099,5
1784.78172471221,3
1784.78312470693,2
1784.79162467487,2
1784.80032464207,3
1784.87752435094,5
1785.10117350756,5
1785.40382236626,2
1785.97222022282,3
1786.07596983158,3
1786.89626673822,7
1787.18741564029,4
1787.25371539027,7
1787.28821526017,7
1787.29791522359,7
1787.65616387263,2
1787.67521380079,2
1787.76036347969,2
1787.7652134614,2
1787.82371324079,2
1787.85851310956,4
1787.87751303791,4
1788.04721239797,2
1788.14856201578,3
1788.89620919639,5
1789.02660870465,3
1789.10595840542,5
1789.69830617166,2
1789.73165604589,5
1789.83970563844,2
1790.10490463837,2
1790.12605455861,5
1790.24445411212,4
1790.41190348066,5
1790.62785266632,5
1790.86675176542,2
1790.8706017509,3
1790.96135140868,3
1790.96655138907,2
1790.99455128349,2
1791.04685108626,7
1791.15230068861,2
1791.18525056435,7
1791.20470049101,7
1791.25090031679,3
1791.26140027719,2
1791.27090024137,2
1791.28155020121,2
1791.28520018744,2
1791.28760017839,7
1791.30865009901,3
1791.36829987407,2
1791.38034982863,2
1791.3845998126,2
1791.46454951111,2
1791.49489939666,2
1791.5304492626,2
1791.54164922037,2
1792.08949715442,2
1792.27519645414,4
1792.28394642114,4
1792.46319574519,2
1792.48909564752,2
1792.52104552704,2
1792.53329548084,7
1792.55689539185,2
1792.66639497892,4
1792.70704482563,3
1792.71879478132,3
1792.72859474437,2
1792.79634448888,2
1792.79924447794,4
1792.8662942251,4
1792.88399415835,3
1792.89704410914,4
1792.92389400789,4
1792.93099398111,4
1792.96364385799,7
1793.04679354443,4
1793.04994353255,3
1793.06434347825,4
1793.07709343017,4
1793.11539328574,4
1793.12239325934,4
1793.12604324558,4
1793.13299321937,4
1793.1632431053,4
1793.16679309191,4
1793.17049307796,2
1793.24714278891,4
1793.24994277835,4
1793.25414276251,4
1793.27254269312,4
1793.41634215085,4
1793.42554211616,4
1793.50079183239,3
1793.51979176074,3
1793.52804172963,3
1793.58449151676,3
1793.59969145944,3
1793.63334133254,7
1793.64394129257,3
1793.66999119434,3
1793.67429117812,3
1793.71149103784,3
1793.75594087022,3
1793.75929085758,3
1793.77669079197,3
1793.83019059022,5
1793.83259058117,7
1793.89089036132,2
1794.09758958185,2
1794.12788946759,2
1794.13508944044,2
1794.32518872357,2
1794.42293835495,3
1794.45373823881,5
1794.86653668213,2
1795.72438344717,5
1796.31683121304,5
1796.44403073337,4
1796.544630354,4
1796.78877943331,4
1797.03212851563,4
1797.50312673949,3
1797.67372609615,2
1797.9302751287,2
1798.01247481872,2
1798.01792479817,2
1798.06962460321,2
1798.14572431624,2
1798.14902430379,2
1798.16157425647,2
1798.40047335557,7
1799.05102090234,3
1799.15857049677,4
1799.17802042342,4
1799.18417040023,4
1799.43086946992,4
1799.84196791966,3
1799.96436745809,4
1800.27181629869,3
1800.33136607413,4
1800.34421602567,4
1800.46446557221,7
1800.56296520076,4
1800.72631458477,7
1800.72926457364,2
1800.78996434474,7
1800.83786416411,3
1800.90716390278,3
1801.29886242568,7
1801.40206203651,3
1801.48686171673,3
1801.69976091388,2
1801.84101038122,2
1801.91106011706,3
1801.94330999545,2
1801.96115992814,5
1802.00445976485,2
1802.08335946732,2
1802.15290920504,5
1802.16090917488,5
1802.20310901574,5
1802.20910899311,2
1802.21095898614,5
1802.30805861997,2
1802.3418084927,5
1802.3488084663,5
1802.4020582655,2
1802.4130082242,2
1802.46620802359,5
1802.49765790499,2
1802.58935755919,5
1802.59865752412,4
1802.62570742211,5
1802.7112570995,5
1802.74195698373,5
1802.76515689624,5
1802.77060687569,5
1802.80145675936,7
1803.02695590899,7
1803.05365580831,5
1803.09450565426,3
1803.4209044234,2
1803.61590368806,3
1803.67355347066,3
1803.71470331548,3
1803.7755030862,7
1803.82670289313,3
1803.8401028426,7
1803.91195257165,3
1803.91645255468,7
1803.92495252263,3
1803.93415248793,3
1803.94340245305,3
1803.96145238498,7
1803.99915224282,3
1804.02690213817,3
1804.07815194491,3
1804.08900190399,3
1804.13365173562,7
1804.18320154876,3
1804.18880152764,2
1804.19005152293,3
1804.2021514773,3
1804.21770141866,3
1804.23300136097,3
1804.23860133985,2
1804.24665130949,3
1804.26040125764,2
1804.27860118901,3
1804.3148010525,3
1804.32515101347,3
1804.33595097274,7
1804.35445090298,3
1804.37470082661,3
1804.38435079022,3
1804.39635074497,7
1804.51360030282,7
1804.58650002791,7
1804.65024978751,3
1804.77324932368,3
1804.79729923298,2
1804.81354917171,3
1804.87374894469,2
1804.92209876236,2
1804.94869866205,2
1804.95299864584,2
1804.95654863245,2
1804.96714859248,2
1804.98024854308,3
1805.10164808528,2
1805.10844805963,2
1805.27434743402,2
1805.31959726339,4
1805.42389687007,3
1805.43154684122,3
1805.4366968218,2
1805.46109672979,3
1805.4995965846,3
1805.56364634307,2
1805.58054627934,7
1805.94174491725,7
1805.94594490141,3
1805.95779485673,7
1805.96744482034,3
1805.97329479828,3
1806.00444468081,3
1806.01339464706,7
1806.02839459049,3
1806.03734455674,3
1806.05294449792,7
1806.06784444173,7
1806.07324442136,7
1806.09549433746,3
1806.11099427901,3
1806.13194420001,3
1806.14729414212,3
1806.16869406142,2
1806.1707940535,3
1806.18269400863,3
1806.20359392981,3
1806.2284438361,3
1806.2489437588,3
1806.28234363285,3
1806.32394347597,3
1806.35314336586,3
1806.36244333079,3
1806.36924330515,3
1806.40304317768,3
1806.42744308567,3
1806.43429305984,3
1806.45109299649,3
1806.46139295765,7
1806.47259291541,3
1806.47974288845,3
1806.48874285451,3
1806.51174276778,3
1806.52499271781,3
1806.55754259506,3
1806.55914258903,2
1806.58424249438,3
1806.62009235919,7
1806.62994232204,7
1806.63579229998,3
1806.66009220835,3
1806.67074216819,3
1806.72174197586,3
1806.74314189516,7
1806.76679180598,3
1806.78154175036,3
1806.86134144943,3
1806.94254114322,7
1807.10844051761,7
1807.11184050479,2
1807.18424023177,3
1807.26458992877,3
1807.27378989408,4
1807.46753916344,3
1807.48978907954,4
1807.50383902656,4
1807.6730383885,3
1807.68428834608,3
1807.72988817412,4
1807.95123733941,4
1808.08593683145,5
1808.1564365656,3
1808.22888629239,3
1808.32423593282,3
1808.34273586306,3
1808.37988572296,7
1808.44348548313,4
1808.45213545051,4
1808.46938538546,4
1808.5276351658,4
1808.55708505474,4
1808.57038500459,4
1808.57863497347,4
1808.71233446929,4
1808.71863444553,4
1808.72268443026,4
1808.74323435277,3
1808.80243412952,3
1808.82668403808,7
1808.93718362138,5
1808.96018353465,4
1809.0224332999,4
1809.02783327954,4
1809.02968327256,3
1809.03443325465,4
1809.03898323749,4
1809.05478317791,4
1809.05728316848,4
1809.13998285662,4
1809.14448283965,4
1809.15033281759,4
1809.15748279063,4
1809.16008278082,4
1809.29128228606,4
1809.29783226136,4
1809.55508129127,4
1809.78748041489,4
1809.86073013866,4
1809.86568012,4
1809.97992968916,4
1810.10252922683,4
1810.11842916687,4
1810.12237915198,5
1810.1316291171,4
1810.1377790939,4
1810.15377903357,4
1810.16082900698,4
1810.17112896814,4
1810.24972867174,4
1810.26152862724,4
1810.31062844209,4
1810.32187839966,4
1810.36377824166,4
1810.43782796241,4
1810.51712766337,4
1810.67367707302,7
1811.00192583519,3
1811.28442476987,3
1812.10662166935,7
1813.21676748296,7
1813.2610173161,5
1813.3833168549,5
1813.43536665862,7
1813.51371636316,4
1814.03026441525,4
1814.12311406511,4
1814.12566405549,5
1814.12956404079,5
1814.33776325566,4
1814.35006320928,4
1814.36101316798,4
1814.45186282539,4
1814.45736280465,5
1814.4838127049,4
1814.52346255538,3
1814.5353125107,3
1814.57541235948,4
1814.58316233025,4
1814.59616228123,4
1814.60101226294,4
1814.64571209438,4
1814.65636205422,4
1814.66016203989,4
1814.687711936,4
1814.69041192581,4
1814.6934119145,4
1814.69751189904,4
1814.70166188339,4
1814.70731186208,4
1814.72776178497,4
1814.73256176687,4
1814.73651175197,4
1814.74211173085,4
1814.75446168428,4
1814.75926166618,4
1814.76996162583,4
1814.77541160528,4
1814.80066151006,4
1814.80316150063,4
1814.8060614897,4
1814.80921147782,4
1814.81336146217,4
1814.81776144558,4
1814.82971140051,4
1814.83396138449,4
1814.84241135262,4
1814.8471113349,4
1814.88361119725,4
1814.88996117331,4
1814.892961162,4
1814.89761114446,4
1814.90186112843,4
1814.92211105207,4
1814.92531104,4
1814.92886102662,4
1814.93421100644,4
1814.94236097571,4
1814.94751095629,4
1814.9598109099,4
1814.97516085202,4
1814.98181082694,4
1815.01846068873,4
1815.02081067987,4
1815.02346066988,4
1815.03646062086,4
1815.03981060822,4
1815.04481058937,4
1815.04941057202,3
1815.05486055147,4
1815.08136045154,4
1815.08361044305,4
1815.08801042646,4
1815.14981019341,4
1815.15246018342,5
1815.15516017324,4
1815.15821016174,4
1815.16221014665,4
1815.17121011271,4
1815.18306006803,4
1815.18821004861,4
1815.20051000222,4
1815.20675997865,4
1815.22675990323,4
1815.23180988419,4
1815.27885970676,4
1815.28135969734,4
1815.28500968357,4
1815.29435964831,4
1815.29810963417,4
1815.32770952255,4
1815.383809311,4
1815.38700929893,4
1815.39480926951,4
1815.39820925669,4
1815.48705892164,3
1815.54265871197,4
1815.63365836881,4
1815.64055834279,4
1815.64505832582,4
1815.69055815424,5
1815.70055811653,4
1815.72040804167,7
1815.82230765741,4
1815.82600764345,4
1815.83365761461,3
1815.83565760706,4
1815.84725756332,4
1815.85045755125,4
1815.88280742926,4
1815.88520742021,4
1815.88875740682,4
1815.91195731934,4
1815.9157073052,4
1815.91935729143,3
1815.92320727691,4
1815.92615726579,4
1815.94285720281,4
1815.96255712852,4
1815.99455700785,7
1816.09130664301,4
1816.13115649273,4
1816.1380064669,4
1816.19535625063,4
1816.2231561458,4
1816.32480576247,5
1816.33435572646,5
1816.35850563539,5
1816.4162054178,3
1816.42540538311,7
1816.44165532183,3
1816.65890450258,4
1816.6655544775,4
1816.6716544545,4
1816.74835416526,4
1816.7515541532,4
1816.76010412095,4
1816.76450410436,4
1816.8821536607,4
1816.92280350741,4
1817.05625300417,4
1817.71735051115,5
1818.07759915265,3
1818.23164857172,4
1818.37219804171,4
1818.71814673713,3
1818.78359649031,5
1818.92219596765,7
1818.98299573838,6
1819.44669398976,2
1819.47694387568,2
1819.47894386814,7
1819.49829379517,2
1819.51759372239,2
1819.59719342222,7
1819.68794308,2
1819.72459294179,4
1819.72964292275,4
1819.7464428594,2
1819.74934284846,2
1819.83264253434,4
1819.92784217534,4
1819.94044212782,4
1819.94494211085,4
1819.95284208106,4
1819.96029205297,2
1819.97499199753,7
1820.07624161572,4
1820.12494143207,7
1820.14094137173,4
1820.14859134289,5
1820.15229132893,4
1820.1652412801,4
1820.16819126897,4
1820.17129125728,2
1820.18269121429,5
1820.18319121241,2
1820.21314109947,3
1820.29464079213,4
1820.29934077441,4
1820.3669905193,3
1820.44129023911,7
1820.47204012315,3
1820.51623995647,2
1820.68893930522,3
1821.255687168,7
1821.58113594072,5
1821.63623573294,5
1821.75493528532,5
1821.84118496007,7
1821.89453475889,3
1822.02913425131,5
1822.05018417193,4
1822.05458415534,5
1822.05498415383,4
1822.1330338595,5
1822.1854336619,4
1822.1862836587,5
1822.32663312944,4
1822.32948311869,4
1822.50038247422,4
1822.73778157899,4
1822.75283152223,7
1822.83768120226,3
1822.85158114984,4
1822.87393106556,4
1822.9863306417,2
1823.00738056232,4
1823.10228020445,2
1823.21337978549,4
1823.22012976004,4
1823.23097971912,4
1823.23967968632,4
1823.32502936446,4
1823.34452929093,2
1823.34662928301,4
1823.35102926641,4
1823.36357921909,4
1823.37207918703,4
1823.42797897623,4
1823.43207896077,4
1823.43647894418,4
1823.44217892269,4
1823.45962885688,2
1823.46247884613,4
1823.46502883652,4
1823.47142881238,4
1823.48142877467,4
1823.48232877128,2
1823.48612875695,4
1823.49362872867,4
1823.50022870378,4
1823.50412868907,4
1823.54977851693,4
1823.55212850806,4
1823.55472849826,4
1823.56652845376,4
1823.56987844113,4
1823.57362842699,4
1823.58262839305,4
1823.58992836552,4
1823.60092832404,4
1823.60612830443,2
1823.62897821826,4
1823.69417797239,2
1823.70692792431,4
1823.70952791451,4
1823.71242790357,4
1823.7177778834,4
1823.73642781307,4
1823.73967780081,4
1823.75112775763,3
1823.76542770371,2
1823.89502721498,4
1823.90387718161,2
1823.90417718048,4
1823.9081771654,2
1823.91852712637,4
1823.94372703134,2
1824.00742679112,2
1824.01057677924,2
1824.01897674757,4
1824.0221767355,4
1824.06647656844,7
1824.09277646927,2
1824.16092621227,7
1824.32152560665,3
1824.55487472668,2
1824.57457465239,2
1824.60142455114,2
1825.0147729924,2
1825.27442201325,7
1825.29882192124,7
1825.30762188805,4
1825.31752185072,5
1825.31792184921,2
1825.37147164728,2
1825.39307156582,2
1825.40282152905,2
1825.40577151793,2
1825.41332148946,4
1825.42682143855,4
1825.43392141178,2
1825.54652098716,2
1825.55057097189,2
1825.58742083293,4
1825.59282081256,2
1825.59807079276,2
1825.61647072338,2
1825.62032070886,4
1825.63742064438,4
1825.78822007571,4
1825.79542004856,4
1825.8021700231,4
1825.81971995692,4
1825.84056987829,4
1825.88711970275,7
1825.91236960754,4
1825.93496952231,4
1825.94156949742,4
1825.9454194829,4
1826.02951916576,3
1826.05161908242,4
1826.13296877565,3
1826.29031818228,4
1826.4035177554,2
1826.63526688147,2
1826.68511669349,4
1826.73346651116,4
1826.74801645629,4
1826.80251625077,4
1826.82241617573,4
1826.82861615235,4
1826.83336613444,4
1826.87691597021,4
1826.9201158073,4
1826.92301579636,4
1826.93841573829,4
1828.16376111748,3
1828.39476024638,4
1828.41771015984,5
1828.44971003916,5
1828.50605982667,5
1828.60305946088,5
1828.6241093815,3
1828.68970913412,5
1828.81200867293,5
1828.90440832448,3
1828.90865830846,5
1828.97280806655,5
1829.2053571896,5
1829.26095697993,5
1830.03955404382,4
1830.28770310805,3
1830.50755227899,2
1830.52210222412,2
1830.5447021389,2
1830.55115211457,2
1830.57490202501,3
1830.70265154327,2
1830.89735080905,7
1831.03115030449,7
1831.04555025019,4
1831.12374995529,3
1831.19479968736,3
1831.23349954142,3
1831.76809752544,7
1832.03629651406,3
1832.23069578097,2
1832.23854575137,3
1832.26214566237,2
1832.33614538332,2
1832.34114536447,2
1832.3508953277,3
1832.36769526434,2
1832.42944503148,3
1832.43054502734,5
1832.50189475828,2
1832.50409474998,7
1832.54634459065,5
1832.64509421827,2
1832.66549414134,2
1832.76234377612,2
1832.93779311449,2
1832.94844307433,2
1833.06169264726,5
1833.06304264217,4
1833.18709217438,5
1833.22214204221,7
1833.2653418793,5
1833.3103417096,4
1833.31549169018,5
1833.42939126066,4
1833.45069118034,4
1833.4723410987,4
1833.58454067559,4
1833.59394064014,5
1833.60764058848,4
1833.7478900596,4
1833.89668949847,3
1833.96213925166,7
1833.99388913193,4
1833.99738911873,4
1834.01803904086,4
1834.08298879593,7
1834.52298713669,4
1834.5313371052,4
1834.54048707069,4
1834.75778625125,4
1834.96393547386,4
1834.97383543653,4
1835.08838500456,3
1835.59678308738,5
1835.75343249665,4
1835.85963209617,3
1835.93528181089,1
1835.94588177092,3
1836.0955812064,5
1836.62447921191,5
1837.00622777233,5
1837.11842734922,3
1837.12782731377,4
1837.24022688991,2
1837.35397646096,2
1837.90577438011,3
1838.0943736689,2
1838.13947349883,3
1838.29137292601,3
1838.35807267448,2
1838.52117205943,2
1838.52567204246,2
1838.52897203002,2
1838.54267197836,4
1838.92462053802,7
1839.59071802615,3
1839.60066798863,3
1839.90441684318,3
1839.97366658204,3
1840.21031568963,2
1840.61901414842,3
1840.6372640796,7
1841.11671227159,2
1841.3473614018,4
1841.4076111746,2
1841.45531099472,2
1841.52011075036,2
1841.53311070134,2
1841.5390606789,2
1841.5657105784,2
1841.57161055615,2
1841.58201051694,7
1841.58301051316,2
1841.58726049714,2
1841.59636046282,2
1841.62546035309,5
1841.66246021356,2
1841.66546020225,2
1841.67161017905,2
1841.68371013342,2
1841.68706012079,2
1841.69556008874,2
1841.70451005499,2
1841.72155999069,2
1841.72755996807,2
1841.76945981006,2
1841.77490978951,2
1841.78030976914,2
1841.78700974388,2
1841.79465971503,2
1841.81150965149,2
1841.82135961434,2
1841.83080957871,2
1841.89400934038,2
1841.9019593104,2
1841.91870924724,2
1841.94425915089,2
1841.94815913618,3
1842.34225765003,3
1842.35160761477,5
1842.44555726048,3
1842.46925717111,3
1843.00830513834,2
1843.02730506669,2
1843.03155505067,2
1843.08270485778,5
1843.09715480329,5
1843.12780468771,2
1843.13355466603,2
1843.13860464698,2
1843.14870460889,2
1843.17730450104,2
1843.18690446484,2
1843.20220440715,4
1843.2107543749,4
1843.22915430552,3
1843.27835411998,2
1843.45350345949,2
1843.58250297303,2
1843.68085260215,2
1843.9457016034,3
1844.19610065914,5
1844.33790012441,5
1845.21379682138,5
1845.40704609263,5
1845.59619537935,5
1845.74789480728,5
1845.78954465022,3
1846.41279229994,5
1846.43214222697,5
1846.44564217606,2
1846.57299169582,2
1846.66974133098,2
1846.67054132796,5
1846.75659100347,5
1847.06438984275,5
1847.62543772702,3
1847.68218751302,2
1847.7925870967,4
1847.90538667133,2
1847.92018661552,7
1847.92243660703,2
1847.97928639265,3
1848.04278615319,3
1848.17843564166,3
1848.50978439213,3
1848.53348430276,7
1848.54158427221,7
1848.57038416361,3
1848.61223400579,5
1848.64133389605,3
1848.82083321916,7
1848.97198264917,5
1849.04403237747,3
1849.12608206806,5
1849.2236317002,5
1849.23438165966,3
1849.2664315388,3
1849.30568139078,3
1849.45578082476,5
1849.97597886308,5
1850.59387653297,2
1850.61597644963,4
1850.63402638156,4
1850.67052624392,2
1850.72977602049,4
1850.74182597505,4
1850.7883257997,3
1850.9970750125,4
1851.03067488579,4
1851.96292137027,7
1852.15602064208,3
1852.22047039904,5
1852.25252027818,7
1852.36996983528,7
1852.41981964729,2
1852.55416914066,3
1853.14401691633,3
1853.56121534306,5
1853.63716505665,2
1853.80161443651,2
1853.92381397569,5
1854.05281348923,5
1854.09666332387,5
1854.11171326712,3
1854.50611177983,5
1854.66096119589,4
1855.00765988848,2
1855.16135930888,2
1855.33135866781,7
1855.34800860502,2
1855.75830705777,2
1856.1802554666,2
1856.30425499899,3
1856.30880498183,2
1856.34110486003,2
1856.43715449782,5
1856.44965445069,2
1856.49545427797,2
1856.50090425742,2
1856.50600423819,2
1856.51355420972,2
1856.59020392067,2
1857.04390220976,5
1857.05230217809,5
1857.15530178967,5
1857.16870173914,5
1857.27605133432,2
1857.57570020434,7
1857.82459926574,2
1857.87109909038,2
1857.94544881001,2
1857.95534877268,2
1857.9589487591,2
1858.13699808767,2
1858.16044799924,2
1858.16799797077,2
1858.49839672483,2
1858.60994630417,2
1858.64694616465,2
1858.70679593895,2
1858.72319587711,2
1858.72669586391,2
1858.73254584185,2
1858.76164573211,2
1858.83124546965,3
1859.26559383171,2
1861.64953484181,2
1861.68693470077,2
1862.05373331757,5
1862.17943284355,5
1862.27628247833,3
1862.29163242044,3
1862.31663232617,7
1862.31758232259,5
1862.41733194643,4
1862.42918190174,4
1862.46768175656,5
1862.55033144488,5
1862.55813141547,4
1862.68693092976,7
1862.77598059395,3
1863.49897786751,7
1863.69822711614,3
1863.77257683577,3
1865.01967213294,2
1865.0714719376,5
1865.16562158256,3
1865.22222136912,2
1865.23972130313,7
1865.24032130087,2
1865.25622124091,2
1865.26112122243,2
1865.26687120075,2
1865.29712108667,3
1865.3981207058,2
1865.41257065131,2
1865.549220136,2
1865.57307004606,2
1865.57827002645,2
1865.69816957431,3
1865.73221944591,2
1865.77241929431,2
1866.30131729982,5
1866.37526702096,7
1866.9698147789,2
1866.9894647048,2
1866.99256469311,2
1866.99546468218,2
1867.05691445045,2
1867.08781433392,2
1867.12661418761,2
1867.14606411426,2
1867.1510140956,2
1867.18956395022,2
1867.1942639325,2
1867.20026390987,2
1867.20811388027,2
1867.21381385878,2
1867.23186379071,2
1867.23456378053,7
1867.24196375262,2
1867.25376370813,2
1867.26111368041,2
1867.28566358783,2
1867.29276356106,2
1867.29736354371,5
1867.34956334686,2
1867.35371333121,2
1867.375513249,2
1867.37901323581,2
1867.40556313569,5
1867.46611290735,2
1867.47646286832,2
1867.48471283721,2
1867.49481279912,2
1867.50531275953,2
1867.7248619316,2
1867.7366618871,2
1867.74096187089,2
1867.80031164708,2
1867.80796161823,2
1867.86916138745,2
1867.87916134974,2
1867.9908109287,2
1867.99466091418,2
1868.0069608678,2
1868.10791048712,2
1868.12541042112,2
1868.13736037606,2
1868.18391020052,2
1868.20156013396,2
1868.30180975592,2
1868.46335914671,2
1869.0057071015,4
1869.0144070687,4
1869.51810516924,4
1869.52650513756,4
1869.60695483418,4
1869.6284047533,4
1869.85580389577,4
1869.87915380771,4
1869.9996033535,4
1870.0171032875,4
1870.2149025416,3
1870.37040195521,4
1870.88335002087,3
1870.91119991584,3
1871.17359892633,3
1871.32074837143,2
1871.43644793512,3
1871.53639755821,2
1871.63449718827,3
1872.62759344328,7
1872.66179331431,2
1872.85104260065,7
1872.99079207365,3
1873.23914113712,7
1873.71868932873,3
1873.76953913698,2
1873.7748891168,2
1874.09048792667,2
1874.11003785295,5
1874.13838774604,2
1874.15923766741,2
1874.16558764347,2
1874.17608760387,2
1874.18158758313,2
1874.26563726618,2
1874.27988721244,2
1874.2853871917,2
1874.29263716436,2
1874.29828714305,2
1874.31108709479,2
1874.31598707631,2
1874.34253697619,2
1874.34708695903,2
1874.35893691434,2
1874.36478689228,2
1874.37318686061,2
1874.38983679782,2
1874.40748673126,2
1874.41043672014,2
1874.42168667771,2
1874.43083664321,2
1874.44108660455,2
1874.44758658004,2
1874.45578654912,2
1874.46813650255,2
1874.47393648068,2
1874.53433625291,7
1874.56908612186,5
1874.58178607397,2
1874.58653605606,2
1874.59443602627,2
1874.61883593426,5
1874.74253546778,5
1874.80883521777,5
1875.08668416999,2
1875.09883412417,2
1875.10388410513,2
1875.11838405045,2
1875.25998351647,3
1875.67133196527,2
1875.69623187137,2
1875.70083185402,2
1875.70933182197,2
1875.72603175899,2
1875.76438161438,2
1875.82263139472,2
1875.83163136078,2
1875.93033098858,2
1876.01448067125,2
1876.02743062241,2
1876.04058057282,2
1876.04823054398,2
1876.09803035618,7
1876.5754285559,3
1877.12657647751,4
1877.13682643885,7
1877.59212472191,3
1877.76377407462,2
1878.40937164005,2
1878.44272151429,2
1878.91591972985,5
1878.92141970911,5
1878.93371966272,5
1879.00411939725,3
1879.06716915948,5
1879.10056903353,5
1879.13656889778,5
1879.1781687409,5
1879.20266864851,5
1879.30811825086,5
1879.80941636045,3
1879.83351626957,3
1880.04926545597,7
1880.19526490541,3
1880.23741474646,3
1880.27676459807,3
1880.30041450889,3
1880.36956424812,7
1880.38626418514,3
1880.42541403751,3
1880.44776395323,7
1880.57916345772,5
1881.13176137386,3
1881.20491109801,3
1881.24276095527,5
1881.25931089286,2
1881.29991073976,3
1881.30616071619,3
1881.31681067603,3
1881.3236606502,3
1881.32841063229,3
1881.3415605827,3
1881.36636048918,3
1881.44881017826,3
1881.45531015375,7
1881.47676007286,3
1881.53200986451,2
1881.60105960412,7
1881.62125952795,3
1881.6603593805,3
1881.71430917705,7
1881.76885897134,5
1881.80905881975,5
1881.83955870473,7
1881.86275861725,3
1881.90000847678,3
1881.91750841078,3
1881.93010836327,3
1881.94995828842,5
1881.9542582722,5
1882.02735799654,3
1882.07355782232,3
1882.09070775765,3
1882.10345770956,5
1882.12485762887,3
1882.32915685845,7
1882.51895614271,5
1882.70965542358,7
1882.7158554002,2
1882.73575532515,7
1882.73840531516,2
1882.81820501424,2
1882.82925497257,2
1882.83585494768,2
1882.86490483813,2
1882.91225465957,2
1882.91790463827,2
1883.03110421139,2
1883.03695418933,2
1883.05965410372,2
1883.06335408977,2
1883.13450382146,4
1883.30530317738,3
1883.57700215279,2
1883.60745203797,2
1883.73170156942,2
1883.82125123172,2
1883.98860060064,3
1884.18714985191,2
1884.2036997895,2
1884.20779977404,2
1884.28539948141,2
1884.29029946293,2
1884.29779943465,2
1884.31339937582,2
1884.44684887258,2
1884.96634691354,7
1885.22394594213,2
1885.35909543248,2
1885.38429533745,2
1885.49504491981,2
1885.50314488926,2
1885.54514473088,2
1885.56224466639,2
1885.75679393274,2
1885.76219391238,2
1885.77064388052,2
1886.00644299131,3
1886.05539280672,2
1886.26529201519,2
1886.27144199199,2
1886.80128999392,2
1886.80928996376,5
1886.94158946485,7
1887.05398904099,5
1887.61613692112,2
1887.65508677424,2
1887.70048660303,2
1887.71393655231,2
1887.71908653289,2
1887.74518643447,2
1887.75028641524,2
1887.86898596762,2
1887.8929358773,2
1888.07173520304,3
1888.07733518193,7
1888.21558466058,7
1888.21973464493,3
1888.90003207952,2
1888.9392819315,2
1889.20078094538,3
1889.22983083584,3
1889.29033060769,5
1889.33078045515,2
1889.97027804359,2
1890.01777786447,2
1890.36402655876,2
1890.45792620466,2
1890.84977472699,2
1890.87087464742,2
1890.91587447773,2
1890.98917420131,2
1891.21762333982,7
1891.39927265482,2
1891.40507263295,3
1891.71217147487,2
1891.94722058849,5
1892.15796979375,2
1892.16641976189,2
1892.181769704,2
1892.19236966403,2
1892.19521965328,2
1892.24781945493,2
1892.2612194044,2
1892.38996891888,2
1892.41501882442,4
1892.81261732506,4
1892.91401694268,4
1893.13781609873,5
1893.17521595769,5
1893.24101570956,5
1893.38436516899,7
1893.61166431184,5
1894.00481282926,3
1894.34606154241,7
1894.83865968481,3
1894.87600954396,3
1894.89090948777,3
1894.92575935635,3
1894.95210925698,3
1895.30570792356,2
1895.42470747481,5
1895.42920745784,3
1895.43140744954,2
1895.50520717124,2
1895.56940692914,2
1895.57005692669,3
1895.60805678339,3
1895.61230676736,2
1895.6159567536,2
1895.86790580349,3
1895.93410555385,7
1896.02945519429,7
1896.379303875,3
1896.41405374396,3
1896.59850304839,3
1896.98350159655,7
1897.11535109935,2
1897.17185088628,2
1897.20330076769,2
1897.21015074185,2
1897.27505049712,2
1897.56234941371,7
1897.68029896891,3
1897.81759845115,5
1897.82219843381,4
1898.25919678588,5
1898.57684558802,2
1898.86549449951,2
1898.87344446953,2
1899.15379341233,2
1899.34324269791,2
1899.64354156548,4
1899.83974082561,2
1900.22413937603,3
1900.30343907699,3
1900.32738898667,3
1900.37938879058,7
1900.50528831581,4
1900.53993818514,7
1900.79663721713,3
1901.10638604906,3
1901.22328560823,3
1901.32163523735,3
1901.62968407569,7
1901.67703389713,3
1901.68803385565,2
1901.70108380644,3
1901.713133761,7
1901.71893373912,7
1901.84613325945,2
1901.8598832076,3
1901.87748314123,3
1901.92808295042,2
1901.93493292459,2
1901.95268285765,2
1901.95403285256,7
1901.96083282692,2
1902.04208252052,3
1902.2013819198,5
1902.23003181176,2
1902.23578179008,2
1902.24078177122,2
1902.37138127873,2
1902.39393119369,2
1902.39933117333,2
1902.41168112676,2
1902.4166811079,2
1902.4323810487,2
1902.43883102437,2
1902.46748091633,7
1902.50878076059,2
1902.51558073495,2
1902.51983071892,2
1902.53038067914,2
1902.54063064048,2
1902.54453062578,2
1902.55653058053,2
1902.59668042912,2
1902.60283040593,2
1903.05177871293,2
1903.08007860621,2
1903.08492858792,2
1903.16087830152,2
1903.3075277485,2
1903.3354776431,5
1903.37852748076,5
1904.07882483992,3
1904.0901247973,3
1904.10122475545,5
1904.19052441869,3
1904.24647420771,3
1904.28272407101,7
1904.31767393921,7
1904.33827386153,7
1904.34492383645,7
1904.34592383268,3
1904.35547379667,3
1904.37977370503,7
1904.40962359247,7
1904.42497353458,7
1904.54642307659,3
1904.62727277171,3
1904.65022268516,3
1904.67337259786,7
1904.68582255091,3
1904.69857250283,7
1904.76592224886,7
1904.84697194321,3
1904.97042147768,3
1904.97992144186,7
1904.99052140189,3
1905.00212135814,3
1905.07477108418,7
1905.09272101649,7
1905.10102098519,3
1905.13317086395,3
1905.17887069162,3
1905.27872031508,3
1905.32852012728,3
1905.37711994401,3
1905.38311992139,3
1905.54851929766,3
1905.67011883911,3
1905.81251830212,7
1906.06696734258,4
1906.12056714046,7
1907.15321324632,5
1907.88621048217,3
1907.99456007358,3
1908.03930990483,5
1908.04540988183,2
1908.10240966688,7
1908.93690651997,2
1908.95610644757,2
1908.9628064223,2
1908.96870640005,2
1909.02720617945,2
1909.03170616248,2
1909.10935586966,2
1909.85400306158,3
1909.91825281929,2
1910.02330242315,2
1910.13255201116,2
1910.13460200343,3
1910.23300163236,2
1910.24940157052,2
1910.30845134784,2
1910.33870123377,2
1910.42670090192,2
1911.01504868325,3
1911.49414687656,4
1912.14374442691,5
1912.32459374492,5
1912.43009334708,3
1912.44059330748,3
1913.62493884129,2
1914.51398548867,2
1914.53663540326,4
1914.79558442675,2
1915.0390335087,5
1915.1508330871,2
1915.19008293909,5
1915.19748291118,2
1915.27638261365,5
1915.76953075398,3
1915.80453062199,5
1916.02487979105,5
1916.1958291464,2
1916.27637884264,2
1916.29332877872,2
1916.38522843217,4
1916.42127829622,3
1917.08957577606,4
1917.09127576965,2
1917.24322519664,4
1917.43362447864,3
1917.47597431894,4
1917.48732427614,4
1917.4980742356,7
1917.553124028,3
1917.84112294195,4
1917.85102290462,4
1917.87717280601,4
1919.06076834264,1
1919.34131728468,2
1919.57031642112,2
1919.60046630743,2
1919.64931612321,3
1919.65401610549,2
1919.65701609418,2
1919.67931601008,2
1919.6855159867,2
1919.7169658681,2
1919.72241584755,2
1919.7999155553,2
1919.84986536694,2
1919.8575653379,2
1920.02186471832,2
1920.5794126158,2
1920.66686228602,3
1920.6929621876,7
1920.7580619421,7
1920.76746190666,3
1920.78941182388,3
1921.67810847259,4
1922.05250706072,4
1922.13545674791,3
1922.27040623902,2
1922.32880601879,3
1922.44430558324,2
1922.51230532681,2
1922.52300528646,2
1922.5288552644,2
1922.66085476663,2
1922.67085472892,2
1922.77005435483,2
1922.77630433126,2
1922.77980431806,2
1922.79660425471,2
1922.80260423209,2
1922.80795421191,2
1922.97000360082,2
1923.00985345054,7
1923.08895315226,2
1923.25850251288,3
1923.28055242973,3
1924.12874923116,3
1924.58929749442,5
1926.37959074318,2
1926.40749063797,2
1926.62098983286,3
1926.69918953797,7
1926.82853905019,7
1927.31753720616,4
1927.32678717128,4
1927.33753713074,4
1927.45168670028,4
1927.55183632261,4
1927.56168628547,4
1927.58348620326,4
1927.59568615726,4
1927.74073561027,4
1928.68268205817,2
1928.75103180042,2
1928.86248138014,2
1928.88793128417,2
1928.93098112183,2
1929.01673079846,2
1929.33362960343,7
1929.90657744283,7
1930.21237628965,2
1930.56967494227,3
1930.59627484196,3
1930.91222365051,4
1930.9322735749,3
1930.93872355058,2
1930.99737332941,7
1931.91436987139,3
1933.02411568651,7
1933.03506564522,7
1933.05996555132,2
1933.06356553775,3
1933.10781537088,3
1933.1087653673,2
1933.72766303342,3
1934.43406036958,7
1934.6450595739,4
1934.64930955787,4
1934.73235924469,2
1934.95180841714,2
1935.33310697925,7
1935.48015642472,3
1936.04450429656,2
1936.14015393586,2
1936.17075382047,2
1936.35620312113,3
1936.92870096223,2
1936.94265090962,5
1937.44189902695,7
1937.74584788075,5
1937.78709772519,2
1938.59244468821,3
1938.59429468123,2
1938.77129401376,7
1938.93094341172,3
1939.06429290886,3
1939.16804251762,2
1939.2216923153,2
1939.25019220783,2
1939.26794214089,2
1939.271892126,2
1939.28669207019,2
1939.36084179057,2
1939.37249174663,2
1939.3858916961,2
1939.39344166763,2
1939.40194163558,2
1939.51724120078,3
1939.54889108143,2
1939.5526910671,2
1939.56339102675,2
1939.57689097584,2
1939.61494083235,2
1939.85328993353,7
1940.01498932376,2
1940.25823840646,2
1940.99563562572,2
1941.00058560705,2
1941.09088526653,2
1941.10033523089,2
1941.22728475216,3
1941.25083466336,2
1941.48788376944,3
1942.06003161185,4
1942.15933123739,2
1942.17428118102,2
1942.18228115085,3
1942.24418091742,2
1942.32278062102,4
1942.48188002105,2
1943.18767735947,3
1943.61307575529,3
1943.84127489474,3
1944.08627397084,7
1944.18997357979,2
1944.23547340821,7
1944.2646732981,2
1944.48952245018,3
1944.64092187925,7
1944.64977184588,4
1944.99067056034,7
1945.12297006144,2
1945.24266961005,2
1945.37246912057,2
1945.37806909945,2
1945.48311870331,2
1945.63731812182,2
1945.67031799738,2
1945.67406798323,2
1945.73186776527,2
1945.73501775339,2
1945.83006739496,2
1945.84536733726,2
1945.85261730992,2
1945.97466684967,2
1945.99121678726,2
1946.15091618503,2
1946.22411590899,2
1946.29641563635,3
1946.45596503468,3
1946.49986486913,2
1946.61961441756,2
1946.64531432064,2
1947.60511070123,3
1948.49170735785,7
1948.5185572566,3
1948.67150667982,2
1948.89640583172,2
1948.97265554418,2
1948.9788555208,2
1948.98345550345,2
1949.16820480676,7
1949.19695469834,3
1949.28435436876,3
1949.4107538921,7
1950.2042508998,2
1950.33925039072,3
1950.35080034716,3
1950.40495014296,3
1950.41665009884,3
1950.43725002116,7
1950.495099803,4
1950.81484859722,7
1950.84774847316,3
1950.87834835777,7
1950.88779832213,3
1950.90439825953,3
1950.93299815168,7
1951.17454724079,3
1951.17859722552,3
1951.24429697776,3
1951.34279660632,3
1951.44069623714,3
1952.27354309645,6
1952.49989224288,7
1952.59214189501,3
1953.14358981548,2
1953.46023862139,2
1953.52608837307,2
1953.72158763584,2
1953.73868757136,2
1953.78048741373,2
1953.82063726232,2
1953.82793723479,2
1953.86798708376,2
1953.92833685618,2
1953.94593678981,2
1953.94908677794,2
1954.63633418631,5
1954.71933387332,3
1954.74443377866,5
1954.8367334306,5
1955.0424326549,5
1955.09168246918,5
1955.12828233116,5
1955.25098186846,5
1955.27093179323,4
1955.2961316982,3
1955.38753135353,5
1955.3930813326,5
1955.41278125831,4
1955.44153114989,5
1955.60898051844,5
1955.73413004649,2
1955.76397993393,4
1955.77107990715,5
1955.81547973972,2
1955.83637966091,2
1955.84612962414,2
1955.89257944898,2
1955.90737939317,2
1956.62137670066,5
1956.66227654643,2
1956.70442638748,2
1956.73162628491,2
1956.75632619177,2
1956.91432559595,3
1956.95847542946,3
1957.24347435472,5
1957.37602385487,5
1957.39882376889,3
1957.47822346947,4
1957.62037293343,5
1957.81037221693,5
1958.11587106489,7
1958.74071870857,7
1959.15561714398,3
1959.17731706215,5
1959.23771683438,4
1959.3373664586,5
1959.37871630267,5
1959.38226628928,2
1959.39251625063,5
1959.44221606321,5
1959.49991584562,3
1959.60236545928,7
1959.61041542893,5
1959.68201515892,2
1959.71141504805,5
1959.73536495774,7
1959.75561488138,3
1959.8098646768,5
1959.83506458177,5
1959.9736140593,4
1960.19741321534,5
1960.28086290065,5
1960.44706227391,5
1960.56921181328,5
1960.63506156496,5
1960.73586118484,5
1960.81851087317,5
1960.93516043328,5
1961.00391017402,5
1961.08630986329,5
1961.19425945621,5
1961.21710937004,5
1961.26150920261,3
1961.26780917885,5
1961.50395828833,2
1961.56560805585,5
1961.64420775945,3
1961.87690688193,5
1961.91010675673,5
1961.96610654556,5
1962.07410613829,5
1962.91095298252,4
1962.93375289654,4
1963.16825201224,4
1963.2248517988,3
1963.33245139304,4
1963.46640088791,4
1963.73779986446,3
1963.75214981034,7
1963.75434980205,4
1963.78724967798,3
1963.82184954751,7
1964.23179800158,4
1964.2375479799,4
1964.32289765804,3
1964.58729666099,4
1964.59089664741,4
1964.6122465669,4
1964.62219652938,4
1965.44084344224,3
1965.55304301913,2
1966.0013913284,7
1966.24239041959,3
1966.57968914762,3
1966.64123891552,3
1966.73583855878,2
1966.76323845546,4
1966.77153842416,2
1966.79568833309,2
1966.8031883048,2
1966.90958790357,2
1966.91468788434,2
1966.92653783965,2
1966.93653780194,2
1966.94033778761,2
1966.95053774915,2
1967.20228679979,2
1967.31663636858,2
1967.32123635123,2
1967.32478633784,2
1967.55093548503,2
1967.63878515375,2
1967.64238514017,2
1967.67073503326,2
1967.73448479286,7
1967.75313472253,2
1967.77548463825,2
1967.78393460638,2
1967.79438456698,2
1967.80693451965,2
1967.92473407543,2
1969.0967296558,2
1969.26612901699,2
1969.26987900285,2
1969.57192786382,2
1970.08252593834,3
1970.69652362294,2
1970.79757324188,4
1970.81982315797,2
1972.33126745828,3
1972.63201632415,2
1972.74256590726,4
1973.24611400837,5
1973.51846298134,2
1973.9812112363,7
1974.64395873707,4
1974.65030871312,4
1974.65350870105,4
1974.84840796608,3
1974.96095754166,4
1975.07580710855,4
1975.08795706274,4
1975.11810694904,3
1975.93230387868,2
1975.93730385983,2
1976.04745344445,2
1976.15935302248,2
1976.20700284279,2
1976.24140271307,2
1976.24685269251,4
1976.25270267045,4
1976.30645246776,2
1976.58555141527,2
1976.74285082209,4
1976.88535028472,2
1976.89900023325,4
1976.92680012842,2
1976.93210010843,2
1976.94315006676,2
1978.03339595542,2
1978.0577958634,4
1978.13219558284,3
1978.13259558133,2
1978.15099551194,7
1978.26359508733,2
1978.28324501323,2
1978.2892449906,2
1978.29744495968,3
1978.53579406086,7
1978.66169358609,2
1979.26179132311,3
1979.30134117396,7
1979.79908929694,2
1980.03343841321,3
1980.84598534907,3
1982.03643085987,4
1982.46122925795,4
1982.50307910013,3
1982.55457890592,4
1982.56587886331,4
1982.56602886275,5
1982.57737881994,4
1982.83522784759,4
1982.9247775099,4
1983.00282721557,7
1983.1475266699,2
1983.16082661975,2
1983.36207586083,2
1983.38047579145,2
1983.48152541039,2
1983.49462536098,2
1983.5034253278,2
1983.63987481325,2
1983.75047439617,2
1983.9217737502,5
1985.55606758724,2
1987.09801177253,2
1987.13876161886,2
1987.9167086852,3
1988.92885486837,3
1989.2377037037,7
1989.64805215626,2
1989.73695182102,3
1989.77510167715,7
1989.9159011462,2
1990.11480039614,2
1990.13845030696,3
1990.175300168,2
1990.19250010313,2
1990.19720008541,2
1990.23299995041,2
1990.28504975413,2
1990.29299972415,2
1990.30514967833,2
1990.30889966419,2
1990.31339964722,2
1990.3285995899,2
1990.33609956162,2
1990.35099950543,2
1990.36059946923,2
1990.37564941247,2
1990.38199938853,2
1990.38914936157,2
1990.41164927672,5
1990.44729914228,3
1990.47334904405,2
1990.47764902783,2
1990.50169893714,2
1990.52719884098,2
1990.54599877008,2
1990.55054875292,2
1990.55724872766,2
1990.56724868995,2
1990.68409824931,2
1990.68949822894,2
1990.71474813372,2
1990.71829812034,2
1990.72739808602,2
1990.74164803228,2
1990.75489798232,2
1991.8465438657,3
1991.91209361851,4
1991.92214358061,4
1992.19584254848,4
1992.91978981846,7
1993.04183935821,2
1993.1592889153,3
1993.16913887816,2
1993.39703801874,2
1993.63743711219,3
1994.21863492048,2
1994.35228441649,2
1995.06798171757,4
1996.7624753276,3
1996.76632531308,4
1996.77832526783,2
1996.88787485471,3
1997.03372430471,2
1997.04237427209,4
1997.34172314324,2
1997.71042175287,3
1998.08517033968,7
1998.10527026388,7
1998.11342023315,3
1998.13987013341,3
1998.14712010607,3
1998.156420071,3
1998.17492000123,3
1998.18186997503,7
1998.18946994637,3
1998.26286966957,3
1998.27601961998,7
1998.30031952835,3
1998.31046949007,7
1998.33086941314,7
1998.346819353,3
1998.400119152,3
1998.40416913673,3
1998.42766904811,7
1998.43281902869,3
1998.45391894912,3
1998.48251884127,3
1998.50661875039,3
1998.58296846247,7
1998.61531834048,7
1998.63106828109,7
1998.64626822377,3
1998.67356812082,3
1998.68011809612,3
1998.70826798997,3
1998.74471785251,7
1998.76196778746,7
1998.79221767339,7
1998.80201763643,3
1998.80931760891,3
1998.88556732137,3
1998.90661724199,3
1998.91921719447,3
1998.94406710076,3
1998.96441702402,7
1999.00441687318,3
1999.0215168087,3
1999.03391676194,7
1999.04191673177,3
1999.05231669255,3
1999.08021658734,7
1999.08776655887,3
1999.09391653568,3
1999.1612662817,3
1999.18846617913,3
1999.21426608183,2
1999.22576603847,3
1999.24736595701,3
1999.26906587518,7
1999.29801576601,3
1999.45581517095,3
1999.49661501709,3
1999.58381468826,3
1999.62861451932,3
1999.66851436885,3
1999.68286431474,3
1999.70606422725,3
1999.77121398157,7
1999.78666392331,7
1999.79741388277,2
1999.84056372005,2
1999.85306367291,3
1999.91746343006,3
1999.97286322115,3
2000.01901304711,2
2000.03241299658,4
2000.03561298451,3
2000.07926281991,3
2000.15321254104,2
2000.15811252257,2
2000.19131239737,7
2000.20121236004,2
2000.21306231535,2
2000.21826229574,7
2000.30161198143,2
2000.31556192882,3
2000.34591181437,2
2000.36426174517,2
2000.3687617282,2
2000.41336156002,2
2000.44031145839,2
2000.44451144255,2
2000.45061141955,2
2000.458711389,2
2000.46716135714,2
2000.50551121252,2
2000.68106055052,2
2000.69396050187,2
2000.70266046906,2
2000.71221043305,2
2000.90730969733,3
2000.98280941261,2
2000.98920938848,2
2001.01440929345,7
2001.08520902646,3
2001.34770803657,4
2001.36305797869,4
2001.42355775054,2
2001.42900772999,2
2001.53425733309,2
2001.53895731537,2
2001.63040697051,4
2001.84210617218,3
2002.07570529128,7
2002.08930523999,7
2002.13470506879,2
2002.17090493228,3
2002.25630461023,4
2002.68465299492,4
2002.68940297701,4
2002.69325296249,2
2002.69780294533,4
2002.70190292987,4
2002.8247524666,7
2003.0771515148,3
2003.09095146276,4
2003.09610144334,4
2003.12490133473,4
2003.12700132681,7
2003.13775128628,3
2003.20410103607,3
2003.24085089748,4
2003.34960048739,3
2003.38060037049,3
2003.45895007503,4
2003.46665004599,4
2003.47160002732,3
2003.49689993192,4
2003.49979992098,4
2003.52424982878,4
2003.54294975826,4
2003.55959969547,4
2003.5623496851,4
2003.56854966172,4
2003.5740996408,4
2003.58089961515,4
2003.58644959422,4
2003.59139957556,4
2003.60364952936,4
2003.6430993806,4
2003.65844932271,2
2003.76694891356,4
2003.99044807073,2
2004.0452978639,7
2004.08904769891,3
2004.13574752281,7
2004.14709748001,2
2004.15009746869,3
2004.16019743061,7
2004.16179742457,2
2004.17184738667,7
2004.19014731766,3
2004.19829728693,3
2004.20439726393,3
2004.21409722735,7
2004.22099720133,3
2004.22639718097,3
2004.24059712742,3
2004.27979697959,7
2004.29284693038,2
2004.29974690436,2
2004.30524688362,7
2004.35699668847,3
2004.41789645882,3
2004.44089637208,2
2004.47194625499,3
2004.51454609435,3
2004.52714604683,2
2004.53244602685,2
2004.56329591051,3
2004.91734457539,7
2005.03494413191,3
2005.36189289898,3
2005.37909283412,3
2005.42269266971,2
2005.44879257128,2
2005.46544250849,2
2005.52644227846,2
2005.58909204221,2
2005.60849196905,2
2005.6816416932,2
2005.68594167699,2
2005.69964162532,2
2005.70544160345,2
2005.72679152294,2
2005.72999151087,2
2005.80319123484,2
2005.81454119203,2
2005.81729118166,7
2005.82104116752,2
2006.02589039503,2
2006.45188878858,2
2006.67588794388,4
2006.69763786186,2
2006.76258761693,2
2006.77233758016,1
2006.84173731845,2
2006.84628730129,2
2006.85043728565,2
2006.86438723304,2
2006.86758722097,2
2006.88593715177,2
2006.88973713744,2
2006.89708710973,2
2006.97238682577,2
2006.97573681314,2
2006.98398678203,2
2006.99238675035,2
2006.99813672867,2
2007.01493666531,2
2007.01898665004,2
2007.02783661667,2
2007.08503640097,5
2007.36608534112,5
2007.41363516181,2
2007.41893514183,2
2007.42468512014,2
2007.43268508997,2
2008.24108204149,2
2008.47088117491,3
2008.87727964237,3
2009.31502799161,2
2009.81797609498,7
2009.9390256385,7
2010.22212457093,2
2010.91537195668,3
2010.92702191274,2
2011.31977043168,5
2011.34922032062,4
2011.4364699916,2
2011.51421969841,5
2011.62256928982,2
2011.63106925776,2
2011.67326909863,2
2011.71611893704,2
2011.73346887161,2
2011.73761885596,2
2012.37051646929,5
2013.14401355241,3
2013.40066258459,7
2013.76141122419,2
2013.76321121741,3
2013.90276069116,4
2014.04851014154,4
2014.35950896875,2
2014.66825780445,2
2015.3466552462,2
2015.42765494075,5
2016.01465272716,1
2016.19985202877,3
2016.32650155117,2
2016.43295114975,3
2016.4759509876,7
2016.51830082789,3
2016.55785067875,3
2016.67260024603,3
2016.78979980407,3
2016.80004976541,3
2016.81714970093,3
2016.98754905835,7
2017.26519801133,3
2017.39744751261,2
2017.43654736516,3
2017.46734724902,3
2017.51979705123,2
2017.67634646088,2
2017.85849577399,2
2017.92119553754,2
2017.93254549474,2
2017.97294534239,2
2017.97929531845,2
2018.02709513819,2
2018.04754506108,2
2018.05819502092,2
2018.06124500941,2
2018.06874498113,2
2018.07309496473,2
2018.08444492193,2
2018.08864490609,2
2018.09664487592,2
2018.17009459894,2
2018.19169451749,2
2018.19494450523,2
2018.19864449128,2
2018.21109444433,2
2018.21574442679,2
2018.23929433799,2
2018.2419943278,2
2018.25494427897,2
2018.26529423994,2
2018.35869388773,2
2018.36539386246,2
2018.37719381796,2
2018.38714378044,2
2018.44494356248,7
2019.17834079682,2
2019.32679023701,2
2019.34914015273,4
2019.35394013463,2
2019.46488971624,2
2019.48108965515,2
2019.49613959839,2
2019.58188927503,2
2019.586139259,2
2019.73798868637,4
2019.95788785713,2
2020.94293414249,5
2021.08243361644,3
2021.78133098088,2
2021.85188071483,4
2021.87508062735,2
2021.89388055645,2
2021.9796802329,2
2021.98408021631,2
2021.98788020198,2
2022.09922978207,2
2022.14752959993,2
2022.15127958579,2
2022.16272954262,2
2022.25472919568,2
2022.27122913346,2
2022.27457912083,2
2022.28312908859,2
2022.29242905352,2
2022.37472874316,2
2022.379278726,2
2022.40072864512,2
2022.40387863324,2
2022.4128785993,2
2022.42797854236,2
2022.4329785235,2
2022.4465284724,2
2022.45272844902,2
2022.55117807777,2
2022.59362791769,2
2022.67552760884,4
2022.70142751117,2
2022.93162664309,7
2022.96872650318,2
2023.14147585174,2
2023.28582530739,2
2023.30587523179,2
2023.31567519483,2
2023.34432508679,2
2023.44342471308,2
2023.77412346601,2
2023.80092336495,2
2023.80612334534,2
2023.82752326464,2
2023.89817299822,2
2023.91552293279,2
2024.03397248611,3
2025.3405175591,2
2025.41681727137,4
2026.28996397871,2
2026.37786364724,3
2026.43801342042,2
2026.76431218993,4
2027.6816587306,3
2027.82790817909,7
2027.84810810291,4
2027.90860787477,3
2027.91110786534,2
2027.95100771488,3
2028.14255699254,4
2028.15655693975,4
2028.23260665296,2
2028.686054943,3
2028.76155465828,4
2028.79385453648,4
2028.97145386675,4
2028.97375385808,3
2029.22925289458,3
2029.85455053657,3
2029.92660026487,2
2029.94020021358,4
2029.98680003785,2
2030.00529996809,2
2030.09154964284,2
2030.13294948672,7
2030.15719939527,4
2030.27854893766,3
2030.30134885168,3
2030.30944882114,3
2030.35014866766,3
2030.83754682967,4
2030.84159681439,4
2031.29209511555,7
2031.96179259011,5
2031.97634253524,4
2032.13474193791,7
2032.37784102118,3
2032.73423967719,2
2032.77623951881,3
2033.14423813108,7
2034.21273410175,5
2034.21298410081,3
2034.40013339507,5
2034.55608280698,4
2034.59523265934,5
2035.55132905388,2
2035.55692903276,2
2035.5763289596,5
2035.63922872241,2
2035.65562866056,2
2035.74972830571,5
2035.91412768576,2
2036.25127641436,7
2036.26132637646,7
2036.55472527005,3
2036.77322444608,2
2036.93457383763,2
2036.99567360722,3
2037.42117200265,5
2037.61932125543,4
2037.68482100843,7
2037.74712077349,4
2038.02901971045,4
2038.09516946099,4
2038.1000194427,4
2038.12956933127,4
2038.39711832234,3
2038.43606817546,4
2038.59866756229,2
2038.728417073,2
2038.7816668722,2
2038.85031661332,2
2038.94751624677,2
2039.09876567641,3
2039.23151517581,2
2039.23591515921,2
2039.29466493767,2
2039.29901492126,2
2039.90326264263,2
2039.97286238017,2
2040.06446203474,2
2040.10991186335,2
2040.18856156676,2
2040.19511154206,2
2040.26531127734,2
2040.26836126583,2
2040.27111125546,2
2040.35231094926,2
2040.36191091306,2
2040.36706089364,2
2040.38716081784,2
2040.39011080671,2
2040.41021073092,2
2040.41351071847,2
2040.57246011907,2
2040.58421007476,2
2040.59271004271,2
2040.59656002819,2
2040.63410988659,2
2040.63795987207,2
2040.65185981965,2
2040.66245977968,2
2040.67135974612,2
2040.67665972613,2
2040.68850968144,2
2040.71290958943,2
2040.7162595768,2
2040.72430954644,2
2040.73135951986,2
2040.7350595059,2
2040.7437594731,2
2040.7507594467,2
2040.75990941219,2
2040.76765938297,2
2040.77405935883,2
2040.78015933583,2
2040.78490931792,2
2040.79480928059,2
2040.80745923288,2
2040.81115921893,2
2040.81525920347,2
2040.82375917142,2
2040.82990914822,2
2040.83890911428,2
2040.84775908091,2
2040.85610904942,2
2040.86540901435,2
2040.87010899663,7
2040.87665897193,2
2040.88640893516,2
2040.89240891254,2
2040.90190887671,2
2040.90800885371,2
2040.9149588275,2
2040.93145876528,2
2040.93655874605,2
2040.94370871908,2
2040.95305868382,2
2040.96090865422,2
2040.96695863141,2
2040.97540859954,2
2040.98365856843,2
2041.02130842645,2
2041.06245827128,2
2041.06515826109,2
2041.06920824582,2
2041.07720821565,2
2041.08515818567,2
2041.09245815814,2
2041.14070797619,2
2041.14530795885,2
2041.20130774767,2
2041.20675772712,2
2041.22045767546,7
2041.22845764529,2
2041.27660746371,2
2041.2822074426,4
2041.28325743864,2
2041.33020726159,2
2041.33865722972,2
2041.34910719031,2
2041.35900715298,2
2041.45315679794,2
2041.46110676796,2
2041.61425619043,2
2041.69030590365,3
2041.72455577449,2
2041.74670569096,2
2041.75355566513,3
2041.75935564326,2
2041.8032054779,7
2041.84880530594,2
2041.85270529123,2
2044.06829693618,7
2044.1447966477,3
2045.03759328094,4
2045.04944323626,3
2047.07413560109,4
2047.29478476902,2
2047.50723396787,5
2047.54938380892,2
2047.69278326816,2
2048.09713174335,2
2048.1130816832,2
2048.15668151879,2
2048.61707978261,2
2050.32872332796,4
2050.95707095845,2
2050.96982091037,4
2050.97497089095,4
2050.98642084777,4
2050.98987083476,4
2051.01082075576,2
2051.13477028834,4
2051.14807023819,4
2051.29461968554,3
2051.41236924151,7
2051.43841914327,4
2051.45626907596,4
2051.73146803818,4
2051.83296765542,4
2051.83721763939,4
2051.84716760187,4
2051.98456708373,7
2051.98601707827,2
2052.12876653995,4
2052.15756643135,4
2052.40521549746,2
2052.74326422267,2
2053.14291271558,2
2053.77931031571,2
2053.90865982793,2
2053.97365958282,3
2054.36490810741,3
2055.07010544809,4
2057.13859764776,4
2057.2623471811,4
2057.38479671934,4
2057.39094669614,4
2057.52774618027,7
2058.18784369103,4
2058.79959138411,2
2058.91404095252,2
2058.96879074606,2
2058.97614071834,2
2059.02604053017,2
2059.10294024018,2
2059.12744014779,2
2059.38223918693,2
2059.39398914262,2
2059.47168884962,2
2060.92748335978,5
2061.47828128271,2
2061.52938109001,7
2061.53733106003,5
2061.57938090146,2
2061.63498069179,2
2061.87707977883,2
2061.94877950845,2
2061.97052942643,2
2062.14777875801,2
2062.45712759145,2
2062.4630275692,2
2062.53482729844,2
2062.6398769023,2
2062.97847562544,2
2063.0193754712,2
2063.10372515312,2
2063.12862505922,2
2063.30027441192,2
2063.31337436252,2
2063.31952433933,2
2063.37072414626,2
2063.37357413551,2
2063.41542397769,2
2063.44927385004,2
2063.81402247457,2
2064.38357032679,3
2065.0404178498,3
2065.12891751607,3
2065.20476723004,3
2065.29746688046,3
2065.34736669229,7
2065.39441651486,7
2065.44676631745,7
2065.46781623807,3
2065.53591598127,7
2065.65026555005,3
2065.76286512543,3
2065.86676473363,5
2066.94871065358,2
2067.0378603174,2
2067.04576028761,2
2067.49755858386,3
2067.52450848223,3
2068.0230566022,7
2068.52855469595,3
2069.7982499079,2
2069.91349947329,3
2069.98539920216,7
2070.67494660186,5
2070.6869465566,3
2071.50804346023,5
2071.73994258573,4
2071.76299249881,7
2071.96289174498,3
2071.97054171613,3
2071.98109167635,3
2071.99434162638,3
2072.00334159245,3
2072.1350410958,3
2072.8001385877,4
2072.82638848872,4
2073.22703697786,7
2074.33783278902,3
2074.72128134303,5
2075.00338027923,5
2075.35112896786,3
2075.37362888301,3
2075.42112870389,2
2075.51367835488,4
2076.40687498661,2
2076.4727747381,2
2076.76767362603,2
2077.23457186535,7
2077.32077154029,2
2077.34472144997,3
2077.40767121259,2
2077.43022112755,2
2077.49372088809,3
2077.50542084397,2
2077.51087082342,2
2077.51852079457,2
2077.99151901088,5
2078.09791860965,4
2078.11266855402,4
2078.1208685231,4
2078.24906803966,4
2078.26011799799,4
2078.34136769159,4
2078.34761766802,4
2078.36071761862,4
2078.36361760769,4
2078.36731759374,4
2078.38466752831,4
2078.38971750927,4
2078.39261749833,4
2078.48006716855,4
2078.48256715913,4
2078.48566714744,4
2078.48931713367,4
2078.49456711387,4
2078.50631706957,3
2078.51251704619,4
2078.52651699339,4
2078.53066697774,4
2078.53796695021,7
2078.54036694116,4
2078.60026671528,4
2078.61031667738,4
2078.61286666776,4
2078.61626665494,4
2078.62061663854,4
2078.62881660762,4
2078.63556658216,4
2078.65046652597,4
2078.65316651579,4
2078.78371602349,4
2078.79061599747,4
2078.80291595108,4
2078.80626593845,4
2078.89026562169,4
2078.89901558869,2
2078.94556541315,1
2078.95281538581,4
2079.19651446681,3
2079.2942640982,4
2079.29751408594,4
2079.30446405973,4
2079.31836400732,4
2079.32126399638,4
2079.34961388947,4
2079.35261387816,4
2079.39741370922,4
2079.40016369885,4
2079.40276368904,4
2079.43326357403,4
2079.43551356554,4
2079.4388135531,4
2079.45691348484,4
2079.45961347466,4
2079.46406345788,4
2079.48156339189,4
2079.90446179713,4
2080.2266105823,4
2080.35906008283,4
2080.4829596156,4
2080.81475836438,2
2081.3485063516,3
2081.91765420533,3
2081.92345418346,7
2081.99735390478,6
2082.02005381918,3
2082.91020046241,2
2083.29604900737,2
2083.50109823412,2
2083.72879737546,2
2083.96884647023,4
2084.11414592231,4
2084.1149959191,2
2084.18144566852,2
2084.30034522014,7
2084.80509331673,7
2085.64489014983,3
2085.93618905134,1
2086.08913847456,4
2086.21898798489,4
2086.3067876538,4
2086.31598761911,4
2086.34013752804,3
2086.45938707834,4
2086.70278616048,2
2087.08943470242,3
2087.13963451311,4
2088.00718124157,4
2088.02578117143,4
2088.75022843952,4
2088.79172828303,4
2088.91482781882,6
2088.96107764441,5
2089.24242658343,4
2089.51587555225,4
2089.83472434986,7
2090.60237145505,7
2091.11296952957,5
2091.50451805303,3
2092.66396368073,4
2092.74381337962,3
2092.75216334813,3
2092.75486333795,4
2092.76661329364,4
2092.77276327045,2
2092.79206319767,4
2092.88006286582,4
2092.89376281415,4
2092.90031278945,4
2092.90281278003,2
2092.90746276249,4
2093.08666208673,4
2093.09546205354,4
2093.24961147224,4
2093.35141108835,2
2093.35621107025,4
2093.50911049366,2
2093.69155980564,4
2093.74065962049,2
2093.75945954959,2
2093.7883094408,5
2093.7892094374,2
2093.81150935331,5
2093.84930921077,5
2093.8534091953,2
2093.86680914477,2
2093.92290893322,7
2093.97035875428,3
2093.98740868999,3
2094.05685842809,7
2094.0931582912,3
2094.17470798368,3
2094.1957579043,3
2094.23110777099,7
2094.23490775666,3
2094.25445768294,3
2094.26440764542,3
2094.27810759376,7
2094.36745725682,3
2094.39365715802,3
2094.46645688349,7
2094.50475673906,3
2094.52040668004,7
2094.58060645303,3
2094.59880638439,7
2094.80465560813,4
2094.82560552913,4
2094.8565054126,3
2094.91400519577,4
2094.93195512808,4
2094.99925487429,3
2095.04785469102,3
2095.11815442592,3
2096.0002010997,5
2096.87199781213,5
2097.32934608746,7
2097.36909593756,5
2097.42899571168,3
2097.48084551615,3
2097.48924548448,3
2097.49704545506,4
2097.57179517318,3
2097.59039510304,3
2097.60714503987,3
2097.61984499198,3
2097.63144494824,7
2097.68664474008,3
2097.69804469709,3
2097.71699462563,3
2097.74409452343,3
2097.773644412,3
2097.81109427078,3
2097.87614402547,3
2097.94254377508,3
2097.95759371832,3
2098.22479271071,7
2098.5701914082,3
2098.60584127377,3
2099.31628859465,2
2100.01963594231,4
2100.81633293795,2
2100.86318276128,2
2100.86758274468,4
2100.90618259912,2
2100.92723251974,2
2100.93278249881,2
2100.97443234175,3
2101.02913213548,2
2101.13658173028,2
2101.25088129926,3
2101.28348117632,4
2101.31973103962,2
2101.39333076208,7
2101.53608022376,3
2101.56523011384,3
2101.59662999543,4
2101.59922998562,2
2101.62172990078,2
2101.72277951972,3
2101.75602939433,3
2101.83597909284,2
2101.86617897895,2
2101.90167884508,2
2101.91662878871,2
2101.92092877249,2
2101.95337865012,2
2101.9598286258,2
2101.96947858941,2
2102.04612830036,2
2102.05347827264,2
2102.07602818761,3
2102.17437781673,2
2102.17492781465,3
2102.17937779787,2
2102.1864777711,2
2102.19287774696,2
2102.21032768116,2
2102.21412766683,2
2102.27157745019,4
2102.30252733347,2
2102.30647731858,2
2102.32092726409,2
2102.33962719357,2
2102.35627713078,2
2102.36192710947,2
2102.44742678705,2
2102.45302676594,2
2102.47052669994,2
2102.4738266875,2
2102.48427664809,2
2102.49372661246,2
2102.50082658568,2
2102.56362634886,3
2102.57567630342,3
2102.9943747245,4
2103.17252405269,4
2103.28337363468,2
2103.28702362091,4
2103.29867357698,2
2103.30367355813,2
2103.31782350477,4
2103.3559733609,2
2103.47732290329,2
2103.48292288217,2
2103.58147251054,2
2103.58832248471,3
2103.58912248169,2
2103.6179723729,2
2103.73957191434,2
2103.74032191151,3
2103.74342189982,2
2103.767771808,2
2103.77097179593,2
2103.77722177236,2
2103.86567143882,2
2103.86882142694,2
2103.87822139149,2
2103.88502136585,2
2103.99272095971,2
2103.99872093708,2
2104.02677083131,2
2104.03032081792,2
2104.04167077512,2
2104.04602075872,2
2104.07057066614,2
2104.35981957537,2
2104.50026904573,4
2104.97021727355,2
2105.32606593163,2
2105.35571581982,7
2105.37581574403,3
2105.40361563919,3
2105.63891475187,7
2105.6958145373,4
2106.53301138021,4
2106.54706132723,4
2106.57471122296,4
2106.59696113906,4
2106.63701098803,3
2106.67126085887,4
2106.71756068427,4
2106.87036010806,4
2106.90035999493,4
2106.91755993007,3
2107.04515944889,4
2107.07165934896,5
2107.30885845448,4
2107.32505839339,4
2107.38245817693,4
2107.38520816656,4
2107.57995743215,4
2107.58745740387,4
2107.65915713349,4
2107.67820706165,4
2107.74065682615,5
2107.75840675922,4
2107.94225606592,2
2108.01170580402,2
2108.02800574255,3
2108.13590533566,4
2108.18140516408,7
2108.58090365756,7
2108.91140241124,5
2109.03230195533,5
2109.11730163479,3
2109.36925068469,2
2109.55704997649,3
2110.06619805648,5
2110.09174796013,4
2110.44974661011,5
2110.54744624168,5
2110.7326955431,5
2111.58979231097,7
2111.63424214335,3
2111.68219196253,4
2111.68749194254,4
2111.80979148135,4
2111.94784096076,4
2112.4668390036,2
2112.59168853279,2
2112.62368841212,2
2112.62713839911,2
2112.6576382841,2
2112.66238826618,2
2112.71458806934,2
2112.71928805161,2
2112.72733802126,2
2112.75568791435,2
2112.76438788154,2
2112.76928786306,2
2112.77843782856,2
2112.78403780744,2
2112.81043770788,2
2112.81418769374,2
2112.83208762624,2
2112.83593761172,2
2112.84583757439,2
2112.85288754781,2
2112.90338735737,2
2112.90798734002,2
2112.91248732305,2
2112.92853726253,2
2112.94758719069,2
2112.950687179,2
2113.03393686506,2
2113.05788677475,2
2113.06133676174,2
2113.0707867261,2
2113.07858669669,2
2113.14013646458,2
2113.14873643215,2
2113.16278637917,2
2113.16958635353,2
2113.18118630978,2
2113.19378626227,2
2113.20388622418,2
2113.3607356327,5
2113.97198332767,7
2114.548131155,2
2114.5804310332,2
2114.62578086218,5
2114.69018061933,2
2114.70493056371,2
2114.72568048546,2
2114.73133046415,2
2114.83713006518,3
2114.84783002483,2
2114.92382973823,3
2114.97927952913,2
2115.009279416,7
2115.09427909546,2
2115.10002907378,2
2115.10042907227,3
2115.11082903305,2
2115.17247880057,7
2115.17337879718,3
2115.24042854433,2
2115.39172797378,3
2115.42247785782,3
2115.48342762797,2
2115.55642735269,2
2115.62957707684,5
2115.669576926,3
2115.71392675876,2
2115.73457668089,3
2116.21157488211,2
2116.46102394143,7
2116.50557377344,7
2116.85462245717,3
2117.04482173992,2
2117.77791897539,3
2117.7840689522,3
2117.80061888979,7
2118.04691796099,3
2118.05231794063,3
2118.07046787218,3
2118.07871784107,3
2118.09571777696,7
2118.11871769023,3
2118.13301763631,3
2118.14001760991,3
2118.14701758351,3
2118.15136756711,7
2118.15586755014,3
2118.21081734292,3
2118.22876727523,3
2118.24126722809,3
2118.26826712628,3
2118.28476706405,2
2118.28771705293,3
2118.31461695149,3
2118.34461683836,2
2118.35171681159,3
2118.3613667752,2
2118.38291669393,2
2118.47371635152,2
2118.47741633757,2
2118.4854163074,2
2118.4945662729,2
2118.61011583716,2
2118.72356540934,2
2118.75736528188,2
2118.76256526227,2
2118.78911516215,2
2118.82826501451,2
2118.83156500207,2
2119.01441431254,3
2119.03296424258,2
2119.67966180387,4
2119.70321171507,3
2119.72291164078,3
2119.78696139924,5
2119.91546091467,5
2119.95581076251,5
2120.07181032507,4
2120.15631000642,5
2120.18205990932,5
2120.27490955918,4
2120.31840939514,4
2121.64590438912,7
2121.97955313093,5
2121.99635306757,4
2122.11315262712,3
2122.25860207863,7
2122.27845200377,3
2122.57940086889,3
2122.87649974852,7
2123.23269840528,7
2123.36784789563,5
2123.40509775516,4
2123.63499688821,3
2123.85859604501,5
2123.98574556552,7
2124.13354500817,2
2124.15644492181,3
2124.21079471686,2
2124.23484462617,3
2124.38534405863,2
2124.41109396153,7
2124.58704329802,4
2124.59499326804,5
2124.61294320035,4
2124.81109245312,4
2124.82129241466,4
2124.82309240787,3
2124.97029185278,4
2124.97614183072,4
2124.98504179715,4
2125.13174124395,3
2125.16919110272,3
2125.41879016148,3
2125.465589985,4
2125.47428995219,4
2125.5463896803,3
2125.58173954699,4
2125.59658949099,3
2125.61598941784,4
2125.6188894069,4
2125.64163932111,4
2125.76803884445,4
2125.82553862762,4
2125.83453859368,4
2125.83803858048,4
2125.84343856012,4
2125.857788506,4
2125.8603884962,4
2125.87183845302,4
2125.8804884204,4
2125.88863838967,4
2126.0084379379,4
2126.22318712808,2
2126.24283705398,4
2126.4315863422,3
2127.42418259909,2
2127.49878231778,2
2127.53283218937,2
2127.53783217052,2
2127.54273215204,2
2127.56203207926,2
2127.65298173629,2
2127.94628063025,2
2128.04068027427,2
2128.11797998277,2
2128.15292985097,2
2128.29852930191,2
2128.42457882658,2
2128.46262868309,2
2128.48322860541,2
2128.48682859183,2
2128.49132857486,2
2128.55987831636,2
2128.56937828053,2
2128.57572825659,2
2128.59157819682,2
2128.59472818494,2
2128.60212815703,2
2128.74972760043,2
2128.90597701121,4
2129.46607489907,3
2129.86002341348,5
2130.03407275713,5
2130.33167163488,5
2130.57327072381,5
2130.7125701985,3
2130.90616946844,5
2131.0645188713,4
2131.09966873875,7
2131.2396682108,3
2131.3090679491,5
2131.3772176921,3
2131.39576762215,5
2131.6152167946,5
2131.64731667355,5
2131.70521645521,5
2131.88951576021,4
2132.02561524698,3
2132.09976496736,3
2132.39666384775,5
2133.36341010703,2
2133.37996055499,2
2133.39191087845,2
2133.5495151443,2
2134.34188659128,2
2134.71574671049,2
2135.2792119617,7
2135.6033207343,2
2135.65952225549,2
2135.70472347895,3
2136.71615085508,2
2137.1805134239,2
2137.18821363232,7
2137.21226428329,2
2137.26046558795,4
2137.60142481663,2
2137.65492626475,2
2137.66107643121,2
2137.79087994458,2
2137.87833231164,2
2137.97858502516,7
2138.07278757492,2
2139.15106676052,3
2139.80073434496,7
2139.86113597984,4
2139.98243926313,4
2139.99638964073,4
2140.67065789103,7
2141.08136900767,3
2141.39902760568,3
2141.42087819711,4
2141.55013169559,4
2141.67043495182,5
2141.68588537001,5
2141.69768568941,4
2142.70781303035,3
2143.19612624744,2
2143.29052880262,2
2143.44818306982,2
2143.46548353809,2
2144.08405028072,3
2144.35770768776,4
2144.47536087226,7
2144.50446165993,7
2144.51801202669,7
2144.78811933764,3
2144.81327001839,7
2144.8527210862,3
2144.92202296198,7
2144.93827340183,3
2144.97892450213,3
2145.19783042722,3
2145.20358058286,7
2145.53218947726,3
2145.62824207709,7
2145.63459224897,3
2146.13200571238,3
2146.1649066029,7
2146.68337063607,3
2146.69747101773,3
2146.72172167412,3
2146.73137193532,3
2146.74642234268,7
2146.76237277441,7
2146.79707371366,7
2146.80587395185,3
2146.81412417516,3
2146.82187438493,3
2146.84007487756,7
2146.85387525109,7
2146.86322550417,3
2146.88847618763,3
2146.91457689409,3
2146.93177735966,3
2146.9412776168,3
2146.96782833544,3
2146.98532880912,3
2147.00922945604,3
2147.01787969017,3
2147.07163114505,3
2147.1070821046,3
2147.11368228324,3
2147.14908324144,7
2147.17938406158,7
2147.19163439316,3
2147.27638668714,3
2147.28888702548,3
2147.36033895946,3
2147.3743393384,7
2147.45294146591,3
2147.46729185433,7
2147.48504233478,3
2147.49764267583,7
2147.55114412395,7
2147.93140441639,2
2148.09485884058,3
2148.09585886765,2
2148.10340907201,2
2148.12520966208,2
2148.35346584025,4
2148.35921599589,4
2148.46081874595,5
2148.4793192467,3
2148.52402045662,3
2148.81302827915,2
2148.84712920215,3
2148.92968143658,2
2148.94198176951,2
2149.03478428138,2
2149.11158636017,5
2149.12968685009,2
2149.2002387597,2
2149.4295449663,7
2149.45364561862,2
2149.48119636434,3
2149.58319912523,2
2149.60794979515,3
2149.85200640099,2
2149.96140936218,2
2149.97400970323,7
2150.08366267119,7
2150.08996284171,2
2150.11501351975,2
2150.15091449148,2
2150.15726466336,7
2150.23771684094,3
2150.34186966003,4
2150.4776733358,7
2150.92798552432,3
2151.19804283392,4
2151.23789391256,2
2151.24069398835,7
2151.36304730007,7
2151.46980018953,6
2151.86321083791,3
2151.867610957,2
2151.90951209113,7
2151.92071239429,3
2151.93726284226,3
2151.9438630209,3
2151.97461385323,3
2151.98281407519,7
2152.00781475187,3
2152.02021508751,2
2152.0615162054,3
2152.06751636781,3
2152.08201676029,3
2152.09816719743,5
2152.15076862118,2
2152.23142080418,4
2152.27317193425,3
2152.27737204793,2
2152.27967211019,3
2152.31357302778,3
2152.31782314282,4
2152.3619243365,4
2152.42767611619,2
2152.55252949557,3
2152.60303086248,3
2152.69703340684,2
2152.78493578607,2
2152.82853696622,2
2153.01614204409,5
2153.79731318792,7
2154.12102194968,2
2155.04489695605,3
2155.6037120814,3
2156.19592811081,2
2156.30538107335,2
2156.66109070128,5
2156.73259263661,3
2157.14065368153,2
2157.23295617987,2
2157.25360673881,3
2157.39256049985,2
2157.40971096406,2
2157.55311484554,2
2157.56716522584,2
2157.59556599456,3
2157.60501625035,7
2158.01527735482,2
2158.10797986398,3
2158.14618089796,3
2158.1623313351,3
2158.17073156247,3
2158.17598170457,2
2158.32308568621,2
2158.75309732526,3
2158.91815179276,3
2159.0482053129,3
2159.06910587861,3
2159.07850613304,3
2159.13515766642,5
2159.16765854612,7
2159.31121243167,3
2159.32961292971,3
2159.34811343046,2
2159.4449160506,3
2159.53541850021,4
2159.54621879254,4
2159.6537217023,4
2159.76817480019,4
2159.86012728905,3
2159.87807777491,4
2159.88137786423,4
2159.9023284313,4
2159.90997863837,3
2159.91112866949,4
2159.9911308349,3
2160.20963674916,4
2160.22083705232,3
2160.23588745968,4
2160.23993756931,4
2160.24243763698,4
2160.29488905667,4
2160.35614071456,4
2160.3618908702,5
2160.45039326567,4
2160.45399336312,4
2160.46209358237,4
2160.49269441063,4
2160.49689452432,4
2160.50994487755,4
2160.51269495198,4
2160.68119951287,4
2161.60492451517,5
2161.70437720704,3
2161.71082738162,2
2161.77522912478,2
2161.79762973109,2
2161.80322988267,2
2161.80702998552,2
2161.81683025079,2
2161.87163173409,4
2161.89238229574,2
2161.8991824798,2
2161.9036826016,2
2161.91213283032,2
2161.91958303198,2
2161.99658511618,5
2162.01808569813,2
2162.02408586054,2
2162.03288609873,2
2162.03668620159,2
2162.13578888398,3
2162.14133903421,2
2162.14378910052,2
2162.14693918579,2
2162.15413938067,2
2162.17633998157,2
2162.18044009255,2
2162.4379970638,7
2162.88995929698,3
2162.94656082901,2
2163.56867766773,2
2164.54230402071,7
2164.67305755979,2
2164.75560979422,2
2164.84216213692,2
2165.02391705645,2
2165.1675709447,2
2165.29977452303,2
2165.43942830302,3
2165.51433033038,2
2165.52883072286,2
2165.53673093669,2
2165.62158323337,2
2165.71488575877,2
2165.72983616343,2
2165.73288624599,2
2165.73753637185,2
2165.74633661005,2
2165.76503711621,2
2165.9736427625,4
2166.06294517964,5
2166.25235030623,4
2166.80636530166,6
2167.39398120656,2
2167.98449718995,2
2168.12855108903,2
2168.22740376466,2
2168.23520397579,2
2168.52636185651,2
2168.61451424251,5
2168.69486641739,2
2168.70211661363,3
2168.82992007286,2
2169.15892897809,2
2169.68789329548,4
2170.96962798797,4
2170.97682818285,3
2171.32903771605,4
2171.34083803544,7
2171.77479978141,4
2172.47906884374,3
2172.56722122974,4
2172.72397547258,4
2172.81847803047,4
2172.85652906039,2
2172.89913021347,4
2172.91798072369,4
2172.92613094429,4
2173.0062331124,4
2173.0142833303,4
2173.01768342232,4
2173.02173353195,4
2173.02663366458,4
2173.03573391089,4
2173.04148406653,4
2173.07833506397,4
2173.08233517224,4
2173.09093540502,4
2173.09593554036,4
2173.15883724291,4
2173.16138731193,4
2173.16413738637,4
2173.16703746486,4
2173.17108757449,4
2173.17823776802,5
2173.18393792231,4
2173.18843804411,4
2173.21188867884,4
2173.21723882366,4
2173.22043891027,4
2173.23083919177,3
2173.27549040034,4
2173.27799046801,5
2173.28114055327,4
2173.28434063989,4
2173.28869075763,4
2173.29564094575,4
2173.31644150876,4
2173.31934158725,4
2173.32274167928,4
2173.3318419256,4
2173.33799209206,4
2173.41939429536,3
2173.42454443476,4
2173.42709450378,4
2173.44389495852,5
2173.45569527792,4
2173.45999539431,4
2173.91915782237,4
2174.80213172168,4
2174.85478314678,4
2174.88583398723,3
2174.96523613639,4
2175.20399259877,5
2175.22319311847,4
2175.43184876612,5
2175.76070766728,4
2176.0333150459,7
2176.49402751592,4
2176.50007767968,4
2176.50582783532,4
2177.08914362383,4
2177.09729384443,4
2177.10424403255,4
2177.18189613434,3
2177.20484675554,2
2177.3078495435,2
2177.36135099162,2
2177.36570110936,2
2177.43845307853,2
2177.44285319762,2
2177.47820415446,2
2177.49410458484,2
2177.49750467687,2
2177.63210832016,2
2177.87201481367,2
2177.94521679501,4
2177.95676710764,2
2178.48713146292,3
2178.51963234262,4
2178.53028263089,5
2178.54168293946,4
2178.56873367163,7
2178.77333920966,4
2178.77933937206,4
2178.79063967792,4
2178.81504033837,2
2178.82619064018,3
2178.92634335099,3
2178.933843554,3
2178.94059373671,3
2178.95509412918,7
2178.96304434437,3
2178.9797447964,3
2179.03884639609,3
2179.05164674256,3
2179.06004696992,2
2179.07119727173,3
2179.0922478415,3
2179.10094807699,7
2179.12994886195,3
2179.17500008134,3
2179.21740122901,3
2179.26885262163,3
2179.30185351486,3
2179.540009961,3
2179.56316058761,5
2179.65146297768,3
2179.69306410369,3
2180.06377413763,3
2180.34323170166,3
2180.54228708946,5
2181.6374667325,2
2181.71051870978,2
2181.82487180496,3
2182.15598076703,7
2182.15618077244,2
2182.21138226657,2
2182.28768433182,3
2183.03280449986,3
2183.23741003788,3
2183.71712302219,3
2183.85967688067,7
2183.87287723796,5
2184.81505273966,4
2186.5652001106,2
2186.71340412201,2
2186.77165569869,2
2186.79410630636,3
2186.80355656215,2
2186.80820668801,2
2186.81130677192,2
2186.81685692215,2
2186.9265098901,2
2186.9604108077,2
2186.96476092544,2
2187.01091217461,2
2187.04316304754,2
2187.05166327761,2
2187.05726342919,2
2187.07346386768,2
2187.07811399355,2
2187.1854168979,2
2187.18861698451,2
2187.19936727549,2
2187.21046757594,2
2187.22471796165,2
2187.24476850436,7
2187.251368683,2
2187.25556879668,2
2187.25721884135,4
2187.25886888601,2
2187.26741911744,2
2187.28071947743,2
2187.28816967909,2
2187.51462580854,2
2189.27447344202,3
2189.58893195342,4
2189.73158581461,4
2189.86023929685,2
2189.86803950797,2
2190.13889683922,7
2190.29215098733,2
2190.31955172898,3
2190.33500214717,2
2190.36320291048,2
2190.45655543723,2
2190.48770628039,2
2190.49955660114,2
2190.50550676219,2
2190.56060825361,2
2190.60895956233,2
2190.79306454547,3
2190.81481513418,5
2191.3161787045,4
2191.35302970194,3
2191.41188129487,4
2191.4189314857,4
2191.43168183081,5
2191.46578275381,2
2191.62608709274,3
2192.19555250636,3
2192.26670443222,4
2192.79946885246,3
2192.80041887817,2
2192.89792151726,2
2192.94132269199,2
2193.02467494807,2
2193.14567822325,2
2193.15127837483,2
2193.17737908129,2
2193.28028186654,2
2193.39728503345,2
2193.43748612156,2
2193.48808749118,2
2193.49283761975,2
2193.49618771043,2
2193.57698989749,2
2193.58259004907,2
2193.58949023583,2
2193.62129109658,3
2193.63099135913,7
2193.66134218064,2
2193.77714531506,3
2193.87534797309,4
2194.20825698388,2
2194.28115895711,3
2194.29895943891,2
2194.31375983951,2
2194.33386038357,7
2194.3505608356,2
2194.35286089785,4
2194.3588110589,4
2194.37846159078,4
2194.41616261123,2
2194.45381363032,2
2194.46136383468,2
2194.46521393889,2
2194.57486690685,3
2194.64586882865,2
2194.69307010624,2
2194.73167115104,3
2194.73217116458,2
2194.77597235014,4
2194.80742320141,3
2194.87817511644,3
2194.93182656861,4
2194.96277740636,7
2195.00402852289,2
2195.05362986544,3
2195.18778349656,7
2195.21383420167,3
2195.6458958962,2
2195.88405234234,3
2196.01220581105,4
2196.12460885344,2
2196.23836193238,2
2196.40841653522,2
2196.58272125309,4
2196.5865713573,5
2196.70467455398,4
2197.28249019362,3
2197.90350700257,7
2197.9957094982,3
2198.35441920733,2
2198.42287106011,3
2198.45732199258,2
2198.46802228221,2
2198.48222266657,2
2198.48527274912,2
2198.5914756237,2
2198.61712631798,2
2198.62222645602,2
2198.81378164082,2
2199.20659227295,4
2199.21789257882,3
2199.24839340438,3
2199.26409382934,3
2199.27819421099,2
2199.28449438152,7
2199.31814529234,3
2199.43559847142,3
2199.49139998179,3
2201.14919485304,3
2201.61095735148,7
2201.66310876306,5
2202.85299096939,7
2202.86119119134,7
2202.87364152834,3
2202.90759244728,3
2203.19295017101,4
2203.21915088018,2
2203.25815193581,2
2203.37050497685,3
2203.3985557361,3
2203.46895764165,5
2203.57981064209,4
2203.6102614663,2
2203.65461266674,4
2203.76146555891,2
2203.7790660353,2
2203.81396697996,2
2203.81726706928,5
2203.87806871499,2
2203.87906874206,4
2203.91231964205,2
2203.96327102115,4
2204.07262398098,2
2204.13662571331,2
2204.18922713706,2
2204.19927740909,2
2204.20282750518,2
2204.25062879901,4
2204.2578289939,4
2204.26462917795,5
2204.27707951495,2
2204.29142990337,4
2204.29362996291,3
2204.30703032562,3
2204.31828063013,2
2204.32748087915,2
2204.36348185358,2
2204.38328238952,2
2204.38683248561,2
2204.39898281448,4
2204.40488297418,4
2204.41423322726,4
2204.54043664319,4
2204.55783711416,3
2204.640589354,4
2205.19390433048,2
2205.5035127106,3
2205.51661306518,3
2205.54366379736,7
2205.54511383661,4
2205.57141454849,3
2205.60871555811,4
2205.67491734998,4
2205.68321757464,4
2205.71591845975,4
2205.73021884681,2
2205.76546980095,3
2205.77862015688,4
2205.78302027598,4
2205.79312054936,4
2205.80292081463,4
2205.80677091884,4
2205.81267107854,4
2205.81757121117,4
2205.82612144259,4
2205.84712201101,3
2205.88072292048,3
2205.91122374604,2
2205.94892476649,4
2206.0571276952,2
2206.06947802948,4
2206.07232810663,3
2206.07382814723,5
2206.0808283367,2
2206.1667306618,4
2206.23763258089,4
2206.38493656795,4
2206.38918668298,2
2206.48873937756,4
2206.49508954944,4
2206.49983967801,4
2206.50328977139,4
2206.61429277589,4
2206.61724285574,4
2206.62004293153,4
2206.62184298025,2
2206.65869397769,4
2206.661144044,4
2206.66579416987,4
2206.67114431468,4
2206.67579444054,2
2206.67894452581,4
2206.68969481678,4
2206.69239488987,4
2206.70069511453,4
2206.72044564911,4
2206.72309572084,4
2206.72809585618,4
2206.74409628926,4
2206.74624634745,4
2206.74874641512,4
2206.76499685497,4
2206.77169703632,2
2206.77244705662,5
2206.79259760204,4
2206.79479766158,4
2206.80059781858,4
2206.80504793903,4
2206.82814856429,4
2206.83894885662,4
2206.84224894594,4
2206.84559903662,4
2206.85709934789,3
2206.87319978368,4
2206.87514983646,4
2206.8779999136,4
2206.88325005571,4
2206.90670069044,4
2206.90980077435,4
2206.91385088398,4
2206.93615148758,4
2206.94080161345,4
2207.04560445013,4
2207.04825452186,4
2207.05310465313,4
2207.05780478035,5
2207.06695502802,4
2207.08130541644,4
2207.08330547057,4
2207.10615608907,2
2207.13275680907,4
2207.13525687673,4
2207.13845696335,4
2207.14150704591,4
2207.15830750064,2
2207.17645799192,4
2207.17960807718,4
2207.18245815432,4
2207.23550959026,2
2207.24945996785,4
2207.25286005988,4
2207.25656016003,4
2207.26201030755,5
2207.26961051326,4
2207.2812608286,4
2207.37771343926,4
2207.38026350829,4
2207.38341359355,4
2207.38811372077,5
2207.39571392648,4
2207.47621610542,2
2207.48761641399,2
2207.49546662647,2
2207.5484180597,2
2207.55386820721,2
2207.71442255291,4
2207.88282711109,4
2207.98077976235,4
2207.98792995589,4
2208.10158303212,4
2208.19873566173,4
2208.20408580654,5
2208.27938784473,4
2208.41784159223,4
2208.56044545206,7
2208.61539693943,4
2208.63159737792,4
2208.79390177099,4
2208.87295391068,4
2208.89055438707,4
2209.00900759322,4
2209.25256418552,3
2209.27626482702,3
2209.691126056,6
2209.69632619675,7
2209.9576332695,5
2210.07703650137,5
2210.12623783309,7
2210.19058957489,3
2210.34479374871,3
2210.75995498581,7
2210.84315723783,7
2210.88725843151,3
2210.9063589485,3
2211.08191370021,7
2211.1239648384,3
2211.25396835718,3
2211.27961905146,3
2211.96563761981,3
2212.18034343121,2
2212.24079506745,4
2212.74530872303,7
2212.82801096152,2
2212.83531115911,4
2212.93781393353,2
2213.08546793006,4
2213.76973645104,4
2213.99404252229,4
2214.00074270364,4
2214.02504336138,4
2214.02859345747,4
2214.15084676648,3
2214.30725099985,4
2214.42990431968,4
2214.44725478931,5
2214.55385767471,4
2214.5625579102,4
2214.68211114612,4
2214.92261765587,1
2215.25727671403,2
2215.34102898094,4
2215.354479345,2
2215.41038085807,2
2215.46953245912,4
2215.47348256603,5
2215.50438340242,2
2215.52833405069,2
2215.53798431189,3
2215.54193441881,4
2215.55413474903,3
2215.57573533369,2
2215.58043546091,2
2215.58303553129,2
2215.5847355773,4
2215.58668563008,2
2215.59103574783,4
2215.60913623775,2
2215.62268660451,5
2215.62773674121,4
2215.66168766015,4
2215.66833784015,5
2215.68143819473,4
2215.68628832601,4
2215.69343851954,4
2215.72843946691,4
2215.77409070254,2
2215.82664212494,5
2215.8304422278,4
2215.84284256344,4
2215.8710933281,4
2216.41025792157,3
2216.46160931149,3
2216.49266015194,2
2216.49776028998,2
2216.94477238918,3
2217.5971400467,3
2217.79389537224,3
2218.18555597325,3
2218.25430783415,7
2218.26870822392,3
2218.30490920377,3
2218.4016118212,3
2218.66526895756,7
2218.69966988868,5
2218.70992016613,4
2218.72887067906,7
2218.94887663392,3
2219.2009334563,7
2219.20108346036,4
2219.21843392998,3
2219.22433408968,4
2219.28958585584,3
2219.3526875638,7
2219.35573764636,4
2219.3570876829,3
2219.4200393868,3
2219.51889206243,3
2219.62139483685,4
2219.64049535384,7
2219.65919586001,3
2219.67324624031,3
2219.68724661925,7
2219.81605010555,3
2219.90560252945,2
2220.05560658959,2
2220.06515684808,2
2220.07390708492,2
2220.35666473827,3
2220.42671663436,2
2220.55417008412,4
2220.80872697416,4
2220.81057702424,3
2220.8759287931,3
2220.88017890814,3
2220.89762938047,3
2221.06868401038,3
2221.08773452601,3
2221.180837046,3
2221.2244882275,3
2221.2325384454,3
2221.29754020479,3
2221.302240332,3
2221.38229249876,3
2221.42499365455,3
2221.43819401184,6
2221.43964405109,3
2221.48169518928,5
2221.51404606491,3
2221.5272464222,3
2221.52879646416,2
2221.57884781889,3
2221.59789833453,3
2221.63774941317,3
2221.6826506285,3
2221.71595152985,3
2221.72675182218,3
2221.72815186008,5
2221.75450257331,3
2221.78115329466,3
2221.88355606638,3
2221.91120681479,7
2221.96545828321,3
2221.9808086987,3
2222.00345931178,3
2222.0253099032,3
2222.0282099817,4
2222.07231117538,3
2222.14151304845,3
2222.20856486333,7
2222.23996571325,3
2222.30161738197,4
2222.318317834,4
2222.31966787054,3
2222.3531687773,3
2222.36741916301,7
2222.40377014692,3
2222.42197063955,2
2222.4279208006,3
2222.45142143669,7
2222.46382177233,7
2222.47342203218,3
2222.50922300119,3
2222.51902326646,3
2222.53207361969,7
2222.54537397969,3
2222.5647745048,3
2222.58222497713,3
2222.59187523833,3
2222.62287607742,3
2222.64607670539,7
2222.65652698824,3
2222.67982761892,3
2222.68732782193,7
2222.70292824418,3
2222.71117846749,3
2222.73187902779,3
2222.74197930117,3
2223.10448911316,3
2223.11873949887,3
2223.12638970594,7
2223.1576405518,3
2223.16544076293,3
2223.1961415939,3
2223.24234284442,7
2223.30534454968,3
2223.33799543343,3
2223.34969575012,3
2223.36024603569,3
2223.45294854485,3
2223.47304908891,4
2223.52450048153,3
2223.62580322348,3
2223.67955467836,3
2223.72405588286,3
2223.81500834466,3
2223.86345965608,3
2224.03476429275,3
2224.07271531997,3
2224.09581594523,4
2224.1650178183,3
2224.19081851665,4
2224.20301884687,3
2224.26842061709,3
2224.45027553932,7
2224.5194774124,3
2224.60512973074,3
2224.61898010562,3
2224.62968039524,7
2224.69728222501,7
2224.75593381252,3
2224.81713546906,3
2224.84628625808,3
2224.88878740845,3
2224.91658816093,7
2224.951689111,7
2224.95828928964,3
2224.9879400922,3
2224.99299022889,7
2225.00769062678,7
2225.04024150783,3
2225.06879228061,3
2225.14089423218,7
2225.23384674811,3
2225.27909797292,3
2225.33744955231,3
2225.37250050103,3
2225.41025152283,3
2225.46335296011,3
2225.46490300207,2
2225.58130615273,3
2225.67605871738,3
2225.76756119406,3
2225.78416164339,7
2225.99141725314,3
2226.63193458991,4
2226.90154188732,3
2228.46993433873,2
2228.5383861915,2
2228.57278712263,2
2228.71379093915,2
2228.73019138306,3
2228.73679156171,2
2228.7936431005,2
2228.9343469089,5
2228.94109709161,4
2228.94194711461,2
2229.16625318587,4
2229.26700591292,7
2229.75166903122,4
2229.77176957527,4
2229.97677512412,4
2230.07642782141,4
2230.08702810832,4
2230.1732804429,3
2230.18278070004,3
2230.19328098425,7
2230.34228501732,2
2230.6676938251,4
2230.69749463171,2
2230.73639568464,2
2230.74059579833,2
2230.784696992,2
2230.92715084778,2
2230.97490214025,2
2230.99810276822,2
2231.00965308085,4
2231.01500322566,4
2231.02230342326,4
2231.06875468054,2
2231.07275478881,2
2231.07685489979,2
2231.08780519618,2
2231.09095528144,2
2231.12820628971,2
2231.13235640204,2
2231.13535648324,2
2231.14545675663,2
2231.1487068446,4
2231.15225694069,4
2231.21235856745,2
2231.22310885842,2
2231.22815899511,2
2231.24005931722,2
2231.24775952564,2
2231.26410996819,2
2231.26676003992,2
2231.2672100521,4
2231.27046014007,2
2231.27121016037,4
2231.27741032819,4
2231.33036176142,2
2231.33601191435,2
2231.336811936,7
2231.3456121742,2
2231.35106232172,2
2231.3626626357,2
2231.38151314592,2
2231.38556325555,2
2231.3982635993,2
2231.42236425163,4
2231.4336645575,3
2231.45016500411,2
2231.45316508531,2
2231.47031554952,2
2231.47401564967,2
2231.50946660922,2
2231.58156856079,2
2231.91077747143,2
2231.92012772451,2
2232.13328349396,2
2232.32203860296,2
2232.42129128942,2
2232.99485681401,3
2233.18396193249,2
2233.25536386511,7
2233.34411626736,2
2234.13733773735,5
2234.46324655866,3
2235.35147060007,3
2235.44342308893,3
2237.36777517503,4
2237.62653217876,4
2237.65843304222,4
2237.6588830544,3
2237.78963659348,4
2237.81378724716,7
2237.90948983753,4
2237.93069041136,4
2237.94789087692,4
2237.95379103662,4
2238.6010585561,2
2238.6151089364,2
2238.62875930587,2
2239.41838067841,5
2239.78489059867,4
2239.79809095597,4
2239.85109239055,2
2239.94454492001,4
2239.95114509866,4
2239.97354570497,3
2240.13285001683,3
2240.20910208073,7
2240.82606878006,2
2240.87507010637,2
2240.88162028367,2
2240.95077215539,2
2241.18557851085,3
2241.34173273745,4
2241.61199005246,3
2241.8686970007,3
2242.18830565149,4
2242.20785618066,3
2242.52866486393,2
2242.56606587626,7
2242.57876622002,3
2242.75082087699,2
2242.85542370826,2
2242.97157685216,2
2243.0181781135,2
2243.12773107876,2
2243.15683186642,2
2243.18558264461,2
2243.21363340386,2
2243.22168362175,2
2243.22478370566,2
2243.3031358264,2
2243.3090359861,2
2243.31688619858,4
2243.33953681166,2
2243.34343691723,4
2243.34608698896,2
2243.35028710264,4
2243.36633753707,2
2243.37203769136,4
2243.4141388309,2
2243.41788893241,2
2243.42163903391,2
2243.43528940338,2
2243.44123956443,2
2243.50814137525,2
2243.51269149841,2
2243.51904167029,2
2243.52949195315,2
2243.53499210202,2
2243.55724270427,2
2243.56269285179,2
2243.56769298713,2
2243.5990438357,5
2243.60994413073,4
2243.71959709869,3
2243.8685511304,2
2243.98830437174,2
2244.12140797443,2
2244.15410885954,2
2244.26631189652,2
2244.43976659139,3
2244.44861683094,3
2244.48146772011,4
2244.482017735,2
2244.49341804357,4
2244.58502052295,2
2244.58932063934,4
2244.59917090596,4
2244.60547107649,4
2244.61517133904,4
2244.67647299828,3
2244.68757329873,3
2244.79147611105,3
2244.80317642774,2
2244.84227748608,5
2244.84297750503,7
2244.85832792052,4
2244.86142800443,3
2244.91842954728,2
2244.98328130261,4
2244.99858171674,4
2245.08773412982,4
2245.17248642379,4
2245.18053664169,4
2245.20833739416,3
2245.23838820754,7
2245.32124045009,4
2245.40234264527,3
2245.44114369549,3
2245.45174398241,7
2245.46919445474,7
2245.61434838359,2
2245.62274861096,3
2245.77230265891,2
2245.8586549962,2
2245.87780551454,2
2245.89215590296,2
2245.9468073822,2
2245.95665764882,2
2246.05876041241,2
2246.06436056399,2
2246.16551330188,2
2246.17356351977,2
2246.24226537931,2
2246.29846690051,2
2246.30996721179,2
2246.32096750953,2
2246.35431841223,2
2246.35836852186,2
2246.37201889133,2
2246.37756904155,2
2246.42037020004,2
2246.42807040846,2
2246.43627063042,2
2246.44847096064,2
2246.49642225853,2
2246.49957234379,2
2246.57167429537,2
2246.57972451326,3
2246.58272459446,2
2246.58802473792,2
2247.20634147379,2
2247.25064267288,2
2247.26204298145,2
2247.27509333469,2
2247.30099403574,7
2247.36694582084,2
2247.51579984985,2
2247.6113024348,3
2247.68670447569,2
2247.81290789162,2
2247.81380791598,7
2247.81875804996,3
2247.82035809327,2
2247.82650825974,7
2247.85515903522,3
2247.86525930861,3
2247.87060945342,7
2247.87580959417,3
2247.97386224814,2
2248.01676340934,3
2248.05096433505,3
2248.2804205457,3
2248.37927322133,3
2248.44047487786,3
2248.59167897048,3
2248.87743670503,3
2248.97888945104,3
2249.13684372636,2
2249.15034409177,2
2249.15934433538,2
2249.21094573206,2
2249.27539747657,2
2249.31234847672,2
2249.59360608947,2
2250.05426855814,7
2250.27057441285,3
2250.93584241954,7
2250.98729381217,7
2251.00649433187,5
2251.0780962699,3
2251.20019957485,3
2252.20422675068,2
2252.49868472072,5
2252.57863688477,7
2252.62013800808,5
2252.73649115739,5
2252.74214131032,5
2252.74434136987,2
2252.80074289648,5
2252.86544464775,5
2252.88304512414,5
2252.90684576835,5
2252.91669603496,3
2252.92179617301,5
2253.10440111554,2
2253.12945179358,5
2253.15440246892,5
2253.18210321869,5
2253.20005370455,5
2253.22500437989,5
2253.39055886092,5
2253.39295892589,5
2253.42545980558,5
2253.446460374,5
2253.50441194257,5
2253.60086455323,5
2253.65046589578,2
2253.70616740345,4
2253.73861828179,2
2253.74466844555,7
2253.76516900043,2
2253.85607146087,2
2253.86147160704,2
2253.88537225395,4
2254.07047726416,3
2254.18893047031,4
2254.21048105362,5
2254.28608309992,4
2254.28958319466,4
2254.29413331782,4
2254.29808342473,4
2254.30148351676,4
2254.3086337103,4
2254.32013402157,4
2254.38983590818,4
2254.39308599615,4
2254.39708610442,4
2254.40838641028,4
2254.56244058004,4
2254.66814344108,4
2254.76274600167,3
2255.01580285112,2
2255.02905320977,2
2255.32536122988,7
2255.6460199091,7
2255.99812943958,3
2256.0131298456,7
2256.02528017447,3
2256.14233334272,2
2256.21258524422,3
2256.63474667079,5
2256.87945329422,2
2256.96765568158,2
2257.06650835721,2
2257.16746108968,3
2257.80317829652,7
2258.29184152309,2
2259.10011340044,3
2259.1009134221,5
2259.21971663772,5
2259.32661953124,5
2259.42552220822,5
2259.48022368882,3
2259.50337431543,3
2259.97328703448,3
2260.0320386247,5
2260.45725013382,2
2260.55635281622,2
2260.5998039923,2
2260.91556253889,7
2260.97756421707,3
2261.1059176912,4
2261.1800196969,3
2261.20607040201,3
2261.26722205719,7
2261.50687854393,3
2261.56903022618,4
2261.57398036017,4
2261.5796305131,4
2261.58688070934,4
2261.58918077159,4
2261.62333169595,3
2261.70163381534,7
2261.73783479519,4
2261.75988539203,3
2261.82673720149,4
2261.97969134148,7
2262.07419389936,3
2262.49065517164,2
2262.73781186139,7
2263.19102412841,4
2263.30937733185,4
2263.31492748208,2
2263.34662834012,2
2263.43573075184,4
2263.48298203078,2
2263.49118225274,2
2263.53868353844,4
2263.54728377123,4
2263.55083386732,2
2263.5876348634,2
2263.62498587437,2
2263.6408363034,2
2263.64803649828,2
2263.669787087,4
2263.69248770144,4
2263.74138902504,2
2263.75643943241,2
2263.98029549148,2
2263.98379558621,2
2263.98729568095,2
2264.03709702892,2
2264.04979737267,7
2264.11319908876,2
2264.12139931071,2
2264.12479940274,2
2264.51555997939,2
2264.78356723349,2
2264.79626757725,2
2264.81711814161,2
2264.83631866131,2
2264.84026876823,2
2264.84381886431,2
2264.88536998897,3
2265.01602352535,2
2265.02687381903,3
2265.0485744064,2
2265.05297452549,3
2265.1062759682,3
2265.18987823104,3
2265.23702950728,7
2265.43618489778,3
2265.51813711597,3
2265.69374186903,3
2265.70129207339,3
2265.71219236843,3
2265.74124315474,3
2265.86744657067,3
2265.92299807427,3
2266.03785118298,3
2266.10030287335,3
2266.11710332808,3
2266.14215400613,2
2266.16885472883,4
2266.27805768461,5
2266.32180886881,5
2266.73056993268,3
2266.74357028456,3
2266.93047534348,3
2267.45888964598,7
2267.88515118353,3
2268.28891211205,5
2268.63437146254,4
2268.85817752026,2
2269.0422825034,5
2269.29343930142,2
2269.72435096483,7
2270.36731836791,4
2270.61387504142,4
2270.6831769172,3
2270.74627862516,4
2270.7520287808,5
2270.84813138199,4
2270.85773164184,4
2270.98683513626,4
2271.00273556664,4
2271.12778895144,4
2271.13503914768,4
2271.14333937234,4
2271.16063984061,5
2271.47639838719,2
2274.49633012715,7
2274.52923101768,3
2274.75118702532,3
2275.03794478694,2
2275.10119649897,4
2275.15834804588,2
2275.17114839234,2
2275.80111544355,2
2275.81016568851,4
2275.92146870113,4
2276.03157168127,4
2276.12122410788,2
2276.14792483058,2
2276.1592751378,5
2276.16422527178,5
2276.17497556276,5
2276.20092626516,3
2276.29792889071,2
2276.34133006545,2
2276.42643236889,2
2276.43378256784,4
2276.6559385809,2
2276.82734322028,4
2277.14900192656,7
2277.15940220806,3
2277.22470397557,3
2277.29275581752,2
2277.48961114577,3
2277.77316882078,5
2277.7750688722,2
2277.80546969506,2
2277.8201200916,3
2277.83702054904,5
2277.84052064378,2
2277.86912141791,5
2277.93382316918,2
2277.93717325985,2
2277.96992414632,5
2278.07902709939,2
2278.17627973171,2
2278.18097985893,7
2278.25073174689,7
2278.30843330869,5
2278.34748436567,5
2278.7024439733,5
2278.75399536864,3
2278.77799601826,2
2279.43521380706,2
2279.49736548931,2
2279.58996799576,2
2279.6815204738,5
2279.83817471393,5
2280.05608061195,5
2280.21678496171,2
2280.22943530411,2
2280.23483545028,2
2280.30363731252,2
2280.39693983793,2
2280.43744093416,2
2280.44114103431,2
2280.52194322137,5
2280.60629550452,4
2280.89745338524,4
2281.02545684989,7
2281.24846288595,3
2281.94463172903,7
2282.06183490135,4
2282.17058784495,2
2282.21558906299,2
2282.21858914419,2
2282.2268393675,2
2282.23683963817,2
2282.24133975998,2
2282.25259006449,2
2282.25774020389,2
2282.26739046509,2
2282.27364063426,2
2282.27904078043,2
2282.31259168854,2
2282.31619178599,2
2282.31974188207,2
2282.37219330177,2
2282.37654341951,2
2282.38289359139,2
2282.42754479996,4
2282.43984513289,4
2282.44784534943,2
2282.4718960004,2
2282.48484635093,2
2282.48814644025,2
2282.49319657694,2
2282.51099705875,2
2282.51439715078,2
2282.52214736055,2
2282.6658012488,4
2282.77790428308,5
2283.05071166711,7
2283.56632562314,3
2283.64767782509,2
2283.8618336216,3
2283.9047347828,4
2284.32049603614,4
2284.32889626351,4
2284.71280665474,7
2284.95036308464,2
2285.00236449215,5
2285.16401886762,2
2285.19876980822,2
2285.22332047273,3
2285.41477565481,7
2285.4878276321,4
2286.18694655503,7
2286.62860850942,4
2287.08162077102,3
2287.36387841084,4
2287.37192862873,4
2288.07494765723,3
2288.23845208277,7
2288.94887131156,3
2289.15992702417,7
2289.68909134697,3
2289.8204449023,3
2290.16010409579,3
2290.57066520838,2
2290.8521728279,2
2291.42573835249,3
2291.58459265217,7
2291.82984929049,2
2291.96445293379,2
2291.97290316251,2
2291.99035363484,2
2292.01670434807,2
2292.02930468912,2
2292.03325479603,2
2292.06270559317,2
2292.06640569332,2
2292.07360588821,2
2292.08450618325,2
2292.09770654054,3
2292.11235693708,2
2292.11295695332,4
2292.12280721993,2
2292.13070743377,2
2292.14060770174,2
2292.14620785332,2
2292.16215828504,2
2292.16705841767,2
2292.17605866128,2
2292.18165881286,2
2292.19760924459,2
2292.20645948414,2
2292.21425969526,2
2292.21995984955,2
2292.26061094984,2
2292.26466105947,2
2292.27401131255,2
2292.28161151826,2
2292.28801169149,2
2292.29966200683,2
2292.30701220578,2
2292.33151286893,2
2292.35331345901,4
2292.35736356863,4
2292.39476458096,2
2292.40526486517,2
2292.41176504111,2
2292.44301588697,2
2292.62162072123,2
2292.62532082138,2
2292.63762115431,2
2292.64507135597,2
2292.9104785397,2
2292.98198047503,2
2292.99358078901,2
2292.998530923,2
2293.07428297336,7
2293.12098423742,2
2293.27973853439,2
2293.49619439317,2
2293.79320243223,2
2294.14626198843,2
2295.12838857148,7
2295.3085434477,3
2296.04521338702,2
2296.24191871121,2
2296.25096895617,2
2296.25316901572,4
2296.66228008905,7
2297.19704456343,7
2297.34549858161,3
2297.38289959394,3
2297.38974977935,3
2297.40275013123,7
2297.44790135333,3
2297.70395828398,7
2297.75035953991,2
2297.82271149825,2
2297.82726162141,2
2297.83066171344,2
2297.86971277042,2
2297.94601483568,2
2297.95301502515,2
2297.95676512666,2
2298.08936871581,2
2298.09426884844,2
2299.16509783239,4
2299.17629813554,4
2299.38970391176,2
2299.65206101293,2
2300.15687467664,2
2300.16332485122,2
2300.22837661197,2
2300.23352675137,2
2300.31862905481,2
2300.37048045827,2
2300.39923123646,2
2300.47203320698,2
2300.47718334638,2
2300.81879259265,2
2301.24755419787,3
2301.24830421817,2
2301.29440546598,2
2301.39510819169,3
2301.50566118401,2
2301.8749211787,2
2301.91447224922,2
2302.00137460139,2
2302.19872994318,4
2302.29888265399,4
2302.33133353234,2
2302.38848507925,4
2302.39653529714,5
2302.40128542571,4
2302.48878779412,7
2302.50963835848,4
2302.51638854119,4
2302.52213869683,3
2302.56598988374,4
2302.56903996629,4
2302.57629016253,4
2302.57914023968,4
2302.595740689,4
2302.59889077426,5
2302.60309088794,4
2302.60974106794,4
2302.66254249711,4
2302.66489256072,4
2302.6690926744,4
2302.67334278944,4
2302.67734289771,4
2302.70284358793,4
2302.70549365966,5
2302.70874374763,4
2302.72559420372,4
2302.73029433094,4
2302.76709532702,4
2302.76949539199,4
2302.77219546507,4
2302.77524554762,4
2302.78499581153,4
2302.78914592386,4
2302.95555042791,4
2303.18025650999,5
2303.41456285191,2
2303.99282850373,2
2304.00357879471,2
2304.0990313783,2
2304.10533154883,2
2304.1929839213,4
2304.24683537889,2
2304.26853596626,2
2304.31398719648,2
2304.32338745091,4
2304.32808757813,5
2304.52869300788,4
2304.54724350998,4
2304.55649376036,4
2304.66919681087,4
2304.67844706125,4
2304.68754730756,4
2304.81930087371,4
2304.82560104424,4
2305.20801139487,3
2305.7634264282,3
2307.39882069313,5
2308.32629579693,2
2308.45044915737,5
2308.51315085451,3
2308.66840505674,3
2308.78220813703,7
2308.8001586229,2
2308.83780964199,5
2309.3093724057,5
2309.41757533441,5
2309.61048055574,5
2309.93718939871,7
2311.12482154414,7
2311.49088145222,4
2311.74268826783,4
2311.99189501307,2
2312.03069606329,2
2312.05404669532,2
2312.12729867801,2
2312.50735896504,3
2312.69836413494,7
2312.89061933868,2
2312.92827035778,2
2312.93567055808,2
2313.15567651294,2
2313.32258103051,2
2313.36513218224,2
2313.39398296314,2
2313.41333348689,2
2313.42718386178,2
2313.43018394298,2
2313.46878498779,2
2313.47273509471,2
2313.47578517726,2
2313.48018529636,2
2313.52438649275,2
2313.52783658613,2
2313.53278672011,2
2313.55043719786,2
2313.55293726553,2
2313.56213751455,2
2313.63813957168,2
2313.64103965018,2
2313.64523976386,2
2313.6517399398,2
2313.66059017935,2
2313.77654331783,2
2313.78154345317,2
2313.78879364941,2
2313.79849391197,2
2313.81784443572,2
2313.822694567,2
2313.8929464685,2
2313.90339675135,2
2313.9744486745,4
2313.98759903044,2
2313.99434921315,2
2314.00799958262,2
2314.01934988984,2
2314.02530005089,2
2314.06660116878,7
2314.18300431944,7
2314.39190997385,2
2314.46696200527,3
2314.70461843788,2
2314.8248216914,3
2314.96942560537,4
2315.08827882235,4
2315.5448911814,3
2315.65244409251,4
2315.8387491352,2
2316.03105434029,2
2316.08870590073,2
2316.09340602795,2
2316.153407652,2
2316.16680801471,2
2316.18420848569,2
2316.22155949666,2
2316.27336089876,2
2316.43276521333,2
2316.47761642731,3
2316.50946728941,2
2316.8697270405,4
2317.11248361115,4
2317.1813854761,7
2317.45944300224,2
2317.49919407817,7
2317.5069942893,1
2317.99945761872,4
2318.02930842668,4
2319.42269614127,3
2319.5304490578,3
2320.46252428611,2
2320.56117695633,2
2320.62657872655,2
2320.69133047917,2
2320.70498084864,2
2320.712531053,2
2320.83248429976,2
2320.846384676,2
2320.85148481404,2
2320.85638494667,2
2320.93523708095,3
2320.99033857237,2
2321.01493923823,2
2321.12934233476,2
2321.13924260273,2
2321.24069534873,2
2321.24669551114,2
2321.29419679685,3
2321.30614712031,3
2321.42485033322,2
2321.44160078661,2
2321.44680092736,2
2321.45290109247,2
2321.90551334325,3
2323.56295820502,5
2325.12860058199,2
2325.20120254709,2
2325.44235907443,2
2326.27198152968,7
2326.30478241749,2
2326.39978498891,4
2326.41263533673,3
2327.00355133095,2
2327.06470298613,2
2327.1271546765,3
2327.18845633574,2
2327.19355647379,2
2327.33666034715,2
2327.34261050821,2
2327.34811065708,2
2327.40601222429,2
2327.50711496082,2
2327.51116507044,2
2327.52016531405,2
2327.52641548322,2
2327.53121561315,2
2327.5690166363,3
2327.66061911569,2
2327.7384712229,2
2327.78102237462,2
2327.81527330169,2
2327.84487410289,2
2327.95602711145,2
2327.96217727791,2
2328.14948234767,3
2328.29028615878,2
2328.36153808734,2
2328.43279001591,2
2328.45449060327,2
2328.5037919377,2
2328.51744230717,2
2328.52564252913,2
2328.5430430001,2
2328.54739311785,2
2328.55414330055,2
2328.58314408551,2
2328.61359490972,4
2328.68869694249,2
2328.89810261044,2
2328.90905290683,2
2329.55437037352,2
2329.92233033303,2
2329.94733100972,2
2329.95103110987,2
2330.03168329287,2
2330.06278413467,2
2330.10718533647,2
2330.1119854664,2
2330.2015378903,3
2330.33864160126,2
2330.35674209118,2
2330.52484664124,3
2330.62789943055,2
2330.67880080829,5
2330.71380175565,2
2330.78680373158,2
2330.81535450436,2
2330.86375581443,2
2330.8758061406,2
2330.91425718134,2
2330.9218073857,2
2330.93035761713,2
2331.0216600884,2
2331.06676130915,2
2331.07126143095,2
2331.28646725589,2
2331.30431773904,2
2331.33421854836,2
2331.40102035648,5
2331.44997168143,3
2331.63487668623,4
2331.6396268148,4
2331.84633240966,3
2331.94443506499,5
2331.94723514078,4
2332.47404939997,2
2332.67595486491,2
2332.68165501919,2
2332.75560702084,4
2332.99371346562,2
2333.04231478111,2
2333.1561178614,4
2333.17721843252,7
2333.28857144649,4
2333.319772291,2
2333.32822251972,2
2333.38722411671,4
2333.39847442122,3
2333.40427457821,4
2333.42952526167,2
2333.44672572723,2
2334.10069342806,4
2334.1649951685,4
2334.16874527001,5
2334.19979611045,5
2334.22829688188,4
2334.35580033299,3
2334.76761147941,4
2334.80501249174,7
2335.00321785653,4
2335.06731959156,2
2335.24042427695,4
2335.24422437981,4
2335.76523848201,5
2336.24610149744,3
2336.28790262887,3
2336.53490931455,7
2336.77796589332,3
2336.86201816835,3
2336.90831942158,3
2336.92766994534,3
2337.02602260743,3
2337.15332605313,3
2337.79644346028,7
2337.95894785876,2
2338.03339987394,2
2338.09260147634,2
2338.09805162385,2
2338.114202061,2
2338.11805216521,2
2338.20060439963,2
2338.50816272426,4
2338.62996602109,4
2338.63946627823,4
2338.66186688454,4
2338.74546914739,4
2338.7781700325,4
2338.83217149415,7
2338.86807246587,4
2338.87637269054,4
2339.02812679804,4
2339.14723002178,4
2339.2747334729,2
2339.29313397094,2
2339.59199206008,2
2339.65139366789,2
2339.65954388849,2
2339.68614460849,2
2339.72264559646,3
2339.7299957954,3
2339.89970038877,2
2340.10785602288,2
2340.39216371819,2
2340.43921499172,2
2340.51136694464,2
2340.53031745757,2
2340.546367892,2
2340.56861849426,2
2340.57476866072,2
2340.6758213959,2
2340.72902283589,4
2340.76947393078,3
2340.83282564551,3
2340.89427730881,2
2340.92252807347,2
2340.92812822504,2
2340.93322836309,2
2340.93967853767,2
2340.96802930504,4
2340.97402946745,4
2340.98077965015,5
2340.98692981662,4
2341.01618060834,2
2341.04528139601,2
2341.04823147586,2
2341.05293160308,2
2341.06828201856,7
2341.10938313104,4
2341.14843418803,3
2341.17263484306,2
2341.1783849987,2
2341.23163644005,4
2341.24333675674,4
2341.33788931598,2
2341.35073966379,7
2341.374540308,7
2341.38049046905,2
2341.41339135958,7
2341.41879150574,2
2341.42544168574,2
2341.43319189551,2
2341.45759255596,2
2341.46254268995,2
2341.4677428307,2
2341.47389299716,2
2341.48849339235,2
2341.49204348844,2
2341.50019370904,2
2341.52144428423,3
2341.56964558888,2
2341.5780958176,2
2341.58414598136,2
2341.5913961776,2
2341.59979640497,2
2341.62899719534,2
2341.63974748632,2
2341.64739769339,2
2341.65329785308,2
2341.6808485988,2
2341.72529980195,3
2341.75265054225,2
2341.75480060044,3
2341.89665443998,3
2341.90185458073,2
2341.91030480945,7
2341.91885504087,2
2341.92980533726,7
2341.93145538193,2
2341.9422056729,2
2341.95530602749,2
2341.96135619125,2
2341.97220648493,3
2342.01690769485,3
2342.03385815364,3
2342.03740824973,3
2342.04495845409,7
2342.0539586977,2
2342.06535900627,2
2342.07105916056,3
2342.07795934732,2
2342.08060941905,3
2342.08940965725,7
2342.09585983183,3
2342.15996156686,3
2342.18896235182,3
2342.23526360505,5
2342.5091210175,4
2342.64462468515,2
2342.82587959115,2
2342.85838047085,3
2343.02098487203,7
2343.04103541473,2
2343.04623555549,3
2343.11103730946,2
2343.12593771277,2
2343.22829048314,5
2343.26934159426,2
2343.30124245771,2
2343.41259547169,2
2343.54804913799,3
2344.49467476014,2
2344.63212848057,2
2344.73328121846,2
2344.85383448145,2
2344.96538750084,7
2345.13049196969,2
2345.13409206713,2
2345.14724242307,2
2345.19169362623,4
2345.59310449114,4
2345.61255501761,4
2345.75505887473,2
2345.83936115653,4
2345.84546132164,4
2345.97106472133,5
2346.18542052326,4
2346.19047065995,4
2346.20152095905,4
2346.23817195107,7
2346.44807763255,4
2346.58958146261,4
2346.99244236678,4
2347.01174288918,2
2347.48735576251,7
2347.920117476,3
2347.95576844096,4
2348.11282269192,2
2348.36742958332,2
2348.41768094346,2
2348.45333190842,2
2348.59448572901,2
2348.59988587517,2
2348.60668605923,2
2348.62608658434,3
2348.66858773471,2
2348.83234216702,2
2349.12470008023,2
2349.33365573599,2
2349.41835802861,2
2349.44440873372,3
2349.62571364107,2
2349.73066648181,2
2349.94377224991,4
2350.58988973826,7
2350.67284198351,3
2351.0761028985,2
2351.08505314076,2
2351.69891975618,3
2351.7457710243,4
2351.76937166309,3
2351.83747350639,3
2351.89072494774,7
2351.90197525225,3
2351.90862543225,3
2351.92462586533,3
2351.94552643104,7
2352.01222823645,3
2352.03537886306,7
2352.0411290187,3
2352.04797920411,3
2352.06287960742,3
2352.07257986997,3
2352.08088009463,3
2352.13343151703,3
2352.14493182831,3
2352.15913221267,3
2352.18163282169,3
2352.19298312891,3
2352.20498345372,3
2352.22113389086,3
2352.22923411011,7
2352.29143579371,7
2352.32633673837,3
2352.33603700092,3
2352.34203716333,3
2352.36208770603,7
2352.36993791851,3
2352.38058820678,3
2352.3912884964,3
2352.39938871565,3
2352.41968926512,3
2352.45084010828,7
2352.46554050617,7
2352.46619052376,3
2352.48914114496,3
2352.52839220737,3
2352.69864681562,3
2352.86510132101,3
2352.91880277454,4
2353.12875845737,3
2353.61777169341,2
2353.80007662783,2
2353.81742709745,2
2353.85957823835,2
2353.91412971488,2
2353.94243048089,2
2354.08193425682,2
2354.29479001815,2
2354.39124262881,4
2354.45214427723,2
2354.60044829135,4
2354.61994881916,3
2355.03881015641,7
2355.50657281726,2
2356.08988860577,3
2356.11008915253,3
2356.35739584634,7
2356.62840318165,2
2357.14771723783,5
2357.30427147526,5
2357.45627558953,5
2357.64663074184,5
2357.73453312107,4
2357.88618722587,5
2357.95363905158,4
2358.06754213457,4
2358.08659265021,4
2358.71400963239,7
2358.76196093028,2
2358.88791433944,2
2358.96521643176,2
2359.62838438162,4
2359.76788815754,7
2359.84829033377,5
2359.86609081557,2
2360.15034850953,2
2360.77801549848,5
2361.04187264026,3
2361.23972799557,7
2361.33018044383,3
2361.51388541614,3
2361.8077933713,7
2362.00119860616,4
2362.33080752763,4
2362.4391604604,3
2362.45056076897,3
2362.513812481,2
2362.54611335528,2
2362.54886342971,7
2362.64146593617,3
2362.69626741947,2
2362.70911776729,2
2362.7188680312,3
2362.7543689921,4
2362.75641904758,3
2362.75976913826,4
2362.76441926413,7
2362.80082024938,3
2362.80712041991,3
2362.81237056201,7
2362.81972076096,3
2362.83187108983,3
2362.83792125359,3
2362.84737150938,3
2362.85092160547,2
2362.86747205344,3
2362.88797260832,7
2362.91057322005,3
2362.938723982,2
2362.94677419989,3
2362.966174725,3
2362.97367492801,2
2362.98467522575,7
2363.00767584831,7
2363.05032700274,7
2363.05622716244,2
2363.06167730996,2
2363.06517740469,2
2363.07142757387,2
2363.09342816935,7
2363.10357844409,3
2363.11432873506,3
2363.13882939822,3
2363.17998051205,3
2363.20873129024,3
2363.22078161641,3
2363.22783180723,3
2363.23618203325,7
2363.34823506617,7
2363.41033674706,3
2363.87464931453,4
2363.8941998437,4
2363.99180248549,4
2364.10975567811,4
2364.11355578097,4
2364.24560935524,4
2364.35306226365,4
2364.48081572153,7
2364.60506908467,5
2364.61936947174,5
2364.61976948257,4
2364.96547883982,3
2365.0998824777,3
2365.10658265905,7
2365.12978328702,5
2365.41229093361,2
2365.55764486788,2
2365.57334529284,2
2365.59534588832,2
2365.62809677478,2
2365.652747442,2
2365.65784758004,2
2365.67364800771,2
2365.68224824049,2
2365.69029845839,2
2365.6986486844,2
2365.88160363641,2
2365.88735379205,2
2365.90320422107,2
2365.90925438483,2
2366.28791463396,2
2366.29296477065,2
2366.709576047,7
2366.78187800398,3
2367.17603867266,2
2367.28439160543,2
2367.32164261369,2
2367.41124503895,2
2367.41549515398,2
2367.75650438402,5
2368.05936258143,3
2368.08421325406,2
2368.14311484834,3
2368.79288243549,2
2369.26009508145,2
2369.29719608566,2
2369.49000130428,4
2369.49310138819,5
2369.51725204187,4
2369.52545226383,4
2369.91151271326,4
2370.17576986586,4
2370.18272005398,4
2370.46337765049,5
2370.48037811064,4
2370.75083543106,4
2370.7773861497,4
2371.04814347824,4
2371.56715752631,7
2372.16677375601,7
2372.27402665901,2
2372.41828056351,2
2372.44633132275,3
2372.45053143643,2
2372.47153200485,2
2372.54593401868,2
2372.55843435702,2
2372.77804030106,2
2373.73681625208,3
2373.75746681103,4
2373.76166692471,5
2373.77721734561,4
2373.7999679614,4
2373.82436862184,4
2373.82876874094,4
2373.86406969643,4
2373.86951984394,4
2373.87386996169,4
2373.8858702865,4
2373.96642246679,5
2374.09002581234,4
2374.11557650392,4
2374.13192694647,4
2374.13562704662,4
2374.14437728346,4
2374.14807738361,4
2374.16437782481,5
2374.2085790212,5
2374.33913255487,4
2374.34998284855,4
2374.35258291893,4
2374.36738331953,4
2374.37253345893,4
2374.38858389336,4
2374.39128396644,4
2374.47538624283,4
2374.49628680854,5
2374.5468381768,3
2374.79759496399,4
2374.80599519136,4
2375.16720496816,5
2375.17865527809,3
2375.28385812559,2
2375.36431030318,3
2375.68856907983,2
2375.9167252553,3
2376.421538919,2
2376.59449360033,2
2376.73514740739,4
2376.77044836287,2
2376.82839993144,2
2376.83575013038,4
2376.84540039158,4
2376.86345088015,4
2376.96310357744,2
2376.98855426631,4
2377.15830886102,4
2377.65902241375,7
2377.68872321766,3
2377.89517880575,3
2378.28213927955,3
2378.40774267923,4
2378.65664941635,2
2379.24011520891,4
2379.24466533207,5
2379.26816596816,4
2379.34456803612,5
2379.38141903356,3
2379.4241701907,3
2379.50572239806,3
2379.51197256723,7
2379.52807300302,3
2379.58292448767,7
2379.58957466767,3
2379.61087524421,3
2379.63307584511,3
2379.6418760833,3
2379.70317774255,7
2380.0140361565,4
2380.02623648672,4
2380.27994335376,3
2380.60330210606,2
2380.63475295733,3
2380.6588036083,3
2380.83905848723,2
2380.86310913821,2
2382.20314540874,2
2382.31694848902,2
2382.37645009954,3
2382.81796204987,5
2383.0071171697,5
2383.37642716575,2
2383.38652743913,3
2384.36090381241,7
2384.7146133862,7
2385.62008789452,2
2385.72799081511,2
2385.85394422427,4
2386.27130552092,4
2386.97437455076,3
2387.0341761694,2
2387.04202638188,2
2387.14902927811,3
2387.16187962593,2
2387.28738302291,2
2387.29383319749,2
2387.30028337208,2
2387.3205339202,2
2387.59664139355,2
2387.62149206618,2
2387.81464729428,2
2387.82679762315,2
2387.86804873969,2
2387.98710196208,2
2388.1110553171,2
2388.13280590582,2
2388.14545624823,2
2388.15505650807,2
2388.27430973588,2
2388.32231103512,2
2388.32721116775,2
2388.67557059674,3
2388.68632088771,7
2388.7223718635,3
2388.82197455943,3
2388.83522491807,3
2388.87202591416,2
2388.90082669371,3
2388.90837689807,2
2389.01552979835,3
2389.07463139805,2
2389.09738201383,3
2389.73969939933,4
2389.79375086233,2
2389.91745421059,2
2389.95130512682,2
2389.97840586035,3
2389.99535631915,2
2390.06385817328,2
2390.07040835057,4
2390.08670879177,2
2390.11160946575,2
2390.12110972289,3
2390.12450981492,2
2390.13361006124,2
2390.15641067838,2
2390.24286301837,2
2390.26366358137,2
2390.26941373701,2
2390.315114974,4
2390.45561877699,5
2390.5401210642,2
2390.56552175172,2
2390.58122217668,2
2390.66402441787,2
2390.7073255899,2
2390.72617610012,4
2390.75442686478,2
2390.76282709215,3
2390.76782722748,2
2390.80442821816,3
2390.97448282099,7
2391.06243520159,2
2391.12738695962,2
2391.14608746579,2
2391.15793778654,2
2391.42454500275,4
2391.43344524365,4
2391.62085031611,4
2391.7168529146,4
2391.8234558,4
2391.90550802089,4
2391.91230820495,4
2391.97830999141,2
2392.1825155186,5
2392.2017160383,2
2392.2698178816,2
2392.35857028385,5
2393.11979088767,4
2393.37339775201,2
2393.39519834208,1
2393.61640432942,2
2393.61955441469,3
2393.69595648265,2
2393.70350668701,2
2393.70735679122,2
2393.81035957918,2
2393.83261018143,2
2393.83536025586,2
2393.89311181902,2
2393.89586189345,2
2393.89916198278,2
2393.98991443916,2
2394.18306966726,2
2394.29152260273,4
2394.39992553685,2
2394.41917605791,2
2394.47962769414,2
2394.56247993669,4
2394.68583327547,2
2394.75328510118,2
2394.75968527441,2
2394.76283535967,2
2395.07644384806,4
2395.77856285219,7
2395.99506871232,3
2396.16552332598,3
2396.3722789222,3
2396.38292921047,3
2396.38967939318,3
2396.39712959483,7
2396.40547982084,3
2396.41318002926,3
2396.4211802458,3
2396.44378085753,3
2396.45193107813,3
2396.46653147332,3
2396.71173811028,3
2396.81094079538,3
2396.83794152621,3
2396.85729204997,4
2396.93674420048,3
2397.06934778964,4
2397.14619986978,7
2397.25100270646,2
2397.25700286887,2
2399.50956383854,4
2399.64971763206,2
2399.73676998829,2
2399.83992278031,2
2399.95062577669,2
2400.08472940645,4
2400.13828085592,2
2400.17343180734,2
2400.18578214163,2
2400.20008252869,2
2400.2054326735,2
2400.2778346332,2
2400.30648540868,2
2400.34653649274,2
2400.36303693935,2
2400.38253746717,2
2400.39523781093,2
2400.49024038234,3
2400.5221412458,2
2400.52529133106,2
2400.54569188324,3
2400.59149312293,5
2400.59259315271,2
2400.59869331782,2
2400.60394345993,2
2400.69299587029,2
2400.76639785705,4
2400.78889846607,2
2400.79944875163,2
2400.88770114035,2
2400.92800223117,2
2400.93165232996,2
2400.93620245312,2
2400.99410402033,2
2401.0483054874,2
2401.05790574724,2
2401.06295588394,2
2401.07405618438,2
2401.077256271,2
2401.08850657551,2
2401.23746060722,3
2401.25091097128,7
2401.43731601668,5
2401.73892418025,2
2401.94587978188,2
2402.14928528742,4
2402.17173589509,4
2402.37329135056,2
2402.53794580723,4
2402.64629874,4
2402.65329892947,4
2402.66534925564,2
2402.76415192991,4
2402.76720201247,4
2402.77500222359,4
2402.77980235352,2
2402.92285622553,2
2402.96205728658,3
2403.98708503083,4
2404.64470283046,4
2405.64097979651,4
2405.75938300131,4
2405.86258579468,3
2406.13474316112,3
2406.52815380949,4
2406.63120659881,4
2406.74235960736,2
2406.75140985233,4
2406.85401262946,4
2406.86761299758,4
2406.87021306795,2
2407.08961900657,4
2407.20697218295,4
2407.21452238731,4
2407.22252260385,4
2407.31612513738,3
2407.41932793075,2
2407.50023012051,2
2407.56158178111,3
2407.56923198818,2
2407.6110331196,2
2407.67583487358,2
2407.71823602124,2
2407.72123610244,2
2407.78173774003,2
2407.78453781582,2
2407.78843792138,2
2407.79298804454,2
2407.79958822319,2
2407.8027883098,2
2407.81013850875,2
2407.81613867116,2
2407.82833900138,2
2407.83108907582,2
2407.86318994468,2
2407.86749006107,2
2407.87329021807,2
2407.88029040754,2
2407.88904064438,2
2407.89494080408,2
2407.90724113701,2
2407.91499134678,2
2408.02729438647,2
2408.33585273817,3
2408.36710358403,4
2409.27607818708,2
2409.31352920076,2
2409.31737930497,2
2409.58058642916,7
2409.63878800449,2
2409.64528818043,2
2409.74704093455,2
2410.14245163706,4
2410.16435222984,4
2410.269505076,2
2410.32735664185,2
2410.4139589859,2
2410.45221002124,2
2410.46251030003,2
2410.48486090499,2
2410.54741259807,3
2410.55626283762,5
2410.57726340604,2
2410.59091377551,2
2410.60096404754,2
2410.60521416258,2
2410.60991428979,2
2410.63536497866,2
2410.63816505445,2
2410.73671772196,3
2410.82132001187,2
2410.84892075894,7
2410.9046222666,2
2410.91057242765,2
2410.99727477441,2
2411.00182489757,2
2411.28103245483,2
2411.36293467166,2
2411.38078515482,2
2412.26280902841,2
2412.27880946149,7
2412.33476097592,2
2412.50651562477,2
2412.56151711349,2
2412.58236767784,2
2412.66581993663,3
2412.98917868893,7
2413.20603455853,3
2413.40363990708,7
2413.7540993929,3
2414.27316344232,3
2414.29536404322,7
2414.64917361972,3
2414.6747243113,4
2414.76022662557,3
2415.01188343712,3
2415.01833361171,7
2415.02473378494,2
2415.04693438584,3
2415.07448513155,3
2415.08668546178,5
2415.09558570268,2
2415.09753575546,3
2415.11398620072,2
2415.12348645786,2
2415.14083692749,3
2415.22913931755,3
2415.28159073724,2
2415.29209102145,3
2415.36804307723,3
2415.388243624,2
2415.40419405573,3
2415.41619438054,3
2415.45869553091,7
2415.49979664339,2
2415.50444676925,7
2415.50704683963,2
2415.5117969682,3
2415.51849714955,2
2415.53869769631,2
2415.59019909029,3
2415.65505084562,3
2415.65855094036,2
2415.66965124081,7
2415.76555383659,3
2415.80560492064,3
2415.83200563523,7
2415.84370595192,3
2415.88210699131,3
2415.91310783041,3
2415.93755849221,3
2415.95105885762,3
2415.95460895371,3
2415.9619091513,3
2415.96815932048,3
2415.97685955596,3
2415.99921016092,3
2416.01151049385,7
2416.03346108799,3
2416.05796175114,7
2416.1054130355,3
2416.1253635755,3
2416.13836392737,3
2416.15021424813,3
2416.17566493699,3
2416.18401516301,3
2416.21981613203,3
2416.23686659353,3
2416.26651739608,3
2416.33506925156,3
2416.38142050614,3
2416.40237107321,7
2416.48337326568,3
2416.49262351606,3
2416.56677552312,3
2416.6723283801,2
2416.92233514699,2
2417.2126430047,4
2417.22274327808,3
2417.33744638273,3
2417.35299680363,3
2417.45274950362,4
2417.67345547743,3
2417.85016026027,7
2417.96911347995,7
2418.12831778911,3
2418.14331819512,3
2418.20911997617,3
2418.3243730957,2
2419.8038631408,2
2419.85006439132,2
2419.85871462546,3
2419.87001493132,3
2419.94126685989,2
2419.95991736469,2
2419.9688176056,2
2420.05431991987,2
2420.11302150874,2
2420.20157390557,3
2420.21417424662,2
2420.21972439685,2
2420.22742460527,2
2420.2397249382,2
2420.24327503429,2
2420.24902518993,2
2420.25737541594,3
2420.29852652977,3
2420.34822787503,2
2420.38942899021,2
2420.41222960735,3
2420.46843112855,2
2420.47543131802,2
2420.48963170238,2
2420.49373181336,2
2420.49973197576,3
2420.50273205697,2
2420.62448535244,2
2420.67003658537,4
2420.68778706582,4
2420.79283990926,2
2420.81009037618,4
2421.00759572202,2
2421.0612471742,4
2421.13909928141,2
2421.21655137779,4
2421.28300317643,7
2421.28865332936,2
2421.40450646514,2
2421.53480999204,2
2421.99927256357,7
2422.03172344191,2
2422.04702385604,3
2422.04737386552,2
2422.62093939011,7
2423.56551495678,3
2423.58681553332,5
2424.63834399485,2
2424.72769641334,7
2425.37151383943,4
2425.64327119504,2
2425.67887215865,2
2425.68722238466,2
2425.69302254165,2
2425.70357282722,2
2425.70827295443,2
2425.72287334962,2
2425.73397365007,2
2425.74302389503,2
2425.98338040072,2
2425.98788052252,2
2426.02868162688,2
2426.03203171756,2
2426.03978192733,2
2426.11833405349,2
2426.12323418612,2
2426.14268471258,2
2426.17163549619,2
2426.18178577092,2
2426.18913596987,2
2426.76675160409,3
2427.04105902872,2
2427.33711704207,5
2427.67807627076,4
2427.93688327584,4
2428.20499053265,2
2428.23219126889,2
2428.24134151656,2
2428.24584163836,2
2428.29939308783,2
2428.43779683398,2
2428.52899930254,7
2428.86540840807,2
2428.87865876671,2
2428.89200912807,2
2428.89805929182,2
2428.96621113648,2
2428.97216129753,2
2429.02951284985,2
2429.06981394068,2
2429.39522274846,3
2429.55982720378,2
2429.65817986587,6
2429.69508086467,7
2429.85278513322,7
2429.97683849095,2
2430.00088914193,2
2430.00768932599,2
2430.04959046012,2
2430.05759067666,2
2430.07364111109,2
2430.0944416741,2
2430.09864178778,2
2430.1040919353,2
2430.13424275139,2
2430.17779393018,2
2430.18199404386,2
2430.20279460687,2
2430.20699472055,2
2430.22944532822,2
2430.23449546491,2
2430.33759825557,2
2430.34769852896,2
2430.51835314803,3
2430.56610444051,2
2430.74240921252,2
2431.3948268714,2
2431.5998824216,7
2431.77913727346,3
2431.8884902333,3
2432.05889484561,3
2432.83886595695,3
2433.21952626022,2
2433.44353232335,3
2434.0216479711,7
2434.10310017576,4
2434.42855898489,4
2434.45705975632,4
2434.46666001617,2
2434.76846818516,4
2434.91292209507,4
2435.37863470043,4
2435.41828577366,4
2435.43903633531,4
2435.67394269348,2
2435.70649357453,4
2435.70904364355,4
2435.71669385062,4
2436.20515707176,1
2436.23255781342,2
2436.28770930619,2
2436.40591250558,4
2436.42196294001,4
2436.54226619624,4
2436.54771634376,4
2437.60829505026,4
2437.73304842693,4
2437.82015078452,2
2437.83895129339,3
2437.84835154782,4
2437.85005159384,2
2437.90075296616,2
2437.90815316646,2
2437.93905400285,2
2437.94835425458,2
2438.00690583938,2
2438.01355601938,2
2438.01625609247,2
2438.02995646329,2
2438.03640663788,2
2438.04305681788,5
2438.06940753111,2
2438.0753076908,2
2438.13750937441,2
2438.14125947591,2
2438.15915996042,7
2438.23761208387,2
2438.24296222868,2
2438.25596258056,2
2438.35016513032,2
2438.35786533874,2
2438.36291547543,2
2438.36991566491,2
2438.37501580295,2
2438.38556608852,2
2438.39056622385,2
2438.39806642686,2
2438.40826670295,2
2438.41486688159,2
2438.45686801843,2
2438.46021810911,2
2438.47256844339,2
2438.48291872354,2
2438.49226897662,2
2438.50161922971,2
2438.50586934474,2
2438.54202032323,4
2438.54757047346,4
2438.60607205691,2
2438.61002216383,2
2438.61332225315,2
2438.62372253465,2
2438.63872294067,2
2438.6525233142,4
2438.65637341841,4
2438.69497446322,2
2438.69757453359,3
2438.70702478938,2
2438.71142490848,2
2438.71627503976,2
2438.74092570697,2
2438.77667667464,4
2438.84082841102,4
2438.84707858019,4
2438.85187871012,4
2438.86102895779,4
2438.8663791026,4
2438.88552962094,4
2438.97393201371,3
2439.12768617535,3
2439.16713724317,3
2439.50839647997,4
2439.53289714312,3
2439.68455124792,2
2439.71420205047,2
2439.72285228461,2
2439.72720240235,2
2439.82695510234,2
2439.84690564234,2
2439.85070574519,2
2439.86180604564,2
2439.86615616339,2
2439.88665671827,2
2439.91570750459,2
2439.93455801481,2
2439.93745809331,2
2439.94245822864,2
2439.95025843977,2
2439.9625587727,2
2439.9870094345,2
2440.00205984187,2
2440.00946004217,2
2440.02711051991,4
2440.06061142667,2
2440.06331149976,2
2440.06961167028,2
2440.07776189088,2
2440.08431206818,2
2440.0950123578,2
2440.12426314953,2
2440.13286338231,2
2440.19486506049,2
2440.19821515117,2
2440.20886543944,2
2440.30646808123,2
2440.31221823687,2
2440.32476857657,2
2440.33086874168,2
2440.44557184633,2
2440.54432451925,2
2440.60617619338,3
2440.72382937788,2
2440.87833355982,2
2440.88458372899,2
2440.97633621244,2
2440.99193663469,2
2441.00223691349,2
2441.01773733304,5
2441.10713975287,5
2441.12484023197,4
2441.12939035513,5
2441.19909224174,2
2441.37574702322,2
2441.38684732367,2
2441.55640191298,4
2441.64955443432,4
2441.66640489041,7
2442.06531568766,4
2442.19781927411,4
2442.32377268327,4
2442.32987284838,4
2442.45872633603,5
2442.58952987647,4
2442.7542343345,5
2442.92323890891,3
2443.45890340765,3
2443.5144049099,3
2443.67210917845,7
2443.75821150897,3
2443.79296244957,3
2444.10582091765,2
2444.19567334967,3
2444.42377952378,3
2445.59326117794,3
2446.09692481052,4
2446.10692508119,3
2446.23147845246,4
2446.64088953391,2
2446.79679375375,2
2446.85869542923,2
2446.91654699509,2
2446.96469829839,2
2446.98339880455,2
2447.03115009703,2
2447.15125334784,2
2447.16010358739,2
2447.17250392303,2
2447.19465452258,2
2447.20160471069,2
2447.23940573385,7
2447.29625727264,2
2447.31945790061,2
2447.52476345758,7
2447.56906465667,2
2447.69596809154,3
2447.72886898206,2
2447.78522050732,5
2447.78882060476,4
2447.7974708389,5
2447.86517267137,7
2448.05467780068,3
2448.29373427117,3
2448.56894172017,3
2448.61819305324,2
2448.66404429429,4
2448.70544541489,7
2448.74649652601,2
2448.75664680075,2
2448.78014743684,2
2448.81539839097,2
2448.81734844375,3
2448.82094854119,2
2448.83514892555,7
2448.89545055772,2
2448.93925174328,2
2448.94495189757,2
2449.00245345395,2
2449.00925363801,2
2449.09305590627,2
2449.10650627033,2
2449.11330645439,2
2449.12140667364,2
2449.16270779153,5
2449.19850876055,2
2449.2037089013,2
2449.21255914085,2
2449.21945932761,2
2449.22940959694,2
2449.51261726247,2
2449.51666737209,4
2449.52151750337,5
2449.73382324981,4
2449.73757335132,5
2449.7535737844,4
2449.75612385342,4
2449.7603239671,2
2449.7817745477,2
2449.80202509582,2
2449.9830799964,4
2449.98883015204,4
2449.9956303361,4
2450.01623089369,4
2450.06798229444,4
2450.08093264496,4
2450.0888328588,4
2450.09798310646,4
2450.10508329864,5
2450.11208348812,4
2450.11903367624,7
2450.13338406465,2
2450.21128617322,2
2450.24258702043,4
2450.25828744539,4
2450.29798851998,2
2450.35769013591,2
2450.43189214432,2
2450.44799258011,2
2450.46049291845,2
2450.46809312417,2
2450.56619577949,3
2450.60074671468,2
2450.97075672967,3
2451.034758462,5
2451.06795936064,2
2451.17026212965,2
2451.22026348303,7
2451.22131351145,2
2451.25766449536,2
2451.27441494874,2
2451.80502931079,7
2452.09933727677,5
2452.31684316396,7
2452.82895702526,7
2453.40707267301,2
2453.41227281376,4
2453.75498208982,2
2453.775382642,2
2453.78038277733,2
2453.82378395206,3
2453.91078630694,2
2453.9796881719,4
2454.0077889325,2
2454.09529130091,7
2454.12299205068,2
2454.1966440442,3
2454.22879491443,2
2454.52465292236,3
2455.16032012786,2
2455.80843767034,2
2456.04449405964,2
2456.46875554305,3
2456.60065911326,2
2456.73651279039,2
2457.04737120434,2
2457.09847258749,2
2457.11872313561,2
2457.12412328177,2
2457.17647469876,2
2457.29417788461,2
2457.33777906476,2
2457.37378003919,2
2457.37963019754,2
2457.38703039783,7
2457.43118159287,2
2457.44043184324,2
2457.46578252941,4
2457.4716826891,7
2457.72128944517,3
2457.89969427402,2
2458.22695313188,2
2458.3227057236,2
2458.33570607547,4
2458.35415657487,2
2458.36005673457,2
2458.36790694705,2
2458.37665718389,2
2458.48521012207,2
2458.6077634392,3
2458.68386549904,2
2458.92802210759,2
2458.94722262729,2
2459.0502754166,2
2459.0591756575,2
2459.44973622873,5
2459.48668722888,4
2459.49923756858,5
2459.50648776482,2
2459.50963785008,4
2459.88274794899,4
2459.8858480329,3
2460.61436775161,5
2460.70097009566,2
2460.70412018093,2
2461.37003820521,5
2461.56679353075,3
2461.71634757871,7
2462.35366482886,3
2462.37256534044,7
2462.53501973756,3
2462.5473200705,4
2462.7561257222,3
2462.90002961722,3
2463.02818308593,3
2463.36114209807,3
2463.36274214138,3
2463.39849310905,3
2463.43589412137,2
2463.53104669685,2
2463.73825230525,2
2463.7531027072,2
2463.76400300224,2
2463.84100508644,2
2463.95995830613,2
2463.96420842117,2
2463.96775851725,2
2463.98120888131,2
2463.99885935906,2
2464.00415950251,2
2464.03596036326,7
2464.18956452084,3
2464.2001148064,2
2464.21101510144,2
2464.88588336798,5
2464.9343346794,1
2464.9950363224,3
2465.27919401365,3
2465.38449686386,7
2465.40704747424,3
2465.44524850822,2
2465.45039864762,2
2465.46094893318,2
2465.57660206354,7
2465.58240222053,3
2465.62355333436,3
2465.64745398128,3
2465.69200518714,3
2465.70950566082,3
2465.71505581105,3
2465.73125624954,7
2465.75045676924,3
2465.76330711706,3
2465.77775750818,3
2465.78895781134,3
2465.79745804141,3
2465.79955809825,3
2465.80975837434,7
2465.81155842307,2
2465.83405903209,3
2465.84265926487,3
2465.84790940697,3
2465.86325982246,3
2465.88296035569,3
2465.90026082396,3
2465.90841104456,3
2465.92116138967,7
2466.02101409237,3
2466.02261413567,2
2466.06206520349,7
2466.08946594514,3
2466.1095664892,3
2466.14531745686,3
2466.16226791566,3
2466.17696831355,3
2466.18796861129,2
2466.23982001475,3
2466.24842024753,3
2466.26162060482,3
2466.40507448766,3
2466.43957542149,3
2466.52217765727,3
2466.56767888885,7
2466.59747969546,7
2466.92288850324,3
2466.94113899723,3
2466.94468909332,7
2466.97303986068,3
2467.00574074579,3
2467.03884164173,3
2467.05089196789,3
2467.05564209646,4
2467.06099224127,3
2467.0864929315,3
2467.103543393,7
2467.11154360954,3
2467.11744376924,3
2467.18529560577,7
2467.20889624456,3
2467.22899678862,7
2467.24979735163,7
2467.30809892967,3
2467.3404498053,7
2467.39010114921,3
2467.47090333627,3
2467.49720404814,3
2467.51040440543,3
2467.52895490754,3
2467.53205499145,1
2467.54150524723,3
2467.55620564513,3
2467.58650646527,3
2467.60335692136,3
2467.63490777534,3
2467.65480831399,7
2467.66880869293,3
2467.69060928301,3
2467.73886058902,3
2467.78491183548,3
2467.8185627463,7
2467.88081443126,4
2467.89006468163,3
2467.90501508629,3
2467.94686621907,3
2467.96961683486,7
2468.00376775921,2
2468.02191825049,2
2468.04081876207,3
2468.05141904898,3
2468.17832248386,3
2468.22327370054,3
2468.34752706369,2
2468.3891281897,7
2468.45427995315,3
2468.55728274111,3
2468.64753518395,7
2468.65803546816,3
2468.70013660771,3
2468.72998741567,3
2468.98719437745,3
2469.01549514346,3
2469.05199613143,7
2469.44760683935,5
2469.78701602608,4
2469.91211941223,4
2469.94442028652,7
2469.99047153298,4
2470.00787200395,4
2470.54233647021,3
2470.65058940027,7
2470.91399652987,2
2471.07525089451,5
2471.42806044395,7
2472.30083406716,5
2473.12015624361,4
2473.12510637759,4
2473.56976841318,4
2473.76817378339,4
2473.78052411767,4
2473.78707429496,4
2473.80797486067,4
2474.26393720213,4
2474.28988790453,4
2474.39144065324,4
2474.5291943818,4
2474.67609835802,3
2474.71879951381,3
2474.78635134222,2
2474.79540158718,7
2474.86725353199,2
2475.39786789403,5
2475.50227071989,4
2475.51337102033,4
2475.90878172285,5
2475.97073339968,2
2476.01363456088,4
2476.12953769801,5
2476.13113774132,4
2476.14543812839,3
2476.21268994868,4
2476.23214047514,2
2476.25684114371,4
2476.26664140897,4
2476.26914147664,4
2476.28084179333,4
2476.28494190431,4
2476.39379485061,2
2476.48774739361,2
2476.50259779556,4
2476.52759847225,2
2476.53284861436,2
2476.53994880654,7
2476.62140101119,2
2476.65200183946,2
2476.69990313599,2
2476.73605411448,2
2476.80000584545,2
2477.23031749263,4
2477.68717985844,4
2477.74958154745,3
2477.82113348414,5
2478.00313841043,2
2478.02278894231,7
2478.16334274666,2
2478.27299571461,2
2478.27999590409,2
2478.32269705987,2
2478.33079727912,2
2478.36179811821,2
2478.37159838348,2
2478.37974860408,2
2478.40984941881,2
2478.41599958528,2
2478.52780261143,2
2478.53875290782,2
2478.57390385924,2
2478.58255409338,2
2478.59345438841,2
2478.6021546239,2
2478.6103048445,2
2478.62330519638,2
2478.63405548736,2
2478.64465577427,2
2478.67085648344,6
2479.06521715753,2
2479.07996755678,2
2479.10511823753,4
2479.111268404,4
2479.12031864896,4
2479.17032000233,2
2479.37682559179,2
2479.50087894952,5
2479.54028001598,7
2479.54608017297,2
2479.6316324886,3
2479.64638288785,3
2480.06484421427,5
2480.22109844357,2
2480.25604938958,3
2480.27569992146,3
2480.2955004574,3
2480.37095249965,7
2480.3954531628,3
2480.41235362024,3
2480.44325445663,3
2480.46230497227,7
2480.47380528354,3
2480.49475585061,3
2480.53730700233,7
2480.56945787256,7
2480.59585858714,3
2480.61565912308,3
2480.63155955345,7
2480.6390097551,7
2480.65386015706,3
2480.72511208562,7
2480.73901246186,3
2480.82001465433,3
2480.8616657817,3
2480.99791946965,7
2481.48993278689,3
2481.61968629891,4
2481.74678973919,2
2481.81434156761,2
2481.87524321602,5
2481.95159528263,7
2481.95984550593,2
2482.03424751976,2
2482.08999902878,2
2482.09724922502,2
2482.17825141749,2
2482.1836015623,2
2482.31290506214,2
2482.41180773912,2
2482.45945902889,2
2482.46335913445,2
2482.46635921565,2
2482.57901226481,3
2482.6528142624,2
2482.67001472796,2
2482.73781656314,2
2482.7423666863,2
2483.15577787603,3
2483.24148019572,5
2483.65594141387,4
2483.7474938919,4
2483.77059451716,4
2483.89594791008,4
2483.98160022842,3
2484.01810121638,4
2484.02385137202,4
2484.08610305698,7
2484.14395462284,5
2484.1663052278,7
2484.1686552914,2
2484.21020641606,2
2484.2981087953,2
2484.44571279047,6
2484.49216404776,3
2484.55431573001,2
2485.44903994735,7
2485.65639555981,2
2485.85965106129,2
2486.25641180035,7
2486.41361605537,3
2486.73657479683,2
2487.22803809919,3
2487.69725079928,7
2488.97233531177,2
2489.47984904856,5
2489.50054960886,2
2489.5144499851,2
2489.51955012314,2
2489.5389006469,2
2489.5426507484,2
2489.54945093246,2
2489.56130125321,2
2489.56525136013,2
2489.57065150629,2
2489.58305184193,2
2489.63420322644,3
2489.6536537529,3
2489.76720682642,3
2489.76975689544,3
2489.77740710251,2
2489.78990744086,2
2489.79740764386,2
2489.83435864401,2
2489.83905877123,2
2489.84795901213,2
2489.95206182986,2
2490.00496326173,4
2490.13426676157,2
2490.17786794171,2
2490.18681818397,2
2490.21676899464,3
2490.21916905961,2
2490.22266915434,5
2490.34447245117,5
2490.41582438244,4
2490.42147453537,4
2490.47197590228,2
2490.56487841686,2
2490.8518361839,4
2490.91528790133,7
2492.04761854993,4
2492.06446900602,5
2492.48648042853,4
2492.49753072762,4
2492.59828345468,4
2492.64428469979,7
2492.68688585287,2
2492.80118894669,2
2492.81553933511,2
2492.84104002533,2
2492.87209086578,2
2492.90189167239,2
2492.90829184562,2
2492.96559339659,2
2492.98579394336,2
2493.00069434666,2
2493.00704451854,2
2493.14574827281,2
2493.15924863823,7
2493.21775022168,2
2493.26530150874,2
2493.2699516346,2
2493.27645181054,5
2493.2810019337,4
2493.28945216242,4
2493.29335226799,4
2493.30435256573,4
2493.32265306107,2
2493.33395336693,4
2493.34775374046,2
2493.35175384873,2
2493.36555422226,2
2493.38040462422,2
2493.39610504918,2
2493.39895512632,2
2493.41080544707,2
2493.41515556481,4
2493.41900566902,4
2493.50290793999,2
2493.50880809969,2
2493.51355822826,2
2493.51955839067,2
2493.52565855578,2
2493.53665885352,2
2493.54030895232,2
2493.54180899292,3
2493.56835971156,2
2493.65781213276,2
2493.70566342794,2
2493.81711644462,2
2494.22827757345,4
2494.24052790502,4
2494.61028791325,2
2494.63428856287,2
2494.73959141309,2
2494.76024197203,2
2494.7878427191,2
2494.79154281925,2
2494.7959929397,2
2494.80434316571,4
2494.87849517277,2
2494.91124605923,2
2494.99704838163,4
2495.00604862524,4
2495.01624890133,4
2495.06555023576,4
2495.07300043741,4
2495.079450612,4
2495.08290070538,4
2495.08625079606,4
2495.09310098147,5
2495.13420209395,4
2495.13690216703,5
2495.14735244989,4
2495.15290260011,4
2495.15600268402,4
2495.15985278823,4
2495.16735299124,4
2495.17605322672,4
2495.17950332011,4
2495.18545348116,4
2495.19735380326,4
2495.2038539792,4
2495.24390506326,4
2495.24610512281,4
2495.24910520401,4
2495.25175527574,4
2495.25470535559,4
2495.25850545844,4
2495.26270557213,4
2495.26750570205,4
2495.27955602822,4
2495.28580619739,5
2495.29760651679,4
2495.3022066413,4
2495.30785679423,4
2495.31390695799,4
2495.3540080434,4
2495.35855816655,4
2495.36145824505,4
2495.36410831678,4
2495.36760841151,4
2495.37880871467,4
2495.38490887978,4
2495.43491023316,4
2495.43706029136,4
2495.44521051196,4
2495.66821654802,3
2495.82762086259,2
2495.87642218349,7
2495.90112285206,2
2495.90392292785,2
2495.94947416077,7
2495.95007417701,2
2495.95657435295,2
2496.02587622873,5
2496.13777925759,2
2496.44508757546,2
2496.44723763365,3
2496.48018852553,5
2496.72734521527,3
2496.75679601241,4
2496.77434648745,3
2496.95830146653,4
2496.96295159239,4
2496.96740171284,4
2496.98670223525,4
2497.06535436411,7
2497.17230725898,4
2497.18390757297,5
2497.19265780981,4
2497.20715820229,4
2497.22935880319,4
2497.23915906845,4
2497.24250915913,4
2497.24960935131,4
2497.25685954755,4
2497.30466084138,4
2497.30691090228,4
2497.31556113641,4
2497.36616250603,4
2497.36891258047,5
2497.37211266708,4
2497.37731280783,4
2497.38296296076,4
2497.38746308257,4
2497.39476328016,4
2497.40226348317,4
2497.40861365505,4
2497.41811391219,4
2497.42316404888,4
2497.45431489204,5
2497.48596574872,4
2497.49051587188,4
2497.50746633068,4
2497.50986639564,4
2497.52001667037,4
2497.52361676782,4
2497.52761687609,4
2497.54381731458,4
2497.54686739714,4
2497.55981774766,4
2497.56346784646,4
2497.56941800751,4
2497.57906826871,4
2497.64422003216,4
2497.64642009171,4
2497.64892015938,4
2497.65292026765,4
2497.66292053833,4
2497.67407084013,4
2497.69672145321,4
2497.70632171306,4
2497.73882259276,5
2497.77507357395,4
2497.77732363486,4
2497.79247404493,4
2497.90942721048,2
2497.97672903213,2
2497.98917936912,5
2497.99172943814,5
2497.99452951393,2
2498.00037967228,2
2498.0392807252,5
2498.04343083753,4
2498.04908099047,4
2498.0747816861,4
2498.10553251843,2
2498.15978398684,2
2498.16313407752,4
2498.16713418579,4
2498.17008426564,4
2498.1738843685,4
2498.20193512774,2
2498.31118808487,2
2498.47794259839,7
2498.69284841521,2
2499.01560715126,5
2499.0835589905,3
2499.47731964835,4
2499.48011972414,5
2499.49197004489,4
2499.6652747357,2
2499.69257547464,2
2499.69572555991,7
2499.7066758563,4
2499.77077759133,4
2499.79232817463,2
2499.80332847238,4
2499.81017865779,2
2499.8176788608,4
2499.82477905297,4
2499.83432931147,4
2499.84087948876,4
2499.85442985553,4
2499.89488095041,4
2499.89753102214,4
2499.9005811047,4
2499.91188141056,4
2499.91858159191,4
2499.92398173808,4
2499.94023217792,4
2499.94313225642,4
2499.95163248649,4
2500.00603395897,4
2500.00873403205,4
2500.01198412002,5
2500.01678424995,4
2500.02433445431,4
2500.03208466408,4
2500.0441849916,4
2500.05353524468,4
2500.06213547746,4
2500.0753858361,4
2500.07918593896,4
2500.28389147969,7
2500.34419311186,3
2500.40604478599,7
2500.48264685937,3
2500.51039761049,3
2500.52639804357,3
2500.56804917094,7
2500.58389959996,3
2500.59439988417,7
2500.60180008447,7
2500.61420042011,3
2500.83785647376,3
2501.18356583102,3
2501.35672051777,6
2501.79663242479,4
2501.91918574192,4
2501.9286359977,5
2501.93033604372,4
2501.93638620748,4
2502.30174609661,4
2502.30994631856,4
2502.46235044366,4
2502.49990146005,4
2502.52815222471,4
2502.53665245478,4
2502.54780275658,4
2502.55460294064,4
2502.55745301778,4
2502.57775356726,4
2502.62585486921,5
2502.63470510875,4
2502.64865548635,4
2502.66165583822,4
2502.69740680589,4
2502.69985687221,4
2502.764208614,5
2503.05096637562,2
2503.47567787122,5
2503.80608681434,4
2504.1917972543,2
2504.25359892707,2
2504.30145022225,2
2504.73831204672,4
2504.75361246085,2
2504.79156348806,2
2504.86326542881,2
2505.07332111435,2
2505.13267272081,2
2505.49993266137,7
2505.50168270874,7
2506.07584824957,3
2506.3308551518,3
2506.34025540624,3
2506.36730613841,3
2506.38650665811,7
2506.39415686518,3
2506.40385712773,7
2506.45050839044,3
2506.46440876667,7
2506.47740911855,3
2506.48605935269,3
2506.49270953269,7
2506.50095975599,7
2506.51766020802,7
2506.5255104205,7
2506.53336063298,7
2506.54001081298,3
2506.57116165614,3
2506.60306251959,3
2506.61651288365,7
2506.62586313673,4
2506.63056326395,3
2506.6402635265,3
2506.65266386214,3
2506.65921403943,3
2506.66501419643,2
2506.6675142641,3
2506.683064685,7
2506.74361632394,4
2506.75511663521,7
2506.79896782213,3
2506.86191952603,4
2506.87501988061,4
2506.91942108241,3
2506.98612288782,4
2506.99817321398,4
2507.07342525082,2
2507.18252820389,2
2507.2301294923,3
2507.23632966012,2
2507.24862999305,3
2507.28618100944,2
2507.29808133154,2
2507.3032814723,2
2507.32283200147,2
2507.32843215304,2
2507.40758429544,2
2507.5231374231,2
2507.52683752325,2
2507.76454395721,1
2507.91414800651,5
2508.02965113282,2
2508.06820217627,2
2508.33825948586,2
2508.34900977684,2
2508.51446425517,2
2508.52811462464,1
2508.6311174126,5
2508.6674683965,7
2508.67791867936,5
2508.82917277333,5
2508.89047443257,5
2508.95887628399,5
2509.04832870518,2
2509.07057930744,2
2509.09312991781,5
2509.12148068518,2
2509.12968090713,2
2509.21343317404,2
2509.22038336216,2
2509.36583729913,2
2509.44878954439,2
2509.49229072183,4
2509.63969471158,5
2509.72444700556,7
2509.75104772556,2
2509.92180234734,2
2509.9382527926,2
2510.05890605831,2
2510.22741061919,2
2510.2867122243,2
2510.43301618428,2
2510.43881634127,2
2511.12288485683,4
2511.23803797366,4
2511.24508816449,4
2511.26308865171,2
2511.38849204598,4
2511.40944261304,4
2511.71760095391,7
2511.97075780606,7
2511.98900830005,7
2512.00565875072,3
2512.62597554073,7
2512.68937725681,3
2512.86103190296,3
2512.93493390325,2
2513.02513634474,3
2513.1044384912,2
2513.19949106397,7
2513.73590558301,5
2513.99151250148,5
2514.49172604067,6
2514.76008330425,4
2514.84748566995,7
2515.09874247068,5
2515.10524264662,4
2515.55310476882,2
2515.64640729423,2
2515.76156041106,2
2515.80786166428,4
2515.88926386758,4
2515.91471455645,2
2516.00181691404,2
2516.05326830666,2
2516.13142042199,2
2516.14032066289,2
2516.14467078064,2
2516.1559710865,2
2516.18537188229,2
2516.25997390153,2
2516.43742870467,2
2516.51603083218,2
2516.66118476103,2
2516.81413890101,2
2517.05029529302,2
2517.21239968067,3
2517.31740252276,7
2517.55950907582,3
2517.59070992033,3
2517.70001287881,7
2517.9470195645,3
2517.96777012615,3
2517.98012046043,3
2517.99202078254,4
2518.10282378162,3
2518.50908477782,2
2518.61118754142,2
2518.62573793525,3
2518.63883828983,2
2518.66563901525,2
2518.71714040922,2
2518.74909127403,2
2518.81319300906,2
2518.82294327297,2
2518.82914344079,3
2518.8773947468,2
2518.89939534229,4
2518.95264678363,2
2518.95749691491,2
2518.96649715852,2
2518.97274732769,2
2519.0905005149,2
2519.09860073414,2
2519.15580228241,2
2519.15925237579,2
2519.1623524597,2
2519.17210272361,2
2519.20540362496,2
2519.21215380767,2
2519.42425954869,3
2519.67561635213,3
2519.82262033106,1
2519.82532040414,7
2519.83337062203,7
2519.88032189285,2
2520.50733886421,2
2520.96180116507,4
2521.07680427783,4
2521.08475449302,2
2521.09405474475,4
2521.10120493828,4
2521.59101819597,3
2521.87877598466,7
2522.03758028299,3
2522.37733947919,1
2522.40109012205,3
2522.4314909449,3
2522.49914277602,3
2522.54059389797,3
2522.88400319297,2
2522.90965388726,3
2522.91150393733,2
2522.9126039671,3
2523.11810952949,2
2523.31001472375,3
2523.91073098323,3
2523.92968149616,3
2523.92983150022,7
2524.66285134074,3
2524.68865203909,7
2524.81675550644,3
2524.91405814012,3
2526.64595501707,4
2526.64765506308,2
2528.02099223496,2
2528.08119386443,2
2528.09864433675,2
2528.10239443826,2
2528.12809513389,2
2528.19079683103,2
2528.20554723028,3
2528.43140334348,7
2529.08447101995,3
2529.13542239905,7
2529.23287503678,4
2529.24112526009,4
2530.1227991242,7
2531.07422487627,2
2531.43378460841,7
2532.29030779178,2
2532.40441088019,2
2532.51116376965,2
2532.63451710843,3
2532.78777125654,2
2532.90562444645,2
2532.91207462103,2
2532.91902480915,2
2532.94352547231,7
2533.07582905335,7
2533.14888103063,5
2533.23713341934,5
2533.42018837406,2
2533.4370888315,7
2534.01085436151,7
2534.01675452121,5
2534.15035813744,5
2534.21100977908,2
2535.02073169569,3
2535.07633320064,5
2535.22108711867,4
2535.3095395128,4
2535.64134849381,5
2535.75455155786,5
2535.93320639348,5
2535.93690649363,5
2536.03055902851,5
2536.17886304262,7
2536.23421454081,3
2536.25411507946,3
2536.45987064861,3
2536.46522079342,5
2536.62967524468,3
2536.90988282901,5
2536.91848306179,3
2537.28514298611,2
2537.30584354641,2
2537.42174668354,2
2537.47704818038,2
2537.5514501942,7
2537.56805064352,7
2537.61445189946,2
2537.62185209976,2
2537.6958041014,2
2537.69985421103,2
2537.74705548862,2
2537.76445595959,2
2537.78840660786,2
2537.79540679733,4
2537.79775686094,4
2537.85100830229,2
2537.88200914138,2
2537.88940934168,2
2537.89735955687,2
2537.96246131897,2
2537.96581140964,2
2537.98406190363,2
2537.98691198077,2
2538.01051261956,2
2538.01276268047,2
2538.02486300798,2
2538.02971313926,2
2538.04076343836,2
2538.04751362106,2
2538.06301404061,2
2538.06741415971,2
2538.07566438302,2
2538.08541464692,2
2538.09341486347,2
2538.10676522482,2
2538.13721604902,2
2538.14236618842,2
2538.14826634812,2
2538.15946665128,2
2538.17751713985,2
2538.19331756751,2
2538.20741794917,2
2538.2115680615,7
2538.21466814541,2
2538.22306837277,2
2538.23041857172,2
2538.50837609515,5
2538.51637631169,3
2538.6719805234,3
2538.92038724698,7
2538.97228865179,3
2539.00408951254,3
2539.01108970201,3
2539.04699067374,3
2539.15654363899,2
2539.21729528334,2
2539.25299624965,3
2539.30339761386,3
2539.33314841912,3
2539.4150006346,3
2539.4823524576,3
2539.50535308015,3
2539.55115431984,3
2539.66640743938,6
2539.8754130965,7
2540.31167490472,2
2540.5140803832,3
2540.5355309638,7
2540.5799321656,7
2540.62903349461,3
2540.69213520258,2
2541.43620534219,2
2541.4718063058,2
2541.48130656294,2
2541.5643588109,2
2541.57000896383,2
2541.5888094727,2
2541.59435962293,2
2541.63626075706,2
2541.64356095465,2
2541.68851217134,2
2541.81506559674,2
2541.94706916965,2
2541.95626941868,2
2542.01117090468,2
2542.10502344497,2
2542.15072468196,2
2542.32387936871,2
2542.33492966781,2
2542.43903248554,2
2542.48503373065,2
2542.48918384298,2
2542.56378586222,2
2542.61723730898,2
2542.64458804928,2
2542.64953818326,2
2542.72444021062,2
2542.96949684353,2
2543.03554863134,2
2543.64526513443,2
2543.66086555668,2
2544.04742601965,2
2544.07552678024,2
2544.16027907422,2
2544.1925799485,2
2544.21138045737,2
2544.27513218293,3
2544.33723386382,7
2544.35418432262,2
2544.35768441736,2
2544.40993583164,2
2544.53608924621,2
2544.55053963734,2
2544.72129425912,2
2545.0525032239,2
2545.08655414555,2
2545.28335947244,3
2545.30020992853,2
2545.31861042657,2
2545.32406057409,2
2545.35646145108,4
2545.36221160672,3
2545.37341190988,3
2545.38966234972,7
2545.42236323483,3
2545.57931748309,4
2545.60276811782,2
2545.61631848459,3
2545.6891204551,2
2545.70477087871,2
2545.78247298186,2
2546.1390326328,7
2546.56634419877,3
2547.11855914547,5
2547.15076001705,1
2547.27761345057,5
2547.43006757702,4
2547.70612504901,7
2547.86512935276,5
2547.94878161696,2
2547.95858188222,2
2548.25718996459,4
2548.27174035843,4
2548.28354067782,4
2548.33849216519,3
2548.36044275932,4
2548.38199334262,4
2548.38429340488,4
2548.39054357405,4
2548.41574425615,5
2548.46389555946,4
2548.46994572322,4
2548.49574642156,5
2548.49629643645,4
2548.65470072395,4
2548.72015249552,4
2548.72475262003,5
2548.72980275672,5
2548.73480289206,4
2548.76465370003,4
2548.77230390709,4
2548.775403991,5
2548.85145604949,4
2548.85225607114,7
2548.85445613069,4
2548.86735647986,4
2548.87020655701,4
2548.90580752061,4
2548.91700782377,4
2548.9434585397,4
2549.02341070376,7
2549.33396910959,2
2549.48317314807,4
2549.7234796524,5
2549.72482968894,4
2550.08848953206,4
2550.10448996514,4
2550.27619461264,5
2550.39809791217,5
2550.405148103,5
2551.06531597165,3
2551.07396620578,3
2551.09201669435,3
2551.27102153945,2
2551.27292159087,7
2551.41227536274,5
2551.51477813716,1
2551.98339082102,5
2552.04014235711,7
2552.11604441153,4
2552.22169727122,5
2552.2346976231,4
2552.64455871674,7
2552.70201027177,3
2552.76401194996,2
2552.81286327221,2
2552.81886343461,2
2552.85036428724,2
2552.87981508438,2
2552.88281516558,2
2552.9126159722,2
2552.92756637686,2
2552.93156648513,2
2552.93601660558,2
2552.99671824858,2
2553.03291922842,2
2553.03906939489,2
2553.04301950181,2
2553.05821991323,2
2553.13147189593,4
2553.1614227066,2
2553.1649728027,2
2553.16977293262,2
2553.17557308961,2
2553.20447387186,2
2553.20767395848,2
2553.21197407487,2
2553.22417440509,2
2553.33672745155,3
2553.36002808222,4
2553.54188300446,2
2553.8481412939,2
2553.87474201389,7
2553.90029270547,4
2553.90084272036,5
2553.93609367449,7
2553.95714424426,7
2554.12909889853,2
2554.17950026273,2
2554.21145112754,4
2554.27925296272,2
2554.33100436347,2
2554.83466799604,2
2555.00902271527,7
2555.53503695281,2
2555.56608779326,2
2555.60163875551,5
2555.91174714916,3
2556.0212001117,4
2556.04410073155,4
2556.1136526141,3
2556.23690595017,3
2556.25930655649,2
2556.27345693949,4
2556.28650729272,4
2556.29815760806,2
2556.29890762836,4
2556.30535780295,4
2556.40041037572,5
2556.56311477961,2
2556.58026524382,4
2556.86137285251,2
2556.92377454153,3
2557.70079557302,7
2558.01720413719,4
2558.27731117747,7
2558.71652306554,2
2558.82887610658,3
2558.89162780507,3
2559.04413193287,7
2559.14768473572,2
2559.20638632458,7
2559.20813637195,2
2559.24623740322,4
2559.25163754939,4
2559.43579253388,2
2559.52434493071,2
2560.00265787712,3
2560.02590850644,3
2560.08676015351,3
2560.1066106908,3
2560.14101162192,4
2560.18181272628,3
2560.3012659595,3
2560.3220665225,3
2560.33136677423,3
2560.34486713964,2
2560.49457119166,2
2560.6454252748,3
2560.66667584998,6
2560.71602718577,2
2560.95023352499,3
2560.97103408799,3
2560.97543420709,3
2561.00678505566,2
2561.01358523972,2
2561.059186474,2
2561.0695867555,2
2561.0931873943,4
2561.12823834301,2
2561.15263900346,2
2561.15718912662,2
2561.19714020797,2
2561.1990402594,3
2561.1998902824,2
2561.20389039068,2
2562.34877137897,3
2562.81428397892,2
2563.12149229407,2
2563.20304450143,1
2563.27604647736,2
2563.30754732999,2
2563.39374966321,2
2563.39829978637,2
2563.42960063359,3
2563.50410265012,3
2563.76015958077,2
2564.09466863487,2
2564.26192316191,2
2564.29137395905,2
2564.36112584702,2
2564.37202614205,4
2564.51207993286,2
2564.51738007632,2
2564.91659088169,2
2564.97714252063,2
2564.98739279807,2
2565.0137435113,2
2565.02709387266,2
2565.03019395657,2
2565.04314430709,2
2565.0484944519,2
2565.05374459401,2
2565.06324485115,2
2565.09189562663,2
2565.10314593114,2
2565.10724604212,2
2565.16874770678,2
2565.17214779881,2
2565.2652503188,7
2565.31660170871,2
2565.34305242465,2
2565.3645530066,2
2565.37305323668,2
2565.37895339638,2
2565.41095426254,2
2565.42530465096,2
2565.66676118642,2
2565.71591251679,2
2565.88326704655,2
2565.93186836203,2
2565.93906855692,2
2566.00187025676,2
2566.01907072232,2
2566.1572244617,2
2566.29727825252,2
2566.47458305159,2
2566.61373681804,2
2566.65463792511,2
2566.66528821338,2
2566.68108864104,2
2566.71043943548,2
2566.71993969262,2
2566.72318978059,2
2566.80274193381,4
2566.89944455125,7
2566.95404602913,2
2566.96614635665,3
2566.98969699409,2
2567.0030973568,2
2567.02799803078,2
2567.14630123287,2
2567.15050134656,2
2567.18335223573,2
2567.18620231287,2
2567.19180246445,2
2567.22895347001,5
2567.27275465557,2
2567.27940483556,2
2567.28635502368,2
2567.4295088984,5
2567.57776291117,5
2567.78851861566,3
2567.8371699325,5
2567.94592287609,5
2567.9608232794,5
2568.0245250036,5
2568.13157790118,4
2568.13817807983,4
2568.22408040493,2
2568.29638236192,2
2568.44368634897,2
2568.48198738566,2
2568.53023869167,2
2569.00695159477,5
2569.1968567349,5
2569.50826516374,4
2569.6254183347,4
2569.63246852553,4
2569.6372186541,5
2569.85942466851,4
2569.86377478625,4
2569.86797489994,4
2570.21443427749,2
2570.3440877868,2
2570.44039039341,2
2570.44804060048,2
2570.46699111341,2
2570.5402430961,2
2570.63334561609,3
2570.63779573655,2
2570.69974741338,2
2570.71074771112,2
2570.78049959909,2
2570.84385131382,2
2570.84670139096,2
2570.95640436027,2
2571.0493568762,2
2571.07340752717,2
2571.28196317211,3
2571.39391620233,2
2571.42741710909,2
2571.444667576,2
2571.46361808893,2
2571.46701818096,2
2571.47561841375,2
2571.5674708999,3
2571.59767171734,2
2571.61932230335,2
2571.6237724238,2
2571.63487272425,4
2571.64402297192,4
2571.65507327102,4
2571.87967935039,2
2571.91418028422,4
2571.91733036949,4
2571.92668062257,2
2571.94443110302,2
2571.9981825579,4
2572.04323377729,4
2572.07038451218,4
2572.08878501022,4
2572.11968584661,5
2572.26298972539,2
2572.26988991215,2
2572.29254052523,4
2572.35104210869,2
2572.35674226297,2
2572.36834257695,2
2572.66595063226,3
2572.76355327405,2
2572.76975344187,2
2572.78665389931,2
2572.79165403465,2
2572.7976041957,3
2572.80025426743,2
2572.83850530277,2
2572.88020643148,4
2572.93515791885,2
2572.938858019,2
2572.98635930471,2
2573.01841017222,2
2573.17436439341,3
2573.17886451521,5
2573.28381735595,7
2573.44932183563,2
2573.56897507426,4
2573.62962671591,2
2573.63827695005,2
2574.06523850654,5
2574.37289683388,5
2574.91981163712,4
2575.04751509365,4
2575.54132845961,7
2575.72738349553,5
2575.99539074963,5
2577.00766814877,5
2577.48953119127,4
2577.49363130225,4
2578.35425459659,5
2578.5853608519,7
2579.539336673,2
2579.60908856096,7
2579.67644038396,2
2579.77894315839,2
2579.79414356981,2
2579.95884802784,2
2580.26760638495,2
2580.32980806855,4
2580.35125864915,5
2580.40100999576,2
2580.41346033275,2
2580.41766044644,2
2580.49346249816,2
2580.50771288387,2
2580.51141298402,2
2580.51781315725,2
2580.52391332237,2
2580.53641366071,2
2580.5407137771,5
2580.79132056023,3
2581.01487661118,4
2581.02017675464,4
2581.28933403987,2
2581.51849024241,3
2581.66834429848,2
2581.94595181243,7
2582.30306147826,2
2582.30701158518,2
2582.44256525418,2
2582.45051546937,2
2582.45591561553,2
2582.48251633553,2
2582.52381745342,5
2582.66582129702,2
2582.66692132679,5
2582.66887137957,2
2582.73027304152,2
2582.97037954044,3
2583.08198256118,2
2583.09978304298,3
2583.27323773785,2
2583.34238960957,3
2583.35323990325,2
2583.55819545075,2
2583.59199636563,2
2583.74370047178,2
2584.32481620074,7
2585.01613491254,3
2585.01928499781,3
2585.32289321552,2
2585.3530440316,3
2585.438846354,2
2585.46519706723,2
2585.51554843008,2
2585.53914906888,5
2585.64875203548,2
2585.65300215052,2
2585.66570249428,2
2585.72590412374,2
2585.7289542063,2
2585.78395569501,2
2585.80395623637,2
2585.86230781576,2
2585.87185807425,2
2585.87875826102,2
2585.89560871711,2
2585.89920881455,2
2585.90275891064,2
2585.91015911094,2
2585.97076075123,2
2586.01436193138,2
2586.17031615257,2
2586.21126726098,2
2586.22941775226,5
2586.26786879301,5
2586.28606928564,5
2586.35787122909,5
2586.53632605929,3
2586.79163296964,4
2586.8783353164,3
2586.89828585639,4
2586.90183595248,4
2586.91118620557,7
2586.91538631925,7
2586.92393655068,7
2586.94808720436,3
2586.96588768616,3
2586.97233786075,3
2586.97893803939,7
2586.9864382424,4
2586.9900883412,7
2587.00613877563,4
2587.01658905849,5
2587.01913912751,3
2587.0515400045,3
2587.09409115622,4
2587.10284139306,4
2587.10839154329,4
2587.11214164479,4
2587.19484388328,4
2587.22984483064,3
2587.2536954762,7
2587.26169569275,3
2587.3423978771,2
2587.41934995995,3
2587.53325304294,7
2587.62305547361,2
2587.6325057294,2
2587.6355058106,5
2587.64195598518,7
2587.70450767826,2
2587.71070784608,2
2587.7466088178,2
2587.79701018201,2
2587.79881023073,5
2588.06926755115,3
2588.10911862979,5
2588.15351983159,2
2588.15901998047,2
2588.27422309865,2
2588.32362443579,3
2588.40602666615,2
2588.90664021617,7
2589.06209442382,7
2589.24884947869,2
2589.30440098229,2
2589.43740458228,2
2589.53595724979,2
2589.91981763967,7
2589.94371828658,7
2590.00917005815,2
2590.90254423896,5
2591.16905145246,2
2591.1719015296,2
2591.17485160945,2
2591.18965201005,2
2591.2533037329,2
2591.30965525816,2
2591.31730546523,2
2591.32490567094,2
2591.37960715154,2
2591.40825792702,5
2591.41620814221,2
2591.46475945634,2
2591.4708096201,2
2591.47640977168,2
2591.48385997333,2
2591.5892128249,2
2591.59451296836,4
2591.59806306444,2
2591.65206452609,5
2591.73231669826,2
2591.74356700277,2
2591.87712061765,2
2591.9918237223,2
2592.00132397944,2
2592.04582518394,2
2592.06437568605,2
2592.3767341406,2
2592.51493788134,7
2592.55478895998,2
2592.60379028629,4
2592.60809040268,5
2592.61114048523,4
2592.99295081963,3
2593.09665362653,2
2593.10035372668,2
2593.15425518563,3
2593.22525710742,3
2593.2796585799,3
2593.31735960034,3
2593.35566063703,2
2593.36186080485,2
2593.36521089553,2
2593.45611335597,2
2593.52346517897,2
2593.52821530754,2
2593.53416546859,2
2593.54271570002,2
2593.57361653641,2
2593.5787666758,2
2593.58586686798,2
2593.60706744182,2
2593.61771773009,2
2593.66336896572,2
2593.67111917549,2
2593.67536929053,2
2593.68076943669,2
2593.69001968707,2
2593.69596984812,2
2593.78167216781,2
2593.7940225021,2
2593.79722258871,2
2593.80497279849,2
2593.81767314224,2
2593.82237326946,2
2593.9421265108,2
2594.19873345634,7
2594.23353439829,4
2594.23913454987,4
2594.24513471227,4
2594.48864130322,4
2594.52399226006,2
2594.52929240352,2
2594.63169517524,4
2594.66854617268,4
2594.85110111386,3
2595.20331064705,4
2595.32891404674,4
2595.38141546778,2
2595.44491718657,2
2595.77652616218,7
2596.42624374797,3
2596.67745054734,3
2596.84795516236,3
2597.36706921313,2
2597.78893063158,2
2597.80358102812,2
2597.80793114586,2
2597.85363238285,2
2597.94843494885,3
2597.95673517351,5
2598.1289898359,2
2598.39574705617,2
2598.69895526306,3
2598.95661223701,3
2599.28742119096,5
2599.35707307622,7
2599.38087372042,5
2599.58417922326,5
2599.80703525526,2
2599.85073643812,7
2600.71625986509,2
2600.98701719363,4
2601.07326952821,4
2601.12552094249,2
2601.13042107512,2
2601.23262384142,4
2601.2375739754,4
2601.2441241527,4
2601.37982782577,4
2601.387078022,4
2601.40242843749,4
2601.41092866757,4
2601.43412929553,4
2601.48663071658,7
2601.4935809047,4
2601.50558122951,4
2601.50813129853,4
2601.50998134861,2
2601.52193167207,4
2601.5254317668,4
2601.53233195357,7
2602.32755347769,3
2602.7828158002,2
2603.43613348343,3
2603.96769787119,2
2603.99059849104,2
2604.25140555026,3
2605.0076760201,2
2605.01327617168,2
2605.090578264,2
2605.11762899618,2
2605.20713141872,2
2605.21888173677,2
2605.22498190188,2
2605.22863200068,2
2605.26353294533,2
2605.26778306037,2
2605.27123315375,2
2605.30143397119,2
2605.30888417285,2
2605.3422850769,2
2605.35113531645,2
2605.41668709073,2
2605.41998718005,2
2605.47458865794,7
2605.50853957689,2
2605.51418972982,2
2605.76739658332,2
2605.89274997624,2
2605.89660008045,2
2605.90135020902,2
2605.99340270059,2
2606.03755389562,2
2606.05250430028,2
2606.06035451276,2
2606.06495463728,2
2606.20465841861,2
2606.34901232582,2
2606.606419293,3
2606.67927126488,2
2606.69292163435,2
2606.79837448862,7
2606.8305753602,2
2607.75785045859,2
2607.8986542697,2
2607.94925563932,3
2608.11641016366,2
2608.242813585,2
2608.29326495056,3
2608.43166869671,2
2608.46411957505,5
2608.48847023415,2
2609.73810405777,2
2609.74095413491,2
2610.08661349081,4
2610.1374648672,5
2610.50372478069,2
2610.50917492821,2
2610.60142742519,7
2610.98338776365,4
2611.27264559294,5
2611.29399617083,5
2611.51970227998,2
2611.52020229351,5
2611.56040338163,2
2611.563003452,3
2611.88586219076,4
2611.89071232204,4
2612.13286887645,4
2612.23882174426,4
2612.24482190667,4
2613.21464815678,2
2613.30870070249,2
2613.40835339977,2
2613.47295514833,2
2613.53525683464,2
2613.54170700923,2
2613.57435789298,2
2613.57800799178,2
2613.64815989057,2
2613.65516008004,2
2613.76366301687,2
2615.3020046549,2
2615.40950756466,2
2616.23027978036,7
2616.26783079674,2
2616.30158171027,2
2616.43558533733,2
2616.43858541853,2
2616.49308689371,2
2616.51213740935,2
2616.8821974257,4
2617.13020413845,4
2617.28235825678,5
2617.28645836776,4
2617.54591539044,2
2617.61321721208,2
2617.66926872922,7
2617.67181879824,5
2618.03257856286,7
2618.20883333352,3
2618.30798601727,2
2618.31748627441,2
2618.34413699576,3
2618.45408997184,3
2618.45819008282,7
2618.50504135093,7
2618.53244209258,3
2618.61349428641,3
2618.89295185044,3
2618.90165208593,3
2618.90685222668,3
2618.92440270171,3
2618.94235318758,3
2618.95355349073,3
2618.95930364637,3
2618.96465379118,7
2618.97045394817,3
2618.97880417419,3
2618.9849043393,3
2619.15720900304,4
2619.1780595674,3
2619.22636087476,7
2619.28846255566,1
2619.30561301987,7
2619.37866499715,3
2620.48159484996,4
2620.6634497722,3
2620.99810883036,4
2621.03690988058,3
2621.0950114532,2
2622.26239305052,7
2622.41209710253,2
2622.5493008162,2
2622.70185494535,4
2623.05366446772,4
2623.23066925868,4
2623.37652320648,4
2623.54022763744,4
2624.04034117393,4
2624.17804490113,4
2624.31354856878,2
2624.31859870548,2
2624.43580187779,2
2624.4714028414,2
2624.47990307147,2
2624.48820329613,2
2624.62835708965,7
2624.82841250452,1
2625.27607462131,5
2626.11934744603,4
2626.14349809971,4
2626.30110236556,2
2626.30955259428,2
2626.32195292991,7
2626.32750308014,7
2626.4646067911,3
2626.58336000537,3
2626.62386110161,3
2626.65826203273,7
2627.12642470441,2
2627.1447752011,2
2627.30002940334,1
2627.91969617575,2
2627.97119756973,2
2627.99134811514,2
2628.04589959168,2
2628.04879967017,2
2628.05424981769,2
2628.12165164205,2
2628.13100189513,2
2628.14425225377,2
2628.16675286279,2
2628.17140298866,2
2628.32215706909,2
2628.33075730187,2
2628.33825750488,2
2628.34190760368,2
2628.34915779992,2
2628.36080811525,2
2628.36865832773,2
2628.38025864172,2
2628.3874588366,2
2628.5984145465,5
2628.77971945385,5
2628.97442472391,2
2628.9877250839,2
2629.49443879904,3
2629.52098951768,3
2629.59539153151,7
2629.60459178053,7
2629.78679671224,7
2629.85479855283,2
2629.94105088741,3
2629.99070223131,7
2630.02090304875,3
2630.06080412875,7
2630.1178056716,2
2630.14530641596,3
2630.17515722392,3
2630.24550912813,3
2630.25090927429,3
2630.28841028932,3
2630.29956059113,3
2630.31541102015,3
2630.32056115955,7
2630.32631131518,3
2630.3376616224,3
2630.34821190796,3
2630.37726269428,3
2630.38366286751,3
2630.39116307052,3
2630.40196336284,3
2630.40756351442,3
2630.4213138866,3
2630.46181498284,7
2630.46951519126,7
2630.47016520885,2
2630.48236553908,7
2630.49041575697,3
2630.49866598028,3
2630.50631618734,3
2630.52876679501,3
2630.54401720779,3
2630.57701810102,3
2630.59211850974,7
2630.60206877906,3
2630.61026900102,3
2630.6247693935,3
2630.64001980628,3
2630.65357017304,3
2630.67122065079,3
2630.68947114477,2
2630.70392153589,3
2630.71857193243,3
2630.73022224777,3
2630.74022251845,3
2630.75572293799,7
2630.7669732425,3
2630.77482345498,3
2630.79082388807,7
2630.85177553783,3
2630.88617646896,7
2630.91312719843,7
2630.93632782639,7
2630.9460780903,7
2630.95667837722,2
2630.95827842053,3
2631.02783030308,3
2631.08223177555,3
2631.12108282713,7
2631.14018334412,7
2631.17183420081,3
2631.22453562727,3
2631.25498645147,3
2631.25548646501,3
2631.27503699418,7
2631.34013875627,3
2631.36253936259,3
2631.40619054409,3
2631.41839087431,3
2631.45754193401,4
2631.46229206258,3
2631.51324344167,3
2631.56549485595,3
2631.57764518482,3
2631.59099554617,3
2631.66954767233,3
2632.08455890537,2
2632.3374157494,4
2632.88283051204,7
2634.73213056673,5
2634.79898237619,5
2634.88188462009,4
2634.9144855025,5
2634.94288627121,5
2635.04643907406,5
2635.10874076037,5
2635.16344224096,5
2635.21384360517,2
2635.32359657583,5
2635.33504688576,2
2635.33979701433,2
2635.40049865733,5
2635.46280034364,5
2635.47865077266,2
2635.50665153055,5
2635.53980242784,2
2635.59570394092,2
2635.68585638106,5
2635.74445796722,5
2635.78065894706,5
2635.85266089592,5
2635.86056110976,5
2636.03026570312,4
2636.05396634462,5
2636.05641641094,5
2636.07521691981,5
2636.13171844913,5
2636.14701886326,3
2636.19302010837,5
2636.24152142114,7
2636.24642155378,5
2636.26427203693,5
2636.33387392083,5
2636.44882703225,3
2636.63268200862,3
2636.72603453538,5
2636.74143495222,5
2636.89788918694,3
2636.93789026964,3
2636.95544074467,3
2636.9802914173,7
2637.10524479939,2
2637.1148950606,2
2637.12114522977,2
2637.17734675097,2
2637.2022974263,2
2637.27984952539,7
2637.66620998294,2
2637.89581619765,2
2637.93401723163,2
2637.99576890305,5
2638.05507050816,2
2638.20902467521,3
2638.26057607054,3
2638.28747679866,2
2638.29582702468,7
2638.30157718031,2
2638.32967794091,3
2638.36337885309,2
2638.36717895595,2
2638.37952929023,3
2638.39782978557,2
2638.40898008737,2
2638.41868034993,3
2638.74923929711,7
2639.329354999,2
2639.3663560005,2
2639.39370674079,2
2639.40620707914,2
2639.44900823763,2
2639.45265833643,2
2639.48505921342,2
2639.48810929597,2
2639.61941284994,7
2639.64536355235,3
2639.65136371475,2
2639.68401459851,2
2639.75401649324,2
2639.77141696421,2
2639.80581789534,2
2639.91357081186,2
2639.9511718296,2
2640.10412596959,2
2640.11427624432,2
2640.12112642974,2
2640.12612656507,2
2640.1390769156,2
2640.15272728507,2
2640.15877744883,2
2640.1746778792,2
2640.17802796988,2
2640.19542844086,2
2640.24517978747,2
2640.24882988626,2
2640.25778012852,2
2640.26233025168,2
2640.26743038972,2
2640.27698064822,2
2640.28413084175,2
2640.35238268911,2
2640.35538277031,2
2640.35903286911,2
2640.36703308565,2
2640.37678334956,2
2640.39458383136,2
2640.39838393422,2
2640.40798419407,2
2640.41348434294,2
2640.42453464203,2
2640.43348488429,2
2640.44823528353,2
2640.4891363906,2
2640.49253648263,2
2640.49903665857,2
2640.50858691706,2
2640.51753715932,2
2640.52483735691,2
2640.53523763841,2
2640.55013804172,2
2640.5579882542,2
2640.61478979164,2
2640.61778987284,2
2640.62324002036,2
2640.62979019765,2
2640.64004047509,2
2640.71664254847,2
2640.71994263779,2
2640.73009291253,2
2640.74054319538,2
2640.75134348771,2
2640.76249378951,2
2640.78969452575,4
2640.81289515372,2
2640.83024562334,2
2640.86629659913,2
2640.87319678589,2
2640.98034968618,3
2640.98639984994,2
2641.06725203835,2
2641.08880262166,2
2641.11030320361,2
2641.11570334978,2
2641.11915344316,2
2641.12870370166,2
2641.14065402511,2
2641.14565416045,2
2641.15820450015,2
2641.16355464496,2
2641.16850477894,2
2641.1767050009,2
2641.18980535548,2
2641.19705555172,2
2641.20435574932,2
2641.21375600375,2
2641.2508070066,2
2641.25475711352,2
2641.25945724074,2
2641.27015753036,2
2641.27855775773,2
2641.2877080054,2
2641.32125891351,2
2641.32355897577,5
2641.33310923426,2
2641.33805936825,4
2641.34040943186,2
2641.34580957802,5
2641.34800963757,2
2641.36671014373,2
2641.3757603887,2
2641.8472231497,4
2641.85707341631,2
2641.93527553299,4
2641.94437577931,4
2642.04577852396,4
2642.06022891509,4
2642.06607907343,4
2642.07132921554,4
2642.07767938741,4
2642.19458255161,4
2642.22368333928,4
2642.23768371822,4
2642.387637777,4
2642.41643855655,4
2642.43618909113,4
2642.49709073955,2
2642.57884295232,3
2642.57974297668,2
2642.60899376841,2
2642.61409390645,2
2642.63519447758,4
2642.65009488088,4
2642.79789888147,4
2642.81454933214,4
2642.96780348025,4
2642.99810430039,3
2643.04885567407,2
2643.06235603949,2
2643.18040923481,4
2643.20600992774,3
2643.2327606518,3
2643.23696076548,2
2643.24086087104,4
2643.24686103345,4
2643.25446123916,4
2643.25881135691,7
2643.28086195375,4
2643.33746348577,4
2643.34896379705,4
2643.35461394998,4
2643.36426421118,4
2643.37511450486,2
2643.38141467539,4
2643.40716537238,2
2643.42461584471,2
2643.44641643478,2
2643.4615168435,2
2643.46746700455,2
2643.50911813192,2
2643.55096926469,2
2643.57296986018,2
2643.57496991432,3
2643.57566993326,4
2643.58017005507,5
2643.58682023507,2
2643.58962031086,2
2643.6590721907,7
2643.6717225331,2
2643.69142306633,2
2643.69447314889,2
2643.69802324498,2
2643.70312338302,3
2643.95243013097,3
2644.1860864553,2
2644.37814165362,2
2644.48039442128,2
2644.54524617661,5
2644.5479462497,4
2644.65819923389,4
2644.75925196907,4
2644.86835492214,5
2644.95915737988,4
2644.97830789822,4
2644.98485807551,4
2645.18516349714,2
2645.20926414947,5
2645.27826601713,2
2645.88008230639,4
2645.91623328488,7
2646.12003880125,3
2646.31199399687,6
2646.32509435145,4
2646.33204453957,4
2646.33934473717,4
2646.57370108045,4
2646.57760118601,4
2646.59130155684,4
2646.70635467096,4
2646.72935529351,4
2646.73610547622,4
2646.74220564133,4
2646.75105588088,4
2646.80590736554,4
2646.8090574508,4
2646.81805769441,4
2647.30807095751,2
2647.43917450607,2
2647.76658336799,2
2647.97073889383,2
2648.01299003743,4
2648.09794233682,5
2648.25249652011,2
2648.34594904958,4
2648.35434927694,4
2648.37559985213,4
2648.61965645797,4
2648.6416070521,4
2648.90696423448,7
2648.98581636875,3
2649.04211789266,3
2649.06921862619,7
2649.11936998363,7
2649.14572069686,3
2649.44702885231,7
2649.73648668702,3
2650.04474503059,4
2650.0929963366,7
2650.17114845193,3
2651.22282691753,7
2652.10460078435,4
2652.12670138254,4
2652.20810358584,2
2652.3222566756,2
2652.3408071777,4
2652.36570785169,4
2652.42400942972,2
2652.43070961108,2
2652.48246101182,4
2652.50541163302,4
2652.67256615737,2
2652.7138172739,2
2652.77321888172,2
2652.97067422621,4
2653.01087531432,2
2653.02277563643,2
2653.75914556762,3
2653.99110184594,3
2654.23505844907,3
2654.2865098417,3
2655.14658312115,5
2655.69434794741,4
2655.92625422437,2
2656.15371038089,2
2656.28591395922,2
2656.29381417305,2
2656.37706642643,2
2657.4534455606,7
2657.85335638491,6
2657.98155985497,3
2658.0212109282,2
2658.031511207,2
2658.03501130173,2
2658.17466508172,2
2658.25956737975,2
2658.26606755569,2
2658.27876789945,2
2658.28206798877,2
2658.28666811328,2
2658.41097147778,2
2658.42447184319,2
2658.52642460273,2
2658.81073229804,4
2658.89773465292,4
2658.98928713095,6
2659.0847897159,2
2659.10264019906,3
2659.29709546235,2
2659.30024554761,2
2659.30854577227,2
2659.72430702561,3
2659.75100774831,3
2660.42077587681,4
2660.56327973393,4
2660.57668009664,4
2660.6870830849,4
2660.69553331362,4
2660.70903367903,4
2660.71598386715,4
2660.83088697721,3
2660.8447373521,4
2660.94949018743,4
2661.15269568755,2
2661.19074671747,2
2661.9128162616,2
2661.98056809543,2
2662.13812235993,2
2662.32662746216,2
2662.88019244541,3
2662.88969270255,3
2662.9785451075,3
2663.06539745832,3
2663.65911352833,3
2663.75371608892,7
2664.18777783759,7
2665.18230475628,4
2665.19285504184,4
2665.31600837521,4
2665.32550863235,4
2665.60541620856,7
2665.8153718914,4
2666.07062880039,2
2666.09852955558,2
2666.21173261962,2
2666.27438431541,2
2666.29198479179,3
2666.45418918215,2
2666.47678979388,2
2666.52934121628,2
2666.69739576498,3
2667.03125480149,2
2667.07860608314,3
2667.12255727275,3
2667.17200861125,3
2667.39131454716,2
2667.45066615362,2
2667.80412572065,2
2668.14223487219,2
2668.15238514693,2
2668.59394709861,2
2669.32306683356,2
2669.64967567383,7
2670.3138936521,2
2670.35939488367,2
2670.37139520849,2
2670.57370068425,2
2671.01936274691,4
2671.2775197344,1
2671.28066981966,3
2671.49772569468,4
2671.59552834188,5
2671.72443183089,4
2671.94433778305,5
2672.17374399234,3
2672.35294884285,3
2672.39449996751,5
2673.14787035885,3
2673.69953529067,3
2674.0034435165,2
2674.00574357876,2
2674.106946318,2
2674.11579655754,2
2674.17719821949,2
2674.23204970415,2
2674.33585251376,2
2674.35685308218,2
2674.36580332443,2
2674.36900341105,2
2674.42730498909,2
2674.60090968802,3
2674.65201107117,3
2674.67921180741,7
2674.68646200364,3
2674.69161214304,7
2674.7109626668,3
2674.75306380634,3
2674.78466466168,3
2674.80541522333,7
2674.81256541686,3
2674.82666579852,3
2674.86976696513,2
2674.875267114,4
2674.89511765129,4
2674.89846774197,4
2674.90211784076,4
2674.91681823866,3
2674.93256866497,3
2674.95611930241,3
2674.99557037023,4
2675.01677094406,4
2675.06802233127,3
2675.09657310405,3
2675.16297490134,7
2675.27057781381,3
2675.30167865561,3
2675.40858154913,2
2675.47133324762,3
2675.49798396897,3
2675.64493794655,5
2676.22245357806,7
2676.30480580707,3
2677.08657696714,3
2677.37143467733,2
2677.38388501432,2
2677.53903921385,2
2677.58764052934,4
2677.60644103821,2
2677.61459125881,2
2677.61944139009,2
2677.6351918164,2
2677.64339203835,2
2677.64869218181,2
2677.68244309534,4
2677.68904327399,4
2677.69704349053,4
2677.71569399534,4
2677.72144415098,4
2677.76264526616,2
2677.76829541909,2
2677.77154550706,2
2677.78634590766,2
2677.797996223,7
2677.84874759668,7
2677.8993489663,2
2677.96650078388,7
2678.0141020723,2
2678.034152615,3
2678.14735567905,2
2679.01932928061,4
2679.14218260586,4
2679.14613271277,2
2679.26303587697,4
2679.36328859049,7
2680.00755602877,3
2680.19951122439,3
2680.37876607625,7
2680.60862229773,3
2681.08503519271,7
2681.23203917164,7
2681.74750312361,2
2682.21176568973,2
2682.34881939934,2
2683.19759237293,2
2683.23939350435,2
2683.30219520419,4
2683.37484717065,2
2683.39129761591,2
2683.4192983738,4
2683.43794887861,4
2683.45354930087,2
2683.60565341784,2
2683.62260387664,2
2684.64003141517,2
2684.75773460102,2
2684.88728810763,2
2685.41645243042,4
2685.4472532641,4
2685.45805355644,4
2685.47150392049,4
2685.5516060886,4
2685.55505618199,4
2685.64755868574,3
2685.84341398692,4
2686.26392536883,3
2686.30337643664,3
2686.890492328,3
2687.04639654784,4
2687.04974663851,4
2687.06479704588,2
2687.29400324976,4
2687.68601386025,2
2688.12242567253,2
2688.27697985582,5
2688.45618470633,2
2688.56893775819,1
2688.57513792601,2
2688.62323922796,2
2688.63683959608,2
2689.6052658083,7
2689.66271736334,7
2689.74606961942,3
2689.97572583548,7
2689.98102597894,2
2690.14493041531,2
2690.23373281891,2
2690.26743373109,2
2691.65502128868,4
2692.17578538411,2
2692.33378966078,3
2692.54734544106,7
2694.31189320177,2
2695.23381815535,3
2695.42442331443,2
2695.49232515231,2
2695.53262624314,2
2695.5387764096,2
2695.58292760463,2
2695.65802963741,2
2695.66487982282,2
2696.29869697824,2
2696.30539715959,2
2696.35884860635,2
2696.3728489853,2
2696.50910267325,2
2696.53105326739,2
2696.59770507144,2
2696.60925538407,2
2696.61455552753,2
2696.62510581309,2
2696.88046272479,2
2696.89666316329,2
2696.90111328374,2
2697.00881619891,2
2697.10146870672,2
2697.10466879334,7
2697.28527368174,2
2697.30382418384,2
2697.40617695421,2
2697.44147790969,2
2697.71063519492,2
2697.746586168,2
2697.75088628439,2
2697.7753369462,2
2697.77863703552,2
2697.78913731973,2
2697.79333743341,2
2697.80603777717,2
2697.81033789356,2
2697.81803810198,2
2698.37385314613,3
2698.50100658777,3
2698.67441128128,4
2698.6879116467,4
2700.02059771828,2
2700.13695086759,2
2700.24275373134,5
2700.3510066614,2
2700.57811280844,2
2700.66636519715,4
2700.67191534738,2
2700.67951555309,2
2700.68446568708,2
2700.69926608768,2
2700.99397406448,2
2701.10882717319,2
2701.14287809484,2
2701.19352946582,3
2701.20612980687,3
2701.29953233498,3
2701.32933314159,3
2701.41203538008,7
2701.43918611496,3
2701.44533628143,3
2701.45318649391,3
2701.47018695406,3
2702.15885559413,3
2702.27205865818,3
2702.3508607911,7
2702.55981644687,4
2703.10263113914,2
2703.17353305823,2
2703.30568663521,7
2704.08800781016,3
2704.2012108742,4
2704.2093610948,4
2704.21796132759,4
2704.22696157119,4
2704.27986300307,2
2704.37736564215,2
2704.42596695764,2
2704.43681725132,2
2704.45291768711,2
2704.47986841658,4
2704.50231902425,2
2704.61162198273,2
2704.61742213972,4
2704.87677915969,7
2705.1432863732,7
2706.07776166648,5
2706.29626758074,3
2706.92683464819,2
2707.07818874486,3
2707.39829740919,4
2707.45299888978,7
2707.96951287018,4
2708.27287108112,7
2708.61998047627,4
2708.67233189326,2
2708.71848314243,4
2708.7536840952,4
2708.76608443084,2
2708.78053482197,4
2708.79623524693,4
2708.91473845443,4
2708.94028914601,2
2708.99614065773,3
2709.05744231697,4
2709.07254272569,4
2709.08104295577,4
2709.1473947517,7
2709.31109918266,3
2709.350200241,4
2709.40150162957,7
2709.78421198832,2
2709.79391225088,2
2709.92206571958,2
2709.95571663041,2
2710.05101920995,2
2710.05936943596,2
2710.15987215625,2
2710.16477228888,2
2710.20882348121,2
2710.27257520676,2
2710.34262710285,2
2710.42597935893,2
2710.44072975817,2
2710.49688127802,2
2710.50128139711,2
2710.51368173275,2
2710.52198195741,2
2710.65603558582,2
2710.66118572522,2
2710.66633586461,2
2710.73923783784,2
2710.76698858896,2
2710.80723967843,4
2710.84594072595,2
2710.85309091948,2
2710.85924108595,2
2710.9969948145,2
2711.01474529495,2
2711.02094546277,2
2711.06514665916,4
2711.13724861073,2
2711.1752496393,4
2711.19550018741,4
2711.29940299973,4
2711.30510315402,4
2711.40945597852,4
2711.42375636558,4
2711.44745700708,2
2711.51705889099,2
2711.54850974226,4
2711.56501018888,4
2711.57626049339,4
2711.58001059489,4
2711.63761215398,2
2711.64731241654,2
2711.65351258435,2
2711.66571291458,2
2711.68686348706,4
2711.69051358585,4
2711.694213686,4
2711.80331663908,2
2711.96607104432,3
2712.1086249028,3
2712.11617510716,2
2712.59223799267,4
2712.60598836485,3
2712.99804897669,2
2713.01469942736,2
2713.08650137081,2
2713.13045256043,2
2713.15030309772,3
2713.23590541471,2
2713.39505972251,2
2713.40260992687,2
2713.43656084581,2
2713.69656788338,2
2713.70906822172,2
2713.85422215058,3
2714.02617680484,2
2714.10782901491,2
2714.30273429038,2
2714.34793551383,2
2714.354185683,2
2714.50738982975,2
2714.54794092734,2
2714.60359243365,2
2714.60714252974,2
2714.61279268267,2
2714.62199293169,2
2714.62944313335,2
2714.64169346493,2
2714.64619358673,2
2714.65044370177,2
2714.66179400898,2
2714.73299593619,2
2714.73714604852,2
2714.74299620687,2
2714.75719659123,2
2714.76319675363,2
2714.77479706762,2
2714.83714875528,2
2714.84094885814,2
2714.84854906385,2
2714.85579926009,2
2716.19278544806,3
2716.42464172367,4
2716.43914211615,4
2716.44599230157,4
2716.59119623178,2
2716.64679773673,4
2716.93400551054,4
2718.49799784284,3
2718.80140605514,3
2718.87740811227,3
2719.14326530819,4
2719.56672676994,3
2719.62957847114,1
2719.86618487532,2
2720.36774845106,3
2720.40739952429,7
2720.55680356818,7
2720.7865097856,3
2720.80286022815,5
2720.89121261957,3
2720.94206399596,7
2720.94411405144,5
2721.06691737534,3
2721.06851741865,5
2721.07786767173,3
2721.16246996165,5
2721.20092100239,5
2721.22857175081,3
2721.24502219607,5
2721.38887608974,5
2722.11184565823,5
2722.21864854905,2
2722.22409869657,2
2722.27615010543,2
2722.27915018663,2
2722.28990047761,2
2722.320801314,2
2722.33070158197,2
2722.48160566646,2
2723.09842236173,2
2723.11522281647,2
2723.18057458533,2
2723.18922481947,2
2723.22482578307,7
2723.23877616066,2
2723.27877724337,5
2723.64133705671,2
2723.86664315503,5
2723.94189519186,2
2725.61184039198,3
2725.62354070867,3
2725.64884139348,7
2725.65574158024,3
2725.67229202821,3
2725.67804218385,4
2725.681742284,3
2725.7024428443,7
2725.70669295934,2
2725.71634322054,7
2725.73384369422,3
2725.75359422881,7
2725.77339476474,3
2725.78479507331,3
2725.79754541842,7
2725.80334557542,7
2725.81244582173,3
2725.82479615602,3
2725.83344639015,7
2725.84869680293,7
2725.88059766638,3
2725.91349855691,3
2725.93919925254,7
2725.9466494542,2
2725.9666999969,3
2726.05160229494,2
2726.05445237208,3
2726.07150283358,3
2726.09040334516,3
2726.10990387298,3
2726.13780462816,3
2726.14440480681,3
2726.20670649312,2
2726.25910791146,3
2726.30065903611,3
2726.32935981295,7
2726.32975982378,7
2726.33781004167,3
2726.34416021355,2
2726.36126067641,3
2726.40806194317,3
2726.53191529549,2
2726.53256531308,3
2726.80287262944,3
2726.83847359305,7
2726.9694771389,3
2727.0672797861,3
2727.18343293,3
2727.2085336094,7
2727.2204339315,3
2727.23638436323,3
2727.33438701585,7
2728.09195752088,1
2728.10725793501,2
2728.12380838298,2
2728.14720901636,2
2728.2426115986,4
2728.25046181108,2
2728.25286187605,2
2728.31246348927,2
2728.31926367333,2
2728.44866717587,2
2728.49956855361,2
2728.51001883647,2
2728.51306891903,2
2728.63917233224,4
2728.70492411194,2
2728.81342704877,7
2728.85737823839,2
2728.98473168544,2
2728.99448194935,2
2729.05308353551,7
2729.43079375892,2
2730.01400954472,2
2730.02125974096,2
2730.08916157885,2
2730.12861264667,2
2730.16886373613,2
2730.27301655522,2
2730.6797275636,2
2730.77438012554,4
2731.14774023121,3
2731.25319308549,4
2731.26644344413,4
2732.69253204382,4
2733.04209150529,2
2733.08094255686,2
2733.23349668602,2
2733.28404805429,2
2733.32994929669,2
2733.42395184104,2
2733.48130339336,2
2733.58295614478,2
2733.6024566726,2
2733.61165692162,2
2733.71000958371,2
2733.71790979755,2
2733.72305993694,2
2733.72525999649,7
2733.73181017378,2
2733.79536189393,2
2733.80241208475,2
2733.82561271272,2
2734.72388702616,3
2736.12067483277,2
2736.45378384897,4
2736.46948427393,4
2736.55323654084,4
2737.43481040225,2
2737.52476283697,2
2738.18383067585,4
2738.30033382922,2
2738.396236425,2
2738.43968760108,4
2738.52478990453,3
2738.58779160979,2
2738.6567434761,2
2738.76254633984,2
2738.81279769999,3
2738.90970032283,2
2739.09515534251,2
2739.13825650912,2
2739.65812058019,4
2739.93662811851,4
2740.58264560415,3
2740.62799683167,3
2741.17591166198,4
2741.26691412513,3
2741.5300212466,3
2741.63567410629,3
2741.64397433095,2
2741.76602763455,3
2741.89988125754,3
2742.08938638684,3
2742.31729255554,7
2742.5076977092,3
2742.59550008573,3
2743.32886993573,2
2743.53637555225,4
2743.59967726562,3
2745.05766672877,3
2747.10417212117,3
2747.34207856054,3
2748.86816986699,3
2750.66266843837,3
2751.24008406718,3
2751.27393498342,7
2751.64769509992,3
2752.01030491461,3
2752.76657538445,3
2752.96828084398,7
2753.27203906575,4
2753.77220260359,7
2753.80985362268,2
2753.82150393802,2
2753.8330042493,2
2753.84215449697,2
2753.92700679365,2
2753.93095690057,2
2753.94665732553,2
2753.95090744056,2
2753.9684579156,2
2753.97385806176,2
2753.97725815379,2
2753.98320831484,2
2754.08071095393,2
2754.35966850443,3
2754.66597679522,5
2755.0601374639,4
2755.07528787397,4
2755.12698927336,3
2755.13008935727,5
2755.26469300057,2
2755.29899392899,2
2755.49594925994,2
2755.55185077302,3
2755.58985180158,2
2755.59020181106,4
2755.60220213587,5
2755.61285242414,2
2755.68315432699,5
2755.71395516067,2
2756.09916558709,5
2756.65593065695,3
2756.69573173424,2
2756.73743286296,7
2756.76083349634,3
2756.76553362356,2
2756.7756838983,2
2756.80438467513,2
2756.81243489303,2
2756.81668500806,2
2756.83338546009,2
2756.83688555483,2
2756.843135724,2
2756.90033727227,2
2756.90433738054,2
2756.90993753211,2
2756.91498766881,2
2756.92063782174,2
2756.9311881073,2
2756.94258841587,2
2756.95313870143,2
2756.95813883677,2
2756.9689391291,2
2756.97793937271,2
2756.99443981932,2
2757.00284004669,2
2757.01104026864,3
2757.02249057857,2
2757.02554066112,2
2757.03604094533,2
2757.04334114293,2
2757.05214138112,2
2757.06354168969,2
2757.06909183992,2
2757.10549282518,2
2757.11289302548,2
2757.14969402156,2
2757.15474415825,2
2757.16459442487,2
2757.17904481599,2
2757.20039539389,2
2757.20644555765,2
2757.21434577148,2
2757.67445822526,3
2758.0102173132,5
2758.04846834853,2
2758.06266873289,3
2758.08246926883,3
2758.11442013363,3
2758.15857132867,5
2758.17812185784,3
2758.33012597211,3
2758.34277631451,3
2758.35907675571,3
2758.43017868022,3
2758.6430844429,3
2758.64893460124,7
2758.79123845296,7
2758.98219362151,3
2759.07404610766,4
2759.12159739473,3
2759.23860056163,7
2759.28120171471,3
2759.30235228719,7
2759.31670267561,3
2759.33260310598,3
2759.34190335771,7
2759.36110387741,3
2759.38485452026,3
2759.39065467725,3
2759.39770486808,7
2759.40890517124,7
2759.44430612943,3
2759.47085684807,3
2759.56555941137,3
2759.6497116891,7
2759.67121227106,3
2759.78101524307,3
2759.80421587104,3
2759.91661891343,3
2760.53578567231,2
2760.58443698915,2
2760.60353750614,2
2760.74929145124,2
2763.01970290407,2
2763.36391222072,2
2763.44031428868,2
2763.64571984836,2
2763.69827127076,2
2763.81312437947,2
2763.90952698878,2
2764.08018160786,2
2764.19098460695,2
2764.23503579927,3
2764.37733965099,2
2764.42644098,2
2764.48079245112,2
2764.5463442254,2
2764.63839671697,7
2764.67669775366,2
2764.70079840599,2
2764.71884889456,2
2764.72259899606,2
2764.75914998538,3
2764.83170194913,5
2764.8349520371,4
2764.89820374912,2
2764.9275045422,2
2764.93290468837,2
2765.02425716099,3
2765.09665912068,4
2765.10315929662,4
2765.2146123133,2
2765.38086681328,4
2765.38801700681,4
2765.85367961082,7
2766.65650134066,7
2767.55567567845,4
2767.70967984686,2
2767.80213234925,4
2767.995237576,4
2768.01108800502,2
2768.01443809569,4
2768.02393835284,4
2768.3349967722,2
2768.34479703746,4
2768.3541972919,4
2768.36679763295,2
2768.47350052106,4
2768.85586087034,4
2769.00731496972,2
2769.07756687122,2
2769.08796715272,2
2769.16436922068,2
2769.17876961045,6
2769.20007018699,2
2769.28302243225,2
2769.29177266909,2
2769.29532276518,2
2769.38777526757,2
2769.4015756411,2
2769.42207619599,2
2769.49797825042,2
2769.51042858741,2
2769.51507871327,2
2769.51937882966,2
2769.57828042394,5
2769.63563197627,2
2769.64863232814,2
2769.67798312258,3
2769.73813475069,2
2769.83803745474,2
2769.84328759684,2
2769.9100394036,2
2770.27209920341,2
2771.06512066799,3
2771.18412388903,3
2771.93219413691,2
2771.94549449691,7
2772.34180522379,3
2772.88351988628,2
2772.97307231018,2
2773.0044731601,2
2773.01127334416,2
2773.03017385574,2
2773.05782460416,2
2773.08492533769,2
2773.09757568009,2
2773.2368794506,2
2773.24472966308,2
2773.59843923688,5
2773.62578997718,5
2773.65469075943,6
2773.85844627444,4
2773.98414967684,4
2774.03430103427,5
2774.12315343923,5
2774.18800519456,2
2774.19360534614,2
2774.26990741139,2
2774.40016093694,4
2774.40951119002,4
2774.46901280054,2
2774.5164640849,4
2774.53996472099,7
2774.88977418922,3
2774.96937634379,3
2775.00467729928,3
2775.17868200903,5
2775.20283266272,4
2775.43158885442,5
2775.43983907773,2
2775.44113911292,4
2775.46068964209,2
2775.55614222568,5
2775.66609520176,4
2775.67124534116,4
2775.68204563349,5
2775.7710480425,5
2775.77349810882,4
2775.78444840521,4
2775.79254862446,4
2776.07620630217,5
2776.57741986843,7
2776.81392626991,4
2776.82407654464,4
2776.83117673682,4
2779.72450505003,3
2780.11531562804,4
2780.20181796938,4
2780.21566834426,4
2780.80173420721,4
2780.80658433849,4
2780.81623459969,4
2780.82293478104,5
2780.89068661487,3
2780.91708732945,4
2780.91983740389,4
2780.92713760148,7
2780.99143934192,3
2781.04234071966,4
2781.67090773298,2
2781.73160937598,2
2781.86061286769,3
2781.86786306393,2
2781.91906444979,7
2782.13492029232,3
2782.21737252404,2
2782.63778390324,5
2783.41825502812,2
2783.42025508226,7
2783.47390653443,2
2783.47675661157,2
2783.56240892991,2
2783.60431006404,2
2783.64416114268,2
2783.67811206163,2
2784.25167758622,2
2784.2624278772,2
2784.34183002636,2
2784.41048188455,2
2784.75519121474,2
2785.10460067214,3
2785.21735372401,2
2786.02442556888,2
2786.10052762872,2
2786.10372771534,2
2786.159429223,2
2786.33003384073,2
2786.33608400449,2
2786.34543425757,2
2786.35123441456,2
2786.43218660568,2
2786.43543669365,2
2786.45718728237,2
2786.45998735816,2
2786.46348745289,2
2786.46858759094,2
2786.49083819319,4
2786.50463856673,2
2786.50993871018,4
2786.51248877921,2
2786.51693889966,2
2786.52328907154,2
2786.53553940311,2
2786.5389894965,2
2786.54398963183,2
2786.55328988356,2
2786.55999006491,2
2786.56874030176,2
2786.57624050476,2
2786.59774108671,2
2786.60319123423,2
2786.61114144942,2
2786.61924166867,2
2786.67114307347,2
2786.73019467181,2
2786.73924491677,2
2786.7551953485,2
2786.75939546219,2
2786.86869842067,7
2786.86899842879,2
2786.89709918939,2
2786.9031993545,2
2786.90974953179,2
2786.91764974563,2
2786.92674999194,2
2786.92775001901,2
2786.93360017735,2
2786.9417003966,2
2786.95485075254,2
2786.95990088923,2
2787.01730244291,2
2787.02190256742,2
2787.06380370155,2
2787.1238053256,3
2787.1733566668,4
2787.18200690094,4
2787.23720839506,2
2787.26900925581,2
2787.27795949807,2
2787.28095957927,2
2787.28670973491,2
2787.30931034664,2
2787.38836248633,4
2787.56626730164,2
2787.67352020464,2
2787.68162042389,2
2787.79407346763,2
2787.84802492793,5
2788.18103394143,5
2788.79400053249,4
2788.84290185609,2
2788.89250319864,4
2788.89685331638,4
2788.90235346526,4
2788.90695358977,4
2788.91050368586,4
2788.92055395789,5
2789.03155696238,4
2789.05045747396,2
2789.05820768373,5
2789.69907502998,3
2789.84167888981,3
2790.0457844143,4
2790.05278460377,4
2790.19843854616,3
2790.20188863955,4
2790.22813935007,3
2790.98485983209,2
2791.00376034367,2
2791.03541120036,2
2791.05636176742,3
2791.08591256727,2
2791.21386603056,2
2791.25161705236,3
2791.32426901882,2
2791.71337955081,4
2791.95968621755,2
2792.25009407797,2
2792.35574693766,4
2792.36104708111,4
2792.36969731525,4
2792.46724995569,4
2792.48190035223,4
2792.49735077042,4
2792.51725130907,2
2792.61895406184,4
2792.62235415387,4
2792.63385446514,4
2792.73005706904,4
2792.73680725175,4
2792.76685806513,4
2792.76845810844,1
2792.84316013038,4
2792.84831026978,4
2792.89411150947,7
2792.95916327022,4
2792.97686374931,4
2793.05981599457,7
2793.06306608254,7
2793.1373180923,3
2793.1979197326,3
2793.27852191424,3
2793.33967356942,7
2793.34727377514,3
2793.40232526521,7
2793.41922572265,7
2793.42392584987,2
2793.44477641423,3
2793.49397774595,3
2793.53887896128,2
2793.55372936324,3
2793.69633322307,2
2793.74443452502,2
2793.79458588246,2
2793.86418776636,2
2793.96974062334,2
2794.27244881669,2
2794.33070039338,2
2794.34270071819,2
2794.35280099157,2
2794.3554510633,5
2794.36575134209,2
2794.39510213653,2
2794.40115230028,2
2794.40570242344,2
2794.42520295126,2
2794.55215638749,2
2794.55715652282,2
2794.56545674748,2
2794.76361211092,2
2794.77191233558,2
2794.87246505723,5
2794.97931794939,5
2794.98636814022,2
2795.22727466079,2
2795.30232669221,2
2795.34527785477,2
2795.34917796033,2
2795.55838362286,2
2795.61098504662,2
2795.61598518195,2
2795.62868552571,2
2795.63153560286,2
2795.63713575443,2
2795.6440359412,2
2795.65303618481,2
2795.66908661924,2
2795.73603843141,2
2795.74333862901,2
2795.77593951141,2
2795.77963961156,2
2796.22885177031,2
2796.24150211271,2
2796.35525519165,2
2796.40190645435,2
2796.64366299793,2
2796.64711309131,2
2796.88771960377,4
2797.02607334856,4
2797.19077780659,4
2797.43448440296,4
2797.86374602171,4
2797.86754612456,5
2798.77497068566,1
2798.90042408129,5
2799.10737968292,5
2799.22068274967,7
2799.22673291343,5
2799.28738455508,5
2799.32023544425,7
2799.94515235877,3
2800.321562547,4
2800.7620244689,3
2800.97153013956,3
2801.15598513217,3
2801.18048579532,7
2801.18873601863,7
2801.30293910974,3
2802.01585840621,4
2802.32036664828,3
2802.678876352,2
2802.68522652388,2
2802.73582789349,2
2802.74077802748,2
2802.7966295392,2
2802.79962962041,2
2802.80247969755,2
2802.80597979228,2
2802.81398000882,2
2802.8180801198,2
2802.82258024161,2
2802.90623250581,2
2802.91088263167,2
2802.91548275618,2
2802.92793309317,2
2802.96288403918,2
2802.98723469828,2
2802.9941848864,2
2803.00868527888,2
2803.01483544534,2
2803.02833581076,2
2803.03323594339,2
2803.04173617346,2
2803.1643894933,2
2803.5789007128,4
2803.6322021555,3
2803.68435356707,4
2803.6995539785,4
2803.70745419233,4
2803.76750581774,2
2803.80950695458,4
2803.82820746074,4
2803.83175755683,2
2803.9016094475,2
2803.92200999968,4
2803.9267101269,4
2803.99671202163,4
2804.01016238568,2
2804.02331274162,2
2804.04236325726,4
2804.0451133317,4
2804.05416357666,2
2804.05426357936,4
2804.07076402598,2
2804.08011427906,4
2804.12991562702,2
2804.13601579214,2
2804.14566605334,2
2804.15046618326,2
2804.18511712115,4
2804.19101728085,4
2804.2036176219,4
2804.21716798867,2
2804.22736826476,2
2804.23471846371,2
2804.27981968445,4
2804.29827018385,4
2804.47852506278,2
2804.82633447687,4
2805.08034135203,2
2805.21019486675,4
2805.2338455069,5
2805.25764615111,2
2805.97091545705,5
2806.02036679554,2
2806.26522342303,2
2806.30902460859,2
2806.40002707174,2
2806.42857784451,2
2806.43812810301,2
2806.62698321472,2
2806.65583399562,2
2806.67688456539,2
2806.68533479411,2
2806.82438855785,2
2806.8309887365,2
2806.83413882176,2
2807.00314339618,4
2807.12844678774,4
2807.22924951615,4
2807.35095281028,2
2807.46630593252,4
2807.47955629116,4
2807.6000595528,5
2808.19417563364,5
2808.62648733495,5
2808.95549624017,5
2809.06479919866,5
2809.13675114617,5
2809.19155262947,3
2810.44498655595,2
2810.69659336615,2
2810.83689716372,2
2810.94890019529,2
2811.12230488881,2
2811.21520740338,2
2811.22010753601,2
2811.2851092954,2
2811.29130946322,2
2811.48851480094,2
2811.57076702725,2
2812.35768832671,2
2812.55489366444,3
2812.61214521405,4
2813.0310065513,4
2813.40236660284,3
2813.42736727953,3
2813.54962058854,7
2813.63487289605,4
2813.6622736377,5
2813.80082738791,3
2814.48189582227,5
2814.55519780632,7
2814.63314991624,4
2814.73905278269,4
2814.74200286254,4
2814.74845303712,4
2814.76565350269,5
2814.87850655726,4
2814.88550674673,4
2814.9872094995,4
2815.13576352039,4
2815.25486674414,5
2815.93713521098,3
2816.09193940104,5
2816.10978988419,3
2816.19034206448,7
2816.48370000475,7
2816.77630792472,2
2816.85005992095,7
2816.95566277929,7
2817.13771770693,7
2817.82063619137,7
2818.01674149932,3
2818.02549173616,3
2818.10879399089,3
2818.13089458908,3
2818.13664474472,7
2818.47705395852,7
2818.61100758421,3
2819.50628181645,3
2819.93214334317,4
2819.94009355835,4
2820.29170307531,4
2820.2953531741,4
2820.29880326749,4
2820.3012533338,4
2820.34615454913,2
2820.40075602702,4
2820.512109041,4
2820.51675916686,4
2820.81331719374,2
2820.970271442,2
2821.10612511913,5
2821.44298423683,3
2821.73734220417,2
2822.11210234774,7
2822.61156586663,5
2823.08322863304,2
2823.19303160506,4
2823.19353161859,2
2823.20828201784,4
2823.21763227092,2
2823.27393379483,2
2823.31028477873,2
2823.4355881703,2
2823.43853825015,2
2823.45438867917,4
2823.48228943435,4
2823.4881395927,2
2823.55524140893,2
2823.5910923793,2
2823.60639279343,2
2823.67959477478,4
2823.68859501839,4
2823.69569521057,4
2823.87700011792,4
2823.95000209385,3
2823.95130212904,4
2824.19380869292,5
2824.20860909352,2
2824.60641986099,4
2825.11678367492,3
2825.29318844964,2
2825.33243951204,7
2825.38769100752,3
2825.64474796524,4
2825.65914835501,5
2825.76380118763,4
2825.77475148402,4
2825.90505501092,4
2825.90895511649,4
2825.97760697468,4
2826.09401012534,3
2826.14721156533,3
2826.16111194157,3
2826.17346227586,7
2826.17916243014,7
2826.18576260879,3
2826.19161276713,7
2826.21851349525,3
2826.24166412186,4
2826.28721535479,3
2826.3102659787,7
2826.34131681915,3
2826.38216792486,7
2826.5885735116,4
2826.61822431415,3
2826.65862540768,3
2826.70727672452,2
2827.73325449448,2
2827.81905681688,2
2828.03441264588,2
2828.0569132549,2
2828.16531618902,2
2828.63437888506,3
2828.64102906506,3
2828.69743059167,2
2828.70718085558,2
2828.72988147001,2
2828.73593163377,2
2828.7527320885,3
2828.77843278414,2
2828.78218288564,2
2828.82758411451,2
2828.86408510248,2
2828.93328697555,2
2828.95013743164,2
2828.98028824773,2
2829.14774278019,3
2829.48965203459,5
2829.81326079365,3
2830.25192266683,2
2830.34267512321,2
2830.38267620592,4
2830.41567709915,2
2830.44047777042,2
2830.46102832666,2
2830.54843069236,2
2830.55548088319,2
2830.63583305807,3
2831.75271328847,3
2831.84036566094,3
2831.88626690334,3
2831.90386737973,2
2831.91166759086,3
2832.31632854375,3
2832.83229250925,2
2833.53231145654,2
2833.71286634359,2
2833.72461666164,2
2833.72791675096,2
2833.86137036312,7
2834.05812568867,2
2834.07022601618,2
2834.08402638972,2
2834.09917679979,3
2834.1155772437,2
2834.12122739663,2
2834.14497803948,2
2834.14867813963,7
2834.19907950384,2
2834.20567968248,2
2834.26448127406,2
2834.45903654005,5
2834.48723730335,4
2834.49358747523,4
2834.72529374679,3
2834.95019983428,2
2835.22725733335,5
2835.26750842282,2
2835.44241315693,5
2835.74772142066,7
2835.8711247608,7
2835.96952742424,3
2835.99687816454,3
2836.17888309084,2
2836.2826358991,2
2836.4714910108,2
2836.56714359982,2
2836.57554382718,4
2836.67169642973,5
2836.67694657183,4
2836.84935123828,4
2836.95225402353,4
2836.96135426985,2
2836.97345459736,4
2837.05695685751,2
2837.06335703074,4
2837.08155752337,2
2837.09275782652,2
2837.31921395597,2
2837.40831636769,2
2837.41101644078,2
2837.41721660859,2
2837.57302082572,2
2837.63742256887,2
2837.68952397909,2
2837.72142484254,2
2837.77372625818,2
2837.78432654509,2
2837.91578010313,4
2837.92093024252,4
2837.92538036297,4
2837.95583118718,2
2837.96853153094,2
2838.06613417273,3
2838.10288516747,4
2838.11133539619,4
2838.1181855816,4
2838.14773638144,4
2838.15038645317,4
2838.23693879587,2
2838.30959076233,3
2838.32494117782,7
2838.33069133345,3
2838.33614148097,3
2838.34224164609,3
2838.35139189375,7
2838.35969211841,3
2838.3720424527,7
2838.38489280052,3
2838.42754395495,3
2838.46339492532,3
2838.47164514863,7
2838.4763952772,3
2838.54954725719,4
2838.61174894079,3
2838.83505498498,3
2838.98625907759,2
2839.39232006837,3
2839.65882728188,3
2839.91348417463,4
2840.00678670004,4
2840.00813673658,5
2840.01468691387,4
2840.01693697477,4
2840.02338714936,4
2840.23034275099,4
2840.46159901036,7
2840.48369960855,7
2840.48549965728,7
2840.56500180915,3
2840.66805459846,2
2840.76505722401,3
2840.91116117858,3
2841.25197040321,5
2841.57447913249,7
2841.64728110301,2
2841.75268395593,2
2841.75718407774,2
2841.80468536345,2
2841.8728372081,2
2841.87828735562,2
2841.90903818795,2
2841.93303883757,2
2841.96803978493,2
2841.99729057666,2
2842.00154069169,2
2842.07044255665,2
2842.07544269199,2
2842.08284289229,2
2842.09969334838,2
2842.10384346071,2
2842.11099365424,2
2842.1467446219,4
2842.14754464356,2
2842.3569503115,2
2842.44205261495,2
2842.48935389525,2
2842.50200423765,2
2842.54425538126,2
2842.55195558968,2
2842.55860576968,2
2842.56375590908,2
2842.69130936154,2
2842.70150963763,2
2842.83831334047,3
2842.97561705685,7
2843.19722305502,3
2843.20277320525,5
2843.32452650072,5
2843.42487921695,7
2843.45297997755,7
2843.4641802807,3
2843.47213049589,2
2843.82794012653,3
2844.06569656184,3
2844.08109697868,3
2844.10139752815,7
2844.14429868935,7
2844.16184916439,3
2844.20440031611,3
2844.22845096709,7
2844.25510168844,3
2844.28135239896,3
2844.35705444797,7
2844.37085482151,3
2844.41260595158,3
2844.42775636165,3
2844.44425680827,7
2844.45530710736,3
2844.46385733879,3
2844.46990750255,3
2844.47860773804,3
2844.49220810615,3
2844.49845827533,3
2844.5083585433,3
2844.51740878826,3
2844.52570901292,7
2844.53445924976,3
2844.54485953126,3
2844.56256001036,3
2844.56951019848,3
2844.59376085486,3
2844.60081104569,3
2844.6075612284,3
2844.61486142599,3
2844.64996237606,3
2844.66626281726,3
2844.67211297561,7
2844.68741338974,3
2844.73086456583,3
2844.7386147756,3
2844.74386491771,3
2844.75186513425,3
2844.77591578522,3
2844.78536604101,7
2844.79721636176,3
2844.81251677589,3
2844.82426709394,7
2844.84366761905,3
2844.85101781799,3
2844.87071835123,7
2844.8762185001,3
2844.90416925663,3
2844.91366951378,3
2844.93192000776,3
2844.95877073452,3
2844.97042104986,3
2844.97722123392,3
2845.00242191602,3
2845.0101721258,3
2845.02242245737,3
2845.03182271181,4
2845.03607282685,3
2845.04237299737,3
2845.05482333436,3
2845.08617418293,3
2845.09362438458,7
2845.09952454428,7
2845.11157487045,2
2845.11942508293,7
2845.12467522503,7
2845.13002536984,3
2845.13707556067,3
2845.13752557285,4
2845.15282598698,3
2845.1582761345,3
2845.1730765351,3
2845.18127675706,4
2845.21787774773,3
2845.24487847855,7
2845.26342898066,3
2845.30077999163,3
2845.30808018922,3
2845.32088053569,3
2845.36568174831,7
2845.3980826253,3
2845.4077328865,2
2845.42148325868,3
2845.43753369312,3
2845.46098432785,7
2845.47623474063,3
2845.48648501807,3
2845.4927851886,3
2845.50968564604,3
2845.70324088497,3
2845.88694585728,2
2846.03479985922,2
2846.31125734204,3
2846.38035921241,2
2846.4201602897,3
2847.3053842499,7
2847.36908597411,3
2847.79649754278,3
2847.82149821947,3
2847.93810137555,7
2848.06120470756,3
2848.17115768364,3
2848.21370883537,3
2848.26806030649,3
2848.67157122825,2
2849.98815686404,2
2850.32296592626,2
2850.44806931241,2
2850.47201996068,2
2850.4759700676,2
2850.5745227351,1
2851.18333921383,2
2852.74278142298,4
2852.77088218358,2
2853.54722107887,4
2853.83728082684,7
2855.76699567832,2
2857.00073714038,3
2857.22449466015,7
2857.41660111623,4
2857.44410204045,3
2857.46340268908,7
2857.51575444845,3
2857.61645783277,2
2857.63715852845,2
2857.66400943082,2
2857.68030997863,5
2857.68476012819,2
2857.68776022901,2
2857.74691221692,2
2857.75606252443,2
2857.76041267062,2
2858.21412791853,7
2858.87210003084,3
2859.31856503509,3
2859.6296754905,5
2859.64482599966,3
2859.97413706674,2
2860.56200682315,3
2861.36613384726,7
2861.43628620485,7
2861.45698690053,7
2861.74489657625,5
2861.86060046468,5
2862.07130754587,3
2862.55562382217,3
2862.80528221238,2
2863.04849038582,3
2863.27749808203,3
2863.31024918269,3
2863.31664939778,3
2863.33860013547,3
2863.35250060262,3
2863.36065087653,3
2863.39980219228,7
2863.97837163612,7
2864.01122274014,5
2864.11817633451,3
2864.68674544228,3
2865.99643945686,5
2866.00293967531,2
2866.05359137755,7
2866.23079733287,5
2866.64626129527,1
2866.76046513329,7
2867.06367532321,5
2867.49583984686,7
2867.50149003675,3
2867.51654054254,3
2867.73499788419,3
2868.64357841864,7
2868.82603455041,7
2868.83438483103,3
2868.93518821871,5
2868.99874035449,3
2869.31965113926,2
2869.51870782892,5
2869.65791250713,5
2869.75361572341,4
2869.96562284828,5
2870.00672422957,2
2870.00787426822,5
2870.02637488996,2
2870.03962533527,2
2870.0538258125,5
2870.10702760044,2
2870.1193780155,2
2870.12462819194,2
2870.12912834318,2
2870.20523090074,2
2870.21533124018,3
2870.23703196947,2
2870.2456322585,2
2870.31018442788,2
2870.31393455391,2
2870.31833470179,2
2870.35788603098,2
2870.38418691487,2
2870.39143715853,2
2870.40583764248,2
2870.53149186531,2
2870.53494198126,2
2870.6822469317,2
2870.76129958841,3
2871.10626118145,7
2871.88488734856,2
2872.32230204865,3
2873.81945236304,7
2874.54752683127,2
2874.84083668846,3
2875.03754329914,7
2875.26120081554,7
2875.44335693722,5
2875.62636308747,4
2876.23388350426,3
2876.31423620466,2
2876.41033943438,2
2876.41533960242,2
2876.45679099546,2
2876.50294254647,4
2876.549794121,2
2876.5553943092,2
2876.56104449909,2
2876.61374627022,2
2876.77595172142,4
2876.78335197012,4
2876.80500269773,2
2876.89580574933,5
2876.90290598795,4
2876.97440839091,5
2877.01815986126,5
2877.11646316491,5
2877.18696553427,5
2877.29591919585,5
2877.30866962435,4
2878.46065833897,7
2878.8115201303,2
2878.82052043277,2
2878.9359743128,2
2878.97182551764,3
2879.04552799455,2
2879.05082817267,2
2879.1106801841,2
2879.27438568571,2
2879.28543605708,2
2879.55409508584,2
2879.56189534798,2
2879.74255141925,2
2879.76150205612,2
2879.78070270139,2
2879.78625288791,2
2879.81070370963,3
2879.87065572442,2
2879.88245612099,2
2880.30697038755,3
2880.55437870214,2
2880.56997922642,5
2880.81888759143,5
2880.85103867192,5
2880.98134305103,7
2881.07974635805,2
2881.18114976589,2
2881.20450055063,2
2881.2607024394,2
2881.26510258727,2
2881.28935340226,2
2881.29795369129,2
2881.31310420045,2
2881.35575563383,2
2881.41540763854,3
2881.78892019109,3
2882.16913296881,3
2882.19208374011,2
2882.19898397201,3
2882.20423414845,2
2882.64109883006,3
2882.69835075411,3
2882.70815108347,7
2882.73240189846,3
2882.74360227487,3
2882.77385329151,3
2882.79695406785,3
2882.80265425941,7
2882.81695474001,7
2882.82250492653,3
2882.83205524749,7
2882.85265593981,3
2882.882506943,3
2882.90400766557,3
2882.92155825539,3
2882.98611042478,3
2883.00456104485,3
2883.01121126834,3
2883.08161363434,4
2883.59193078445,4
2883.73963574833,3
2883.81448826388,2
2883.82203851762,2
2884.28680413689,7
2884.43875924361,2
2884.5030614046,2
2884.90722498723,3
2884.90837502588,2
2885.14888310858,3
2885.20613503263,3
2885.23318594173,3
2885.25048652314,5
2885.26503701214,4
2885.28708775319,3
2885.52444573003,2
2885.57574745411,2
2885.57914756838,2
2885.61424874802,1
2885.61954892614,2
2885.68535113754,2
2885.74225304983,2
2885.84405647111,2
2885.85065669292,2
2885.97436085022,2
2886.05496355902,2
2886.07901436729,2
2886.08316450676,2
2886.09271482772,2
2886.18221783562,2
2886.19096812969,2
2886.57098090069,3
2886.74203664932,3
2886.77838787097,2
2886.78423806758,2
2886.79763851792,3
2886.83973993281,7
2886.91394242652,2
2886.93639318102,3
2886.96284406995,3
2887.07999800711,7
2887.09619855156,2
2887.20355215937,2
2888.02652981699,4
2888.0305799531,4
2888.03463008921,4
2888.03813020684,2
2888.24373711662,4
2888.24703722753,4
2888.25053734515,4
2888.50059574881,3
2888.5100460664,2
2888.62694999517,2
2888.7834552548,2
2888.78690537075,2
2888.79385560433,2
2888.79705571187,2
2888.85475765105,2
2888.87480832488,2
2888.88015850469,2
2888.88575869289,2
2888.89380896343,2
2888.89710907434,2
2888.90930948436,2
2888.91320961543,2
2888.91615971457,2
2888.92200991118,2
2888.9829119579,3
2888.99631240824,2
2889.00971285859,3
2889.01421300983,2
2889.01866315938,3
2889.31132299473,3
2889.5881322974,5
2889.63868399628,4
2889.67338516247,2
2889.70418619759,2
2889.75533791664,6
2889.79813935506,2
2889.84044077667,2
2889.87834205041,2
2889.95989479113,4
2889.98419560781,3
2890.02279690507,4
2890.40770984075,2
2890.45966158668,7
2890.51891357795,3
2890.5358641476,3
2890.53856423834,5
2890.63946762938,2
2890.64511781926,2
2890.6743688023,3
2890.72737058351,3
2890.76287177659,2
2890.78547253613,2
2890.80642324022,3
2890.818973662,3
2890.92147710681,2
2891.00572993827,2
2891.0148302441,3
2891.01598028275,2
2891.02998075326,2
2891.03603095659,2
2891.04013109438,2
2891.04013109438,3
2891.15718502819,2
2891.1688854214,2
2891.1762856701,2
2891.18098582806,2
2891.1946362868,3
2891.42554404687,2
2891.54449804453,7
2891.66885222367,5
2891.66900222871,5
2891.66900222871,6
2891.66910223207,2
2891.66935224047,7
2891.69370305882,1
2891.72485410571,6
2891.76360540802,2
2891.86900895029,6
2892.01441383688,2
2892.01761394442,2
2892.29327320844,4
2892.29492326389,2
2892.36712569038,2
2892.3823762029,2
2892.41702736742,4
2892.56018217839,3
2892.6524852804,2
2892.6751860433,4
2892.68063622646,4
2892.79143995021,4
2892.80814051146,2
2892.82169096685,2
2892.82609111473,2
2892.84749183394,2
2892.89714350257,2
2892.91704417136,4
2892.91829421337,2
2892.92859455954,2
2893.45956240365,3
2893.48271318167,3
2893.57871640803,7
2893.60386725327,3
2893.61606766328,3
2893.70202055188,3
2894.39474383207,5
2894.65520258525,3
2894.87405994034,5
2894.8917605352,5
2894.8994107923,4
2895.03296528063,2
2895.03741543019,2
2895.14026888676,5
2895.22512173839,5
2895.24132228284,5
2895.25662279704,2
2895.25947289282,2
2895.26307301381,2
2895.3503259461,2
2895.35982626537,2
2895.41277804491,2
2895.41737819951,2
2895.43987895569,2
2895.45792956231,2
2895.47032997905,6
2895.5321820577,2
2895.53683221397,2
2895.58308376834,2
2895.58673389101,2
2895.59053401872,2
2895.67978701822,2
2895.68333713753,2
2895.91619496313,2
2896.30970818784,4
2896.4926643364,2
2896.54506609745,2
2896.63566914233,2
2896.66147000941,2
2896.66952027996,2
2896.7604733366,2
2896.76372344582,2
2896.82637555136,2
2896.83817594793,2
2896.84372613445,2
2896.89252777452,2
2896.90542820806,2
2896.91307846516,2
2896.99093108154,2
2897.03633260733,2
2897.20548829211,2
2897.21203851224,2
2897.21803871389,2
2897.61140193356,2
2897.6982548524,2
2897.72275567579,2
2897.80505844172,4
2898.0833677948,7
2898.14756995243,2
2898.27807433826,4
2898.28617461048,5
2898.37822770409,4
2898.46038046498,2
2898.47178084811,2
2898.4751309607,4
2898.48948144297,4
2898.49258154715,4
2898.49778172191,4
2898.52778273015,4
2898.52813274191,2
2898.53203287298,4
2898.58883478191,4
2898.5921848945,4
2898.59928513312,4
2898.71863914422,4
2898.72283928537,4
2898.7337396517,6
2898.74303996425,4
2898.75039021127,4
2898.75299029865,4
2898.80499204626,4
2898.82054256886,4
2898.88289466432,4
2898.89699513819,4
2898.90049525581,4
2898.91284567087,4
2898.91589577338,4
2899.00799886866,4
2899.25970732777,3
2899.35531054069,4
2899.53476657162,2
2899.65152049534,3
2899.86877779666,4
2899.8689278017,4
2899.86902780506,5
2899.86992783531,4
2899.87032784875,4
2899.87307794117,5
2899.88997850915,3
2899.91467933926,5
2899.91632939472,6
2899.91657940312,1
2899.95388065669,4
2899.957430776,4
2900.03968354025,4
2900.08078492153,2
2900.08908520048,2
2900.18853854279,4
2900.21398939811,2
2900.21633947709,4
2900.21753951741,2
2900.34949395198,2
2900.37604484427,3
2900.52965000644,2
2900.53360013919,2
2900.80950941161,5
2900.92916343279,4
2900.93861375039,3
2901.28077524933,5
2901.86094474695,2
2902.38006219281,5
2902.3862123995,4
2902.40346297924,4
2902.45781480583,4
2902.46156493185,4
2902.46896518055,4
2902.47476537548,4
2902.48391568299,4
2902.48916585943,5
2902.49276598042,4
2902.50366634675,4
2902.51661678197,4
2902.52871718863,4
2902.54856785574,5
2902.5514679532,4
2902.55456805739,4
2902.5629683397,4
2902.5662684506,4
2902.57121861696,4
2902.57691880853,4
2902.58381904042,4
2902.58966923703,4
2902.59681947732,4
2902.60581977979,4
2902.61417006042,4
2902.61942023686,4
2902.62462041162,4
2902.63427073594,4
2902.6392209023,4
2902.64782119133,4
2902.65207133416,4
2902.69187267175,4
2902.69427275241,4
2902.69767286668,4
2902.70112298263,4
2902.71172333887,4
2902.71537346154,4
2902.72467377409,4
2902.73402408833,4
2902.74017429502,4
2902.74457444289,4
2902.82557716513,4
2902.83302741551,4
2902.83597751465,4
2903.14288782892,5
2903.35239486977,5
2903.36959544783,5
2903.47664904555,5
2903.64015454044,3
2903.77175896324,7
2903.79100961019,5
2903.98611616709,4
2904.44218149398,7
2904.54638499592,5
2905.18700652514,2
2905.29801025561,2
2905.37291277285,4
2905.47426617901,4
2905.61617094797,4
2905.68562328203,2
2905.76137582783,3
2905.81787772668,3
2905.94938214612,2
2905.95998250236,2
2905.97233291742,2
2906.04773545145,2
2906.05708576569,2
2906.06413600262,2
2906.14673877864,2
2906.15238896852,2
2906.15598908951,2
2906.17528973814,2
2906.17833984065,2
2906.20034058002,2
2906.20309067244,2
2906.26639279982,2
2906.27024292921,2
2906.28724350055,2
2906.29074361817,2
2906.30124397106,2
2906.31334437771,2
2906.32109463817,2
2906.37924659247,2
2906.39559714196,2
2906.39959727639,2
2906.40759754526,2
2906.41784788974,2
2906.4817000356,4
2906.57890330229,4
2906.58870363165,4
2906.59915398285,4
2906.61475450713,4
2906.61650456595,1
2906.62195474911,4
2906.77385985415,4
2906.78111009781,4
2906.8135111867,4
2906.84601227896,2
2906.8966639812,4
2906.90896439457,2
2906.92506493566,2
2907.07216987938,4
2907.36622976179,7
2907.56193633885,2
2907.68329041717,4
2907.73424212949,7
2907.74144237147,2
2907.92619858053,7
2908.00270115153,1
2909.60590503003,7
2909.94456641135,3
2910.39878167605,2
2910.98105124425,2
2910.99000154504,2
2911.14640680132,2
2911.27766121235,6
2911.28896159212,5
2911.34241338846,4
2911.44391679967,5
2912.07158789366,2
2912.19409201063,2
2912.37389805333,2
2912.4617010041,2
2912.54325374483,2
2912.65575752572,2
2912.88091509253,2
2912.98281851718,2
2913.11957311306,2
2913.53958722838,2
2913.59968924821,2
2913.62284002623,2
2913.63419040768,2
2913.64439075048,2
2914.08335550267,5
2914.09275581858,4
2914.1123564773,4
2914.16755833245,4
2914.17110845176,4
2914.175608603,4
2914.18135879624,4
2914.19710932557,4
2914.20230950033,4
2914.30131282751,4
2914.78137896098,3
2914.94093432312,4
2915.41840036921,4
2915.62570733613,4
2915.63275757306,4
2915.67450897619,4
2915.68275925346,4
2915.72376063138,4
2915.81386365945,4
2916.09497310663,4
2916.19622650943,4
2916.36223208834,5
2916.37843263279,4
2916.3842828294,4
2916.39118306129,4
2916.47848599526,4
2916.48458620027,4
2916.59623995259,4
2916.60394021137,4
2916.6273409978,3
2916.68019277398,4
2916.68699300251,4
2916.70274353183,7
2916.86334892926,4
2916.86944913427,4
2916.89279991901,4
2916.91490066175,4
2916.97360263453,4
2916.9844029975,4
2916.99020319242,4
2916.9974034344,4
2917.03910483585,4
2917.04215493835,4
2917.08295630956,4
2917.08620641878,4
2917.09315665236,4
2917.18165962666,4
2917.18425971404,4
2917.20166029881,4
2917.20931055591,4
2917.21891087855,3
2917.26966258415,7
2917.4756195057,3
2917.6097740142,3
2917.65437551311,4
2917.75352884533,3
2917.92878473512,3
2918.24954551485,7
2918.29359699528,7
2918.48870355218,7
2918.51635448144,3
2918.56855623577,7
2918.60615749942,4
2918.63115833962,4
2918.6381085732,4
2918.88026671135,3
2918.93121842367,3
2918.94361884041,7
2918.94426886225,2
2919.04972240621,7
2920.25316284995,5
2920.25321285163,7
2920.29546427156,5
2920.29626429845,4
2920.29636430181,4
2920.30936473871,4
2920.53957247525,4
2920.5407225139,2
2920.56587335914,4
2920.57522367337,7
2920.60107454214,7
2920.87883387673,7
2920.95938658385,2
2921.04268938339,2
2921.56080679564,4
2921.5708571334,3
2921.87236726618,3
2921.98162093784,2
2922.14717650163,2
2922.25468011448,2
2922.38738457424,4
2922.76364721922,4
2923.00425530527,5
2923.01095553045,4
2923.03465632695,2
2923.04470666471,4
2923.04965683107,4
2923.06460733351,2
2923.10775878369,5
2923.71207909294,4
2923.73217976846,4
2923.738979997,4
2923.74548021545,4
2923.86178412405,4
2923.86863435426,4
2923.87498456767,4
2923.98393822925,2
2923.99073845778,4
2924.00093880059,4
2924.00793903584,2
2924.12219287554,4
2924.12574299485,4
2924.12804307215,2
2924.13534331749,4
2924.13904344184,4
2924.26179756721,4
2924.39195194127,5
2924.49885553396,4
2924.90336912835,5
2925.25338089112,5
2925.38463530215,5
2925.54084055171,5
2925.66879485184,5
2925.68869552063,5
2925.75599778244,4
2926.1282102913,5
2926.29821600465,3
2926.32456689021,2
2926.39301919068,7
2926.61512665499,3
2926.64357761113,3
2926.7048796713,3
2926.71207991327,3
2926.72218025271,3
2926.73823079212,3
2926.75298128784,7
2926.76483168609,3
2926.77413199864,3
2926.81078323037,3
2926.82058355973,3
2926.8265337597,3
2926.83233395462,3
2926.84713445202,3
2926.85108458477,3
2926.85813482171,3
2926.88058557621,7
2926.89023590052,3
2926.89918620131,3
2926.92923721123,3
2926.94663779601,3
2926.95083793716,3
2926.97838886306,3
2927.00968991498,3
2927.02609046615,3
2927.06454175838,3
2927.08364240029,3
2927.11154333795,7
2927.1208436505,7
2927.12119366226,3
2927.13169401515,7
2927.16559515446,3
2927.18074566362,3
2927.20824658783,4
2927.25084801953,3
2927.26619853541,3
2927.28544918236,3
2927.31510017884,3
2927.3565015702,7
2927.38025236839,3
2927.40780329429,7
2927.51965705333,3
2927.59360953864,3
2927.75476495455,5
2927.88111920091,4
2927.93382097204,2
2927.98807279527,2
2927.9915729129,2
2928.03487436812,2
2928.04417468067,2
2928.04982487056,2
2928.05682510581,2
2928.18752949837,4
2928.20117995711,4
2928.20743016716,4
2928.27533244914,2
2928.33833456644,5
2928.43663787009,4
2928.45208838934,4
2928.45538850024,4
2928.46368877919,4
2928.48238940765,3
2928.48553951352,3
2928.48613953368,4
2928.53024101579,4
2928.56309211981,4
2928.58619289615,5
2928.62619424047,4
2928.66814565032,4
2928.68459620317,4
2928.6931964922,4
2928.71494722317,4
2928.72239747355,3
2928.76979906656,4
2928.77879936903,4
2928.78209947994,4
2928.83110112673,5
2929.09400996224,3
2929.23231461022,2
2929.31826749881,2
2929.31891752066,7
2929.38586977071,2
2929.42537109822,2
2929.4302712629,2
2929.44167164603,2
2929.5141740826,2
2929.51987427417,2
2929.91883768204,2
2930.57170962295,3
2930.78036663524,5
2930.83696853745,7
2931.43543865009,3
2931.44793907019,1
2931.52729173698,2
2931.54634237721,2
2931.78700046495,7
2932.71133152873,5
2932.73073218072,5
2932.83868580869,2
2933.07959390484,2
2933.80951843524,2
2933.82591898641,2
2933.8501698014,2
2933.86087016101,2
2933.87812074074,2
2933.8958213356,2
2933.99357462077,2
2934.16718045511,5
2934.23133261105,5
2934.3077351787,2
2934.56514382937,3
2934.57049400917,5
2934.63229608614,2
2934.63719625082,2
2934.74094973764,3
2934.77505088367,2
2934.78700128528,2
2935.3801712198,4
2935.7897849856,2
2935.86103738016,2
2935.98154142991,2
2935.99624192395,2
2936.00939236589,2
2936.01714262635,2
2936.06999440253,2
2936.08039475205,2
2936.12624629298,2
2936.18759835482,3
2936.2458003108,2
2936.26005078971,2
2936.35225388836,2
2936.41840611152,2
2936.42130620899,2
2936.4814582305,2
2936.48760843719,2
2936.55686076454,2
2936.91562282137,7
2937.28708530502,7
2937.30453589148,3
2937.54919411365,5
2937.64459731985,5
2938.16776490182,3
2938.33322046224,2
2938.33977068237,2
2938.499876063,2
2939.08894585973,2
2939.11659678899,2
2939.27985227548,2
2939.30515312576,2
2939.31255337446,2
2939.35515480615,2
2939.35895493386,2
2939.47480882734,2
2939.84042111439,2
2939.88087247382,2
2940.05147820733,3
2940.13353096486,2
2940.32558741926,2
2940.33063758898,2
2940.41874054983,2
2940.505543467,2
2940.97590927447,4
2941.03151114307,2
2941.08326288228,2
2941.13541463493,7
2941.1523152029,3
2941.15446527516,2
2941.16541564317,3
2941.21236722106,2
2941.2178674059,2
2941.22631768989,2
2941.23971814024,2
2941.24401828475,2
2941.24751840238,2
2941.25721872837,3
2941.25861877542,2
2941.27651937701,2
2941.28026950304,2
2941.2885197803,2
2941.29827010798,2
2941.29827010798,3
2941.30287026257,2
2941.31237058185,2
2941.36392231434,5
2941.57742948962,5
2941.58572976857,5
2941.6960834772,5
2941.79293673212,3
2942.1497987251,5
2942.25575228586,4
2942.59496368566,7
2942.63076488882,4
2942.63981519297,4
2942.64696543327,4
2942.85312236154,4
2942.86082262032,4
2942.86737284045,4
2943.38309017204,3
2943.42009141553,4
2943.42384154156,4
2943.43044176337,4
2943.50279419491,3
2943.53634532245,3
2943.54074547033,5
2943.62464829003,3
2943.63789873533,3
2943.75940281869,3
2943.77620338331,4
2943.78595371098,4
2943.83935550564,4
2943.96215963269,4
2943.97165995197,4
2943.9726099839,7
2944.00386103414,4
2944.03026192139,4
2944.09901423193,4
2944.10366438821,4
2944.10696449912,4
2944.157516198,3
2944.26761989823,4
2944.27667020238,4
2944.4194249999,4
2945.09634774909,5
2945.21215164088,2
2945.30510476474,3
2945.39425776088,5
2945.41335840279,2
2945.47801057554,3
2945.60251475973,2
2945.60831495465,2
2945.63746593432,2
2945.6979679676,2
2945.71041838602,2
2945.71566856246,2
2945.72181876915,2
2945.73641925982,2
2945.73961936737,2
2945.76252013699,2
2945.76767031007,2
2945.87052376664,2
2945.89342453626,2
2945.92562561844,2
2945.93212583689,2
2946.04677969004,2
2946.07918077893,2
2946.09243122424,3
2946.10293157712,2
2946.10608168298,2
2946.14398295672,2
2946.15248324239,2
2946.15643337514,2
2946.16063351629,2
2946.17433397672,2
2946.17823410779,2
2946.18183422878,2
2946.18718440858,2
2946.19648472114,2
2946.21963549916,2
2946.22433565712,2
2946.23098588061,2
2946.23918615619,2
2946.24683641329,2
2946.25213659142,2
2946.27723743497,2
2946.29408800127,2
2946.31153858773,2
2946.31598873728,2
2946.35769013873,2
2946.36984054707,2
2946.38059090835,2
2946.3868411184,2
2946.39159127804,2
2946.39844150825,2
2946.40854184769,2
2946.42304233501,2
2946.53734617639,2
2946.74975331471,3
2946.78040434479,3
2946.92770929523,2
2947.0323628123,3
2947.36832410287,3
2947.6255827485,3
2947.65528374666,7
2947.72828620003,3
2947.7469868285,2
2948.0076455884,3
2948.0456468655,5
2948.52581300233,3
2948.66296761165,4
2948.66856779986,4
2948.67851813426,4
2948.90177563722,4
2948.91872620687,4
2949.08778188829,3
2949.15373410473,4
2949.7381037435,4
2949.94086055751,4
2950.03936386788,7
2950.06871485427,4
2950.07191496182,4
2950.07701513322,4
2950.26647150024,4
2950.30542280926,2
2950.3349238007,3
2950.34687420231,3
2950.42062668089,3
2950.42737690775,2
2950.45287776475,2
2950.47767859822,2
2950.52573021308,2
2950.5432808029,2
2950.54728093733,2
2950.56408150195,6
2950.59203244129,2
2950.59883266982,2
2950.60263279753,2
2950.60953302943,2
2950.61658326636,2
2950.62128342432,2
2950.62533356043,3
2950.63498388475,2
2950.64918436198,2
2950.65643460564,2
2950.66088475519,2
2950.667484977,2
2950.71718664732,2
2950.72008674478,2
2950.723336854,2
2950.72463689769,3
2950.72658696323,2
2950.73143712623,2
2950.74223748919,2
2950.74623762363,2
2950.75888804876,2
2950.77013842685,2
2950.77498858985,2
2950.77718866379,3
2950.78243884023,2
2950.79438924185,2
2950.79728933931,2
2950.82309020639,2
2950.82719034418,2
2950.83464059456,2
2950.84149082478,2
2950.84794104155,2
2950.8567413373,2
2950.86604164985,2
2950.87374190863,2
2950.8954926396,2
2950.94904443931,2
2950.95269456198,2
2950.96154485941,2
2950.96969513331,2
2950.97989547611,2
2950.99039582899,2
2951.00284624741,2
2951.01199655492,2
2951.05929814458,2
2951.06659838991,2
2951.07254858988,2
2951.08464899654,2
2951.0931492822,2
2951.13930083321,5
2951.15815146672,5
2951.19210260771,3
2951.23040389489,3
2951.24330432843,7
2951.26075491489,2
2951.3410576136,2
2951.46341172553,3
2951.48106231871,5
2951.50231303288,4
2951.68576919824,3
2951.75562154576,4
2951.85337483093,5
2951.95592827742,7
2951.9659286135,5
2952.49364634838,4
2953.11661728442,4
2953.19907005539,3
2953.31907408834,3
2953.48232957483,4
2953.61178392537,3
2953.85419207193,3
2954.3245578794,5
2954.34795866583,5
2954.42031109736,3
2954.48681333228,2
2954.51121415232,5
2954.51671433716,5
2954.52521462283,5
2954.61651769123,2
2954.62141785591,5
2954.62391793993,5
2954.64771873979,2
2954.75302227871,2
2955.7778067184,3
2955.82885843408,3
2957.05124951469,7
2957.46476341156,3
2957.89527787976,3
2957.89652792177,7
2958.10603496262,3
2958.55084991142,7
2958.67555410232,2
2958.74635648176,2
2958.76470709846,2
2958.78600781431,2
2958.79945826634,2
2958.80395841757,2
2958.8319593586,2
2958.83630950479,2
2958.86016030634,2
2958.8630604038,2
2958.86716054159,2
2958.87991097009,2
2958.93866294456,2
2958.94231306723,2
2958.9485132756,2
2958.95751357807,2
2958.96536384189,2
2958.97791426367,2
2958.98356445355,2
2958.99156472242,2
2959.05311679098,2
2959.05636690021,2
2959.06456717579,2
2959.070167364,2
2959.0806177152,2
2959.08946801263,2
2959.09571822268,2
2959.11896900406,2
2959.13236945441,2
2959.18362117681,2
2959.19287148769,2
2959.19792165741,2
2959.20697196156,2
2959.22207246904,2
2959.2303227463,2
2959.24017307734,2
2959.41502895368,4
2959.46543064752,5
2959.51863243546,5
2959.54798342185,2
2959.71313897219,4
2959.7215392545,4
2959.72523937885,5
2959.80499205908,4
2959.80709212966,6
2959.80994222544,4
2959.84229331265,4
2959.85504374115,2
2959.85939388735,2
2959.89159496952,2
2959.90309535601,4
2959.90929556438,4
2959.94424673898,2
2960.17095435789,2
2960.22585620296,2
2960.23285643822,2
2960.37061106771,5
2960.3897617113,2
2960.50956573752,2
2960.83422664833,3
2961.02463304727,2
2961.11213598796,2
2961.13868688025,2
2961.25904092496,2
2961.30344241715,2
2961.33794357663,2
2961.36179437817,2
2961.56915134677,2
2961.67985506716,2
2961.68350518983,2
2961.76420790199,7
2961.83971043939,2
2961.87986178874,3
2961.94616401695,5
2962.05051752393,4
2962.05531768525,2
2962.05541768861,4
2962.06146789194,2
2962.06301794403,4
2962.0712682213,4
2962.13317030162,2
2962.13487035876,4
2962.14137057721,4
2962.14847081583,4
2962.15612107293,4
2962.16117124265,4
2962.16517137708,4
2962.16962152663,4
2962.19332232314,2
2962.23377368258,2
2962.2370237918,4
2962.23712379517,2
2962.23937387078,4
2962.24262398001,2
2962.24297399177,4
2962.25097426063,2
2962.25427437154,4
2962.25817450261,4
2962.2648247261,4
2962.26872485717,4
2962.27432504538,2
2962.27702513612,2
2962.31307634768,4
2962.31982657454,4
2962.32332669217,4
2962.32777684172,4
2962.33807718788,4
2962.34087728198,4
2962.34447740297,4
2962.34932756597,4
2962.36632813731,4
2962.39392906488,4
2962.41927991684,4
2962.4214299891,4
2962.42413007984,4
2962.42743019075,4
2962.43128032014,4
2962.43993061085,4
2962.44218068646,2
2962.44373073856,4
2962.45053096709,4
2962.45108098558,2
2962.46008128805,4
2962.4663314981,4
2962.50828290795,4
2962.51068298861,4
2962.51723320874,4
2962.52388343223,4
2962.53323374646,4
2962.53688386913,4
2962.54403410943,4
2962.55163436485,4
2962.55318441694,2
2962.55828458834,4
2962.56508481688,4
2962.57628519328,2
2962.57978531091,2
2962.58158537141,4
2962.64833761473,4
2962.65073769539,4
2962.65443781974,4
2962.66068802979,4
2962.67378847005,4
2962.67768860112,4
2962.71558987486,3
2962.77304180564,2
2962.77609190814,2
2962.80624292142,2
2962.92419688547,2
2962.99544928003,2
2963.01815004293,2
2963.02150015552,2
2963.03555062771,2
2963.05210118392,3
2963.09560264586,3
2963.2013561999,4
2963.35291129318,2
2963.42316365413,4
2963.49401603525,3
2964.36144518674,3
2964.55960184615,7
2964.7137570268,3
2965.20462352324,3
2965.25952536831,4
2965.26792565062,4
2965.27402585563,4
2965.51498395345,3
2965.61743739658,4
2966.65442224629,4
2966.66232251179,4
2966.67197283611,4
2966.77312623555,4
2967.231291633,3
2967.69255713465,5
2967.90901440907,5
2968.00136751276,5
2968.05206921668,5
2968.05991948051,5
2968.06431962838,5
2968.35852951582,5
2969.11095480241,4
2969.2040579313,5
2969.2821105544,4
2969.42141523598,4
2969.6419726482,7
2969.64327269189,4
2969.69542444454,4
2969.69902456553,5
2969.70952491841,4
2969.73682583591,4
2969.9378325911,2
2969.98633422108,4
2970.0145851705,2
2970.2170919761,3
2970.24654296585,4
2970.25649330025,5
2970.38474761046,3
2970.68550771804,2
2971.070220647,7
2971.21112538235,3
2971.30697860367,5
2971.45188347345,2
2971.63663968251,4
2971.64258988248,2
2971.64734004212,2
2971.71329225856,2
2971.72764274083,4
2971.77844444811,2
2971.84639673177,2
2971.88369798534,4
2971.88909816682,4
2971.90009853651,4
2971.92429934982,2
2971.92789947081,2
2971.93974986906,2
2971.94359999845,2
2971.95225028916,2
2971.97850117137,2
2971.98130126547,2
2971.99055157635,2
2972.09535509845,2
2972.20000861552,2
2972.22475944732,2
2972.28911160998,2
2972.31376243842,2
2972.4311163823,2
2972.44366680408,2
2972.61242247542,2
2972.73472658566,2
2972.80072880378,3
2973.11243927936,4
2973.2235430132,2
2973.70350914331,2
2974.03562030449,2
2974.05507095817,2
2974.16152453573,5
2974.35728111447,2
2974.4617846265,4
2974.47093493401,4
2974.47598510373,2
2974.47628511381,4
2974.56743817717,4
2974.67944194126,4
2974.68394209249,4
2974.69039230927,4
2974.70009263526,4
2974.70084266047,2
2974.70379275961,4
2974.78139536758,4
2974.78529549865,4
2974.80979632205,4
2974.81894662956,2
2974.86104804445,4
2974.90069937701,4
2974.90929966603,4
2974.92000002564,4
2974.94965102211,2
2974.98200210933,4
2974.98485220511,4
2974.98930235467,4
2974.99340249246,4
2975.01595325032,7
2975.02190345028,2
2975.02595358639,2
2975.10030608514,2
2975.10675630191,4
2975.1198067405,4
2975.12725699087,4
2975.12760700264,3
2975.13870737569,2
2975.14060743954,7
2975.17730867295,2
2975.20595963582,2
2975.21220984587,2
2975.23211051466,6
2975.23846072807,2
2975.24191084402,2
2975.24611098517,2
2975.26281154643,2
2975.30626300669,2
2975.30946311423,2
2975.315913331,2
2975.35756473077,2
2975.36891511222,2
2975.37336526178,2
2975.37776540965,2
2975.43716740596,2
2975.44361762273,2
2975.45286793361,2
2975.4651183453,2
2975.46881846965,2
2975.51757010804,2
2975.52082021726,2
2975.5255703769,2
2975.53242060711,2
2975.54072088606,2
2975.54722110451,2
2975.55487136161,2
2975.56167159015,2
2975.57032188085,2
2975.5765720909,2
2975.58807247739,2
2975.63642410234,2
2975.64022423005,2
2975.64587441993,2
2975.65432470392,2
2975.66392502655,2
2975.6722253055,2
2975.68102560125,2
2975.79592946279,2
2975.80332971149,2
2975.87553213798,2
2975.88073231274,2
2976.01238673722,2
2976.38304919399,3
2977.01097029639,2
2977.01862055349,7
2977.67399257843,4
2977.71624399836,3
2977.74479495786,3
2977.75074515783,3
2977.75824540989,3
2977.77724604844,3
2977.9117505687,3
2977.97250261038,7
2978.99818708032,5
2979.08058984961,6
2979.44760218371,3
2979.52550480177,3
2979.5425053731,3
2979.70571085791,7
2979.940368744,5
2980.03827203422,4
2980.06482292651,7
2980.37563337184,3
2980.48268696957,7
2980.51068791059,7
2980.52523839958,7
2980.59359069668,3
2980.62254166963,3
2980.66754318198,3
2980.71269469938,7
2980.8041977745,7
2980.87370011025,3
2981.76483005825,4
2981.77948055061,4
2982.14704290319,3
2982.3717004532,2
2982.53950609261,3
2982.75211323765,3
2982.75651338552,2
2982.78996450971,3
2982.9417196097,3
2984.30601545928,3
2984.59182506441,7
2984.7622307912,7
2984.80418220105,3
2984.83868336052,3
2985.13574334375,3
2985.26524769597,3
2985.34865049887,7
2985.45695413861,2
2985.47990490991,3
2985.49480541066,3
2985.51045593663,3
2985.58510844546,3
2985.61565947218,3
2985.63691018635,3
2985.64856057788,3
2985.65541080809,3
2985.67336141135,3
2985.6969622045,7
2985.72981330852,3
2985.73476347488,3
2985.76256440918,3
2985.76746457386,3
2985.77936497379,3
2985.7875152477,3
2985.80441581567,3
2985.81626621392,3
2985.83356679534,3
2985.88276844885,3
2985.92061972091,3
2985.94572056447,7
2985.9831218214,3
2985.99717229359,3
2986.00932270193,3
2986.02032307161,3
2986.02717330183,3
2986.04377385972,3
2986.06202447306,7
2986.07707497886,3
2986.08772533679,3
2986.0968756443,3
2986.1047759098,3
2986.11927639712,3
2986.12567661221,3
2986.13342687267,3
2986.14772735326,3
2986.17417824219,3
2986.1981290471,3
2986.22888008054,3
2986.25203085856,7
2986.29003213566,3
2986.3529342496,7
2986.39608569978,3
2986.42653672314,3
2986.45068753477,3
2986.46658806914,3
2986.4924389379,3
2986.50758944706,3
2986.51753978146,3
2986.53944051747,3
2986.54624074601,3
2986.56014121316,2
2986.56484137111,2
2986.57869183658,3
2986.59749246841,3
2986.61679311704,3
2986.63539374215,3
2986.6536443555,7
2986.66449472014,3
2986.68344535701,3
2986.69584577375,7
2986.70414605269,3
2986.71699648456,3
2986.74094728946,2
2986.74819753312,3
2986.75329770452,7
2986.76334804228,3
2986.77339838004,3
2986.78129864554,3
2986.7880488724,3
2986.79189900179,2
2986.79844922192,3
2986.80109931098,2
2986.81894991088,3
2986.83100031586,3
2986.83765053935,2
2986.85145100314,2
2986.85415109388,7
2986.92140335401,2
2987.23526390185,2
2987.32156680221,2
2987.33646730297,2
2987.33926739707,3
2987.34366754494,2
2987.38211883717,3
2987.42312021509,3
2987.4820221946,3
2987.49867275417,2
2987.53447395733,4
2987.5483244228,4
2987.64212757522,2
2987.71508002692,5
2987.72798046046,3
2987.75238128049,2
2987.7735319913,3
2987.77753212573,2
2987.78408234586,2
2987.84843450853,3
2987.88503573858,4
2987.96063827934,3
2988.03344072599,5
2988.21419680062,2
2988.24079769459,3
2988.27094870787,4
2988.31170007739,2
2988.32560054454,2
2988.34455118141,3
2988.34595122846,2
2988.37930234928,2
2988.42700395238,4
2988.46705529838,3
2988.49615627637,2
2988.49925638055,3
2988.50395653851,2
2988.50985673679,2
2988.52390720898,3
2988.53215748625,3
2988.5353575938,2
2988.59140947752,2
2988.76961546644,2
2988.77581567481,3
2988.79181621254,3
2988.80031649821,3
2988.88671940193,7
2988.88906948091,2
2988.92407065718,5
2988.93392098822,2
2988.95122156964,3
2988.98922284674,3
2989.03347433389,3
2989.11372703092,2
2989.21413040516,2
2989.32098399616,2
2989.34228471201,2
2989.3512350128,2
2989.40533683098,3
2989.41518716202,2
2989.43013766446,2
2989.43833794005,2
2989.45448848281,2
2989.46043868278,3
2989.4710890407,2
2989.47153905583,3
2989.50029002205,2
2989.51079037494,3
2989.53849130588,2
2989.5468415865,2
2989.55289178983,3
2989.55419183352,2
2989.56714226874,2
2989.56869232083,7
2989.63359450199,2
2989.64609492209,2
2989.65034506492,2
2989.66089541948,2
2989.66554557576,2
2989.74594827783,3
2989.83350122021,3
2989.84285153444,3
2989.8580020436,3
2990.11516068587,3
2990.17676275612,3
2990.60022698738,3
2990.62512782422,3
2991.25909912994,2
2991.44470536757,3
2991.98282345198,3
2992.18613028446,2
2992.72159827981,3
2992.7478991637,2
2992.86205300004,3
2993.02815858231,3
2993.18826396294,3
2993.29076740775,7
2993.33796899404,3
2993.35916970653,5
2993.39797101051,3
2993.90253796738,3
2993.92453870675,2
2994.44385615933,7
2994.54170944787,2
2994.60621161557,4
2994.84131951679,4
2994.93372262216,5
2994.95472332793,4
2994.95737341699,4
2994.96742375475,4
2995.03092588885,4
2995.03592605689,5
2995.04352631231,4
2995.05462668536,4
2995.29558478318,4
2995.3003849445,4
2995.49104135184,4
2995.50399178706,4
2995.50934196687,4
2995.51624219876,4
2995.60224508904,4
2995.60914532093,4
2995.61064537135,2
2995.63689625355,5
2995.66244711224,3
2995.67214743823,3
2995.70989870693,2
2995.82005240884,2
2995.8278026693,2
2995.90185515797,2
2995.92065578979,2
2995.95910708202,2
2995.96415725174,2
2995.96760736768,2
2995.97915775586,2
2996.00540863806,2
2996.06916078057,2
2996.09316158716,2
2996.09591167958,2
2996.10461197197,2
2996.11536233325,2
2996.19166489753,2
2996.21121555457,2
2996.49847520844,7
2996.6046787776,5
2996.70628219216,7
2996.7495336457,3
2996.82788627888,1
2996.83123639147,3
2996.93603991357,2
2997.11189582352,2
2997.1165459798,2
2997.1167959882,7
2997.32535299713,7
2997.34415362896,7
2997.36080418853,2
2997.36395429439,7
2997.41215591429,2
2997.4616075762,3
2997.48700842984,2
2997.74591713093,3
2997.80206901801,4
2997.81116932384,3
2998.08857864667,3
2998.25653429112,2
2998.49339225115,2
2998.52684337533,2
2998.87350502551,2
2999.02055996755,2
2999.14201404923,3
2999.16646487095,3
2999.24586753941,3
2999.34652092205,5
2999.74523432152,2
2999.80323627077,2
2999.88488901486,2
2999.92914050201,5
2999.99764280415,2
3000.00359300412,2
3000.12189697993,2
3000.12609712108,2
3000.13129729584,2
3000.14419772939,2
3000.14764784533,2
3000.19784953245,5
3000.41785692619,3
3000.49475951063,2
3000.49540953248,5
3000.52151040965,2
3000.52651057769,2
3000.54016103643,2
3000.59606291511,5
3000.61916369146,2
3000.62856400737,2
3000.63386418549,2
3000.65596492823,5
3000.66051508114,4
3000.69121611291,2
3000.7233671934,2
3000.72681730935,2
3000.72966740513,2
3000.7384176992,2
3000.74336786556,2
3000.75726833271,2
3000.76101845874,2
3000.76461857973,5
3000.7713188049,5
3000.78936941152,2
3000.79321954091,2
3000.79876972744,2
3000.80351988707,2
3000.81092013577,2
3000.82152049201,2
3000.82457059452,2
3000.83157082977,2
3000.83567096757,5
3000.86802205478,5
3000.89317290002,3
3000.90077315544,2
3000.90747338061,2
3000.95307491313,2
3000.95637502404,2
3000.99122619527,2
3001.02242724384,2
3001.04032784542,5
3001.07322895112,2
3001.0880794502,2
3001.10463000641,2
3001.10788011564,2
3001.11378031392,2
3001.39863988713,5
3001.66024867896,3
3001.70080004176,4
3001.71385048034,4
3001.76105206663,3
3002.02676099625,3
3002.17281590469,3
3002.18691637856,2
3002.1903664945,3
3002.21241723556,3
3002.31082054258,2
3002.32282094587,3
3002.36027220449,3
3002.41487403948,2
3002.42302431338,2
3002.43367467131,2
3002.44087491328,2
3002.44982521407,2
3002.45452537203,2
3002.46892585598,2
3002.4739760257,2
3002.52347768929,2
3002.53232798672,2
3002.53592810771,2
3002.5471784858,2
3002.55512875299,2
3002.56687914788,2
3002.5724293344,2
3002.58327969905,2
3002.64668182979,2
3002.65003194237,2
3002.65453209361,2
3002.66058229694,2
3002.66933259101,3
3002.67253269855,2
3002.70973394877,3
3002.72038430669,2
3002.73523480577,2
3002.82253773974,2
3002.85523883871,7
3002.88388980158,3
3002.91564086863,3
3002.95809229529,3
3003.04844533176,3
3003.13349819011,7
3003.26065246336,4
3003.26610264652,4
3003.46130920678,3
3003.5849633624,5
3003.68521673159,4
3003.69361701389,4
3003.71341767933,4
3003.76696947903,3
3003.78021992434,4
3003.83277169043,4
3004.07212973448,5
3004.09918064358,5
3004.35368919679,2
3004.35743932282,2
3004.51794471688,2
3004.55529597214,2
3004.55559598222,3
3004.59414727781,2
3004.76815312558,7
3004.76910315751,2
3004.78205359273,2
3004.95715947747,2
3005.00891121668,2
3005.03071194933,2
3005.03451207704,2
3005.09451409352,4
3005.10141432541,4
3005.35232275763,4
3005.36852330208,4
3005.40827463799,3
3005.44087573361,3
3005.61533159651,7
3005.7839372628,3
3005.89779108906,7
3005.9050913344,2
3005.93234225021,7
3006.01874515394,3
3006.15724980863,2
3006.1815506253,7
3006.1894508908,3
3006.2955544566,7
3006.29690450197,5
3006.30670483133,2
3006.32990561103,5
3006.60006469021,2
3006.63616590345,2
3006.71156843749,2
3006.74966971795,2
3006.86322353412,2
3007.11078185376,5
3007.19523469195,7
3007.21443533722,3
3007.28463769649,3
3007.29698811155,3
3007.44154296957,4
3007.44799318634,4
3007.45254333926,4
3007.45904355771,4
3007.46184365181,4
3007.46784385346,2
3007.46879388539,4
3007.72160238146,3
3007.73675289062,3
3008.3517235578,5
3008.86324074824,2
3008.86859092804,2
3008.9905950282,4
3009.02639623137,2
3009.12719961904,2
3009.13144976188,2
3009.16465087766,7
3009.23820334952,4
3009.26060410234,4
3009.39240853186,7
3009.62726642467,4
3009.84557376128,2
3009.92612646839,7
3009.97267803284,3
3009.98762853528,4
3010.0061791587,4
3010.02492978885,4
3010.21818628358,4
3010.57954842779,5
3010.90680942598,3
3011.57013171809,3
3011.87814206933,4
3012.00229624175,4
3012.00704640138,4
3012.46331173499,4
3012.55241472945,4
3012.585965857,3
3012.71462018065,2
3013.36094190144,7
3014.1241175493,2
3014.15546860291,4
3014.25607198386,3
3014.81359072027,4
3015.05419880633,4
3015.17775295858,4
3015.19670359545,4
3015.2001537114,4
3015.43816171008,4
3015.45241218899,4
3015.59796708062,3
3015.98027992892,1
3016.09888391482,4
3016.33599188325,4
3016.34444216723,4
3016.34714225798,4
3016.39924400895,4
3016.53144845191,2
3017.30582447619,4
3018.00234788409,7
3018.20615473338,2
3018.25340632135,2
3018.49136431835,2
3018.51311504932,4
3018.69012099792,2
3018.78537419907,2
3018.86707694484,2
3019.25008981666,4
3019.3637436362,4
3019.36569370173,2
3019.39999485448,2
3019.50839849758,2
3019.51894885214,4
3019.58565109379,3
3019.68245434703,2
3019.68830454364,4
3019.77840757171,2
3019.97046402611,2
3019.97306411349,4
3020.26902405975,4
3020.42422927569,4
3020.44217987895,4
3020.44668003019,4
3020.46338059144,4
3020.71578907407,4
3020.81929255249,3
3020.84504341789,3
3020.87024426481,2
3021.04965029407,2
3021.06865093262,2
3021.09845193414,4
3021.10335209881,4
3021.10675221308,4
3021.11380245002,4
3021.14350344817,2
3021.19500517898,4
3021.19640522603,2
3021.26905766764,2
3021.27875799364,3
3021.71097251897,4
3022.12493643096,3
3022.13978693004,7
3022.16803787946,7
3022.38349512028,5
3022.44624722918,2
3022.65340419105,2
3022.94246390542,2
3022.97901513379,7
3023.12622008087,2
3023.22747348367,4
3023.23462372396,4
3023.24022391217,4
3023.2490742096,5
3023.25597444149,4
3023.2814752985,2
3023.34067728808,3
3023.37692850637,2
3023.38022861727,2
3023.38732885589,2
3023.44578082027,3
3023.54548417098,2
3023.55198438943,7
3023.60098603622,2
3023.64393747968,2
3023.65358780399,7
3023.68483885424,2
3023.78704228897,2
3023.84074409371,2
3023.943797557,7
3023.95194783091,2
3024.29325930128,5
3024.38236229575,3
3024.52576711512,4
3024.78627586998,3
3024.79142604306,3
3024.81762692359,3
3024.87532886276,7
3024.88757927446,3
3024.90092972312,7
3024.910180034,7
3024.92818063894,3
3024.9379809683,3
3024.96043172279,3
3024.97618225212,7
3024.98433252602,3
3025.02763398124,3
3025.04578459123,3
3025.05353485169,3
3025.06378519617,3
3025.07103543983,3
3025.08558592882,3
3025.10388654385,3
3025.11303685136,3
3025.13398755544,7
3025.14518793185,3
3025.1509381251,7
3025.16843871324,3
3025.17573895857,7
3025.20068979709,7
3025.26974211772,3
3025.33039415603,3
3025.33969446859,3
3025.48619939214,3
3025.49889981897,3
3025.51935050625,3
3025.54425134308,3
3025.61075357801,7
3025.64275465346,3
3025.69950656071,3
3025.74215799409,7
3025.76010859735,3
3025.77045894519,7
3025.78150931656,3
3025.79085963079,7
3025.86131199847,3
3025.88461278153,3
3025.89881325876,3
3025.94246472575,4
3025.99311642799,3
3026.03926797899,7
3026.09026969299,3
3026.09256977029,4
3026.13367115158,7
3026.14062138515,4
3026.14927167586,7
3026.15442184894,4
3026.16162209092,4
3026.18397284205,7
3026.1953232235,3
3026.25817533576,3
3026.29437655237,4
3026.29722664815,7
3026.38937974512,3
3026.43783137342,4
3026.46163217329,3
3026.53238455105,7
3026.64158822103,3
3026.69819012324,3
3026.70479034505,3
3026.73869148436,3
3026.74639174314,4
3026.96914922929,3
3027.04180167091,2
3027.11245404531,2
3027.23945831351,2
3027.36126240695,2
3027.37901300349,2
3027.40951402853,2
3027.46676595258,2
3027.54581860929,4
3027.65262219861,4
3027.66422258846,4
3027.91608105261,3
3028.11508774058,6
3028.12038791871,4
3028.21659115179,4
3028.22224134167,4
3028.23674182899,5
3028.34379542671,3
3028.53860197353,7
3028.58485352789,3
3028.60555422358,2
3028.61470453109,2
3028.64380550908,3
3028.66420619468,3
3028.73765866318,7
3028.83126180888,2
3028.84481226427,2
3028.90206418832,2
3028.90796438661,2
3029.00571767178,2
3029.24262563349,5
3029.2436256671,3
3029.25487604518,5
3029.2969274584,7
3029.42938190976,5
3029.67629020755,3
3029.89519756432,3
3030.80162802652,2
3030.92693223759,2
3030.95558320045,2
3031.04088606721,2
3031.06158676289,2
3031.14898970022,4
3031.15463989011,4
3031.19384120754,2
3031.50080152348,2
3031.75921020776,2
3031.87956425247,3
3032.10937197557,3
3032.27697760825,3
3032.29297814598,3
3032.32052907187,5
3032.33017939619,2
3032.35353018093,2
3032.40453189494,2
3032.43708298887,2
3032.59803839806,2
3032.62258922314,2
3032.74194323424,7
3032.92604942146,4
3032.94580008521,4
3032.95290032383,4
3032.95990055908,5
3033.35736391654,5
3033.37161439545,3
3033.38291477522,3
3033.4128157801,3
3033.51611925179,2
3033.68032477021,2
3033.74867706731,3
3033.89558200431,3
3035.32738012242,7
3035.50198599036,3
3035.78044534848,3
3035.79889596854,3
3035.80749625757,3
3035.89724927388,3
3035.95715128699,7
3035.98195212047,3
3036.01355318248,7
3036.02195346478,3
3036.04820434699,3
3036.48346897483,3
3036.71807685924,7
3036.73852754652,3
3036.77312870935,3
3037.15419151564,7
3037.28164579897,3
3037.29239616025,7
3037.48615267179,4
3037.53755439923,3
3037.60465665432,3
3037.65330828935,3
3037.73776112753,3
3037.80611342463,2
3037.90441672829,3
3037.92686748278,3
3037.99056962361,2
3038.13022431695,2
3038.21362711985,2
3038.44778498914,2
3038.46518557392,2
3038.486136278,3
3038.50078677036,3
3038.52373754166,3
3038.63959143513,4
3038.79209656034,7
3038.9363014066,4
3038.94010153431,4
3039.12510775177,4
3039.13110795341,4
3039.17635947417,7
3039.24496177967,2
3039.36506581598,2
3039.48791994471,5
3039.55167208722,2
3039.73082810807,4
3039.74552860211,4
3039.83068146382,4
3039.83628165202,4
3039.84893207716,4
3039.8539322452,4
3039.90643400962,2
3039.98803675202,2
3040.27284632355,2
3040.31289766955,2
3040.41110096984,2
3040.41920124207,2
3040.50880425333,2
3040.52865492045,2
3040.59850726796,2
3040.64810893491,2
3040.88776698905,4
3041.00347087748,2
3041.00717100183,4
3041.01432124213,4
3041.01697133119,4
3041.02162148746,4
3041.02702166895,2
3041.0437222302,2
3041.10482428364,4
3041.10822439791,4
3041.11327456763,4
3041.11682468694,4
3041.12152484489,4
3041.12447494404,2
3041.13612533557,4
3041.14652568509,2
3041.16797640598,4
3041.17177653369,4
3041.17322658242,2
3041.17802674374,4
3041.18277690338,4
3041.19192721089,2
3041.19757740077,4
3041.19882744278,2
3041.19992747975,4
3041.20257756881,4
3041.20697771669,4
3041.21227789481,4
3041.21972814519,4
3041.22022816199,2
3041.22652837372,2
3041.2564293786,4
3041.2587294559,4
3041.26137954496,4
3041.26452965082,4
3041.26822977517,4
3041.27237991464,4
3041.27818010957,4
3041.29513067922,4
3041.29998084222,4
3041.30308094641,4
3041.31093121023,4
3041.31268126904,2
3041.32543169754,4
3041.33458200505,4
3041.33723209412,7
3041.34353230585,3
3041.35368264697,3
3041.36638307379,4
3041.36843314268,4
3041.37088322502,4
3041.37398332921,4
3041.37778345692,4
3041.38153358295,4
3041.39633408034,4
3041.39893416772,4
3041.40288430047,4
3041.4038343324,2
3041.41518471385,4
3041.42188493902,4
3041.43058523141,4
3041.43718545322,4
3041.44258563471,4
3041.44578574225,2
3041.47283665135,2
3041.47763681266,2
3041.4951374008,4
3041.49758748314,4
3041.50248764782,4
3041.50543774696,4
3041.51368802423,4
3041.53333868462,4
3041.54403904423,4
3041.54783917194,4
3041.58484041543,2
3041.59979091787,3
3041.78454712693,2
3041.81279807635,3
3041.83279874851,2
3041.84364911316,2
3041.84724923414,2
3041.85494949292,2
3041.86244974498,2
3041.87300009955,2
3041.92740192782,2
3041.93030202528,2
3041.93545219836,2
3041.945052521,2
3041.95085271592,2
3041.95630289908,2
3042.00175442656,2
3042.07150677071,2
3042.0748568833,2
3042.08120709671,2
3042.08870734877,2
3042.10890802765,2
3042.11245814696,2
3042.18831069612,2
3042.19271084399,2
3042.19761100867,2
3042.2136115464,2
3042.21701166066,2
3042.23041211101,2
3042.24871272603,2
3042.25396290247,2
3042.51107154307,1
3042.63827581799,4
3042.64597607677,4
3042.65847649687,7
3043.34314950652,3
3043.36950039208,3
3043.38255083067,3
3043.38965106928,3
3043.4245522422,3
3043.47460392427,3
3043.52795571726,4
3043.63650936539,4
3043.91521873191,2
3043.93791949481,2
3044.05482342358,2
3044.3521334152,3
3044.44003636934,3
3044.69449492087,3
3044.94795343879,2
3045.08165793216,3
3045.12100925463,3
3045.14526006963,3
3045.23496308426,3
3045.27306436472,3
3045.31101564014,3
3045.32371606696,7
3045.38986829012,7
3045.55732391776,3
3045.57857463193,7
3045.59792528224,3
3045.62807629552,5
3045.73878001591,3
3045.83673330781,5
3046.21504602167,5
3046.36655111327,5
3046.44150363218,4
3046.45240399851,4
3046.70871261221,3
3046.92751996562,3
3046.94122042605,5
3046.95382084951,3
3046.99077209132,3
3047.00957272315,3
3047.05007408427,3
3047.17287821132,3
3047.18737869863,7
3047.34678405573,3
3047.40268593441,7
3048.01730658983,7
3048.02260676795,3
3048.52842376682,2
3048.57832544386,2
3048.77308198899,2
3048.86128495321,2
3048.87418538675,2
3048.87883554303,2
3048.8980361883,2
3048.91038660336,2
3048.9156367798,2
3048.92218699993,2
3048.94483776115,5
3048.99483944155,2
3048.9987895743,2
3049.06059165126,2
3049.09134268471,2
3049.10779323756,2
3049.11599351314,2
3049.12209371815,2
3049.36390184454,2
3049.38450253686,2
3049.40580325271,2
3049.54645797966,7
3049.55410823676,2
3049.58910941304,4
3049.65111149673,2
3049.65496162612,2
3049.65896176055,2
3049.6631619017,2
3049.97937252852,2
3050.11167697485,2
3050.12712749409,2
3050.34793491471,2
3050.37848594143,2
3050.39648654637,2
3050.40338677827,2
3050.50859031382,2
3050.66604560538,3
3050.97050583731,3
3051.20776381078,7
3051.22446437203,7
3051.36421906874,1
3052.11504430154,3
3052.14284523584,3
3052.14884543749,3
3052.40325398734,3
3052.48995690115,3
3052.51885787241,3
3052.76366609963,3
3053.22658165672,3
3053.25733269017,3
3053.57824347494,2
3053.72504840858,4
3053.72879853461,4
3053.88550380097,3
3053.91155467645,3
3054.04595919335,2
3054.16781328848,4
3054.2236151638,3
3054.27756697694,3
3054.31956838847,3
3054.34196914129,3
3054.35031942192,3
3054.51697502267,3
3054.57767706267,3
3054.62332859687,3
3054.66848011427,7
3054.69303093934,3
3054.72588204336,3
3054.73388231222,3
3054.86803682072,3
3054.87318699381,3
3054.9004879113,4
3054.91738847927,2
3054.92518874142,3
3054.94673946567,3
3055.00904155944,2
3055.01584178797,4
3055.02059194761,2
3055.03629247525,3
3055.10229469337,2
3055.1414960108,2
3055.14349607802,3
3055.16154668464,2
3055.20059799703,2
3055.2037481029,2
3055.24794958836,4
3055.25899995973,2
3055.26810026556,2
3055.28905096965,2
3055.29845128556,2
3055.30545152082,2
3055.31210174431,2
3055.35215309031,2
3055.35270310879,4
3055.36065337597,4
3055.36530353225,3
3055.39805463291,2
3055.40450484968,2
3055.40875499251,2
3055.4149051992,2
3055.47430719551,3
3055.56176013452,7
3055.61416189558,3
3055.64926307521,2
3055.70411491861,3
3055.76876709136,3
3055.8025682273,7
3055.80641835669,3
3055.84496965228,4
3055.85501999004,4
3055.90467165867,4
3055.9234722905,7
3055.95737342981,3
3055.97467401122,3
3056.02737578236,2
3056.03092590167,2
3056.05622675195,7
3056.06072690318,2
3056.0826276392,3
3056.10597842394,3
3056.13392936328,2
3056.1542800472,2
3056.15883020012,2
3056.18933122516,3
3056.2249324216,2
3056.23408272911,2
3056.24783319122,2
3056.2532333727,2
3056.25883356091,2
3056.26493376592,2
3056.27838421794,2
3056.42343909277,2
3056.43658953471,3
3056.44168970611,2
3056.44443979853,2
3056.45944030265,2
3056.46204039003,2
3056.54394314252,2
3056.55034335761,2
3056.5567435727,2
3056.56629389365,2
3056.71929903566,2
3057.83818663786,3
3057.85428717895,3
3057.88518821743,3
3057.9171392912,3
3058.20309890138,4
3058.27035116151,2
3058.40545570194,3
3058.51370933999,2
3058.56966122036,3
3058.66756451057,3
3058.69891556418,3
3058.81446944757,6
3058.82111967106,7
3058.86707121534,6
3059.34763736562,7
3059.49539233119,3
3059.71869983583,4
3059.83055359487,2
3059.95865790004,4
3059.96575813866,4
3060.04656085418,3
3060.07666186578,2
3060.08606218169,4
3060.09671253961,4
3060.2163665608,2
3060.23466717582,4
3060.39112243378,7
3060.48587561813,3
3060.59117915704,4
3060.59812939061,4
3060.7001828203,4
3060.70373293961,4
3060.72203355463,2
3060.73468397977,7
3060.80233625335,4
3060.92534038712,2
3061.01604343535,2
3061.06469507038,2
3061.20179967802,3
3061.61231347406,2
3061.67736566026,2
3061.69371620975,2
3061.69876637946,2
3061.75231817917,2
3061.75231817917,7
3061.76766869505,2
3061.77351889166,2
3061.81482027966,2
3061.85382159037,2
3061.85932177521,2
3061.86427194157,2
3061.87827241208,2
3061.88492263558,2
3061.89017281202,2
3061.90107317834,2
3061.92802408407,2
3061.93277424371,2
3061.96612536454,3
3062.02557736253,2
3062.06327862954,5
3062.06762877574,2
3062.07217892865,2
3062.07787912022,2
3062.08262927986,2
3062.12373066114,2
3062.15333165593,2
3062.15708178196,3
3062.2574851562,5
3062.36863889171,5
3062.3921396815,2
3062.40624015537,3
3062.4321910275,1
3062.48704287089,7
3062.4885429213,5
3062.51649386064,5
3062.53294441349,3
3062.54284474621,2
3062.54829492937,2
3062.76610224917,5
3062.91875737942,5
3062.97575929507,5
3063.0914631835,3
3063.4633256806,2
3063.77043600158,2
3063.77078601335,7
3063.84963866333,2
3063.92374115367,5
3064.1654492767,4
3064.1697994229,4
3064.17269952036,4
3064.30590399693,4
3064.31320424227,2
3064.31800440359,4
3064.32165452626,4
3064.41810776774,2
3064.42475799123,4
3064.42600803324,2
3064.4383584483,4
3064.48846013205,5
3064.56476269634,3
3064.6459654253,2
3064.74386871551,5
3064.9502256505,2
3065.01242774091,5
3065.01377778628,4
3065.08808028335,7
3065.28698696796,2
3065.29748732084,2
3065.35168914239,7
3065.36728966667,7
3065.43204184279,4
3065.51644467929,1
3065.54969579675,5
3065.86975655296,5
3067.04874617499,4
3067.1530496803,4
3067.34825624056,2
3067.56356347634,2
3067.62416551298,2
3067.79912139268,3
3068.15838346631,7
3068.26588707916,3
3068.32608910236,4
3068.43979292358,2
3068.5435464104,4
3068.58319774295,4
3068.5993982874,7
3068.8220557702,2
3068.98261116594,2
3069.23811975276,2
3069.29737174403,2
3069.31747241955,2
3069.42257595174,3
3069.44167659365,3
3069.44992687091,4
3069.56538075095,2
3069.75308705915,3
3069.76628750277,7
3069.79408843707,2
3069.84724022333,3
3069.86394078458,3
3069.96469417058,2
3069.98604488811,3
3070.0592473482,7
3070.1934018567,7
3070.46186087874,4
3070.81032258942,4
3070.99522880352,3
3071.01282939502,3
3071.02082966388,5
3071.05378077126,3
3071.14233374724,5
3071.14453382118,7
3071.15158405811,3
3071.25478752645,3
3071.38464189043,7
3071.48399522938,4
3071.48774535541,4
3071.49864572173,4
3071.5864486725,4
3071.7838553067,4
3071.82200658884,4
3071.83040687115,4
3071.8410072274,5
3071.84500736183,4
3071.94286065036,4
3071.95081091754,4
3072.00611277606,4
3072.01956322809,4
3072.03536375909,4
3072.05056426993,4
3072.10736617886,4
3072.11471642588,4
3072.11766652502,4
3072.12111664097,4
3072.12616681069,4
3072.14236735513,3
3072.22627017484,4
3072.23082032775,5
3072.23432044538,4
3072.23967062518,4
3072.24427077978,4
3072.54598091928,2
3072.63253382805,3
3072.64653429856,3
3072.66898505305,3
3072.76783837519,5
3072.82104016313,2
3072.83609066893,3
3072.84279089411,2
3072.86189153602,2
3072.87124185025,2
3072.87424195107,2
3072.88014214936,2
3072.96414497242,2
3072.96809510518,2
3072.98684573532,2
3072.99024584959,2
3073.07854881717,2
3073.11600007578,2
3073.12165026567,2
3073.22315367687,2
3073.22685380122,2
3073.23530408521,2
3073.29085595212,7
3073.35545812319,7
3073.38205901716,2
3073.39160933812,2
3073.94597796866,7
3074.18318594045,3
3074.85295844934,4
3074.86015869132,2
3075.43242792344,2
3075.54603174129,2
3075.55703211098,2
3075.76578912663,7
3076.0259978714,3
3076.06269910481,3
3076.53131485347,3
3076.53656502991,3
3076.74502203548,2
3076.79772380662,2
3076.81067424184,2
3076.81592441828,2
3076.82877485014,2
3076.8490255307,5
3077.19523716576,5
3077.19983732035,2
3077.29999068618,2
3077.43284515099,5
3077.68700369244,3
3077.90201091814,2
3078.04016556107,2
3078.3328753981,2
3078.66783665506,3
3079.15955318007,2
3079.38631080066,3
3079.48501411776,7
3079.55476646191,3
3079.6226187422,3
3080.20758840114,2
3080.57765083775,7
3081.84844354498,3
3082.02889960953,4
3082.1187526292,7
3082.15000367944,3
3082.74582370303,7
3083.00723248813,3
3083.11583613795,3
3084.05496769913,3
3084.16552141448,3
3084.20432271846,3
3084.52723357045,4
3084.56928498367,2
3084.61818662709,2
3084.63153707576,3
3084.84194414686,2
3084.92944708755,2
3085.00384958798,2
3085.01785005849,2
3085.0770020464,2
3085.11045317058,2
3085.11535333526,2
3085.11915346297,2
3085.13020383434,2
3085.21295661539,2
3085.22090688257,2
3085.22410699012,2
3085.22835713295,2
3085.2427576169,2
3085.24700775974,2
3085.3177601375,2
3085.32156026521,2
3085.33266063825,2
3085.33551073404,2
3085.34601108692,2
3085.40601310339,4
3085.50856654988,5
3085.5995696082,4
3085.60526979977,4
3085.60896992412,4
3085.61522013417,4
3085.62212036606,4
3085.68537249176,4
3085.69557283456,4
3085.70432312863,4
3085.90437985189,5
3085.92458053077,4
3086.05078477209,5
3086.11388689274,5
3086.17688901004,2
3086.31834376388,2
3086.33169421254,2
3086.34619469986,2
3086.65890520905,7
3086.71015693145,7
3086.93491448483,5
3086.94006465791,4
3087.26062543092,4
3087.27052576364,4
3087.29492658367,4
3087.30042676851,4
3087.30552693991,4
3087.30827703234,4
3087.41733069728,4
3087.43703135935,4
3087.44268154924,4
3087.45193186011,4
3087.46298223148,4
3087.51918412024,4
3087.5264343639,4
3087.52893444792,4
3087.55438530324,4
3087.59378662739,2
3087.66603905556,2
3087.74004154254,2
3087.74294164001,2
3087.78794315236,2
3087.90394705088,2
3087.96049895141,2
3087.96594913457,2
3087.97204933958,2
3087.97619947905,2
3088.01475077463,4
3088.01970094099,2
3088.19165671987,2
3088.24035835658,2
3088.24760860023,3
3088.30851064695,2
3088.50491724755,2
3088.6889234314,4
3088.69652368682,4
3088.77517633008,2
3088.89088021851,4
3088.89363031093,4
3088.89993052266,4
3088.92558138471,4
3089.06813617551,7
3089.23334172754,5
3089.2767931878,4
3089.37924663093,4
3089.41599786602,4
3089.46074936997,3
3089.52295146038,2
3089.6471056328,2
3089.66300616717,2
3089.72195814836,2
3089.73155847099,2
3089.77445991277,2
3089.8157112991,2
3090.07672007076,2
3090.7131914605,7
3090.84554590851,3
3091.52736882237,7
3091.57622046412,7
3091.85242974662,4
3091.87123037845,4
3092.2273923479,3
3093.3995817414,7
3093.6512902005,2
3093.84164659777,2
3094.11890591556,3
3094.45521721789,2
3094.46561756741,4
3094.56907104415,4
3094.8079290714,4
3095.05128724988,5
3095.18824185248,5
3095.21474274309,5
3095.2685445512,5
3095.27884489736,5
3095.34254703818,5
3095.58905532253,5
3095.62850664836,5
3095.72125976549,5
3095.73566024944,5
3095.76771132658,5
3096.17077487224,4
3096.17917515455,4
3096.18282527722,4
3096.18667540661,4
3096.63644052176,4
3096.64609084607,4
3096.65229105444,4
3096.66249139724,4
3096.74059402202,4
3096.74459415645,4
3096.75634455134,4
3096.87004837256,4
3097.01795334317,4
3097.04315419009,7
3097.17970877925,5
3097.2882124257,4
3097.7916793456,2
3098.24074443723,3
3098.60140655791,7
3098.62825746029,3
3098.75936186628,2
3099.2783293071,7
3099.30598023636,3
3100.2311613287,3
3100.69522692445,7
3100.71062744201,3
3100.87273288985,4
3100.87518297219,4
3100.88148318392,2
3100.88193319904,4
3100.99948714965,5
3101.07633973242,2
3101.08108989206,7
3101.08854014243,4
3101.12464135568,3
3101.14604207489,3
3101.25689580032,2
3101.26274599693,2
3101.30534742863,4
3101.30809752105,2
3101.327348168,2
3101.35124897123,2
3101.36299936612,2
3101.36664948879,2
3101.37689983327,2
3101.39885057096,2
3101.40230068691,2
3101.40410074741,3
3101.42430142629,2
3101.42875157584,4
3101.45540247149,2
3101.46165268154,2
3101.46805289663,2
3101.47745321255,2
3101.4941537738,2
3101.4974538847,2
3101.52065466441,2
3101.5229547417,2
3101.52560483077,2
3101.53140502569,2
3101.58140670609,2
3101.58475681867,2
3101.58870695142,2
3101.60520750595,2
3101.69671058108,4
3101.89971740348,3
3101.91136779501,3
3102.01372123478,3
3102.09622400743,3
3102.11507464094,2
3102.13087517195,2
3102.24087886881,2
3102.25912948216,2
3102.27678007534,2
3102.32923183807,5
3102.33198193049,2
3102.411534604,4
3102.41803482245,2
3102.44428570466,7
3102.46328634321,3
3102.49628745227,7
3102.52713848907,3
3102.53708882347,4
3102.55113929566,2
3102.58109030222,2
3102.65099265141,4
3102.66439310176,3
3102.71569482584,3
3102.7234450863,2
3102.74684587273,2
3102.78209705741,2
3102.8844004955,2
3102.88790061312,2
3102.9560529035,4
3103.03235546778,4
3103.05695629454,4
3103.06380652475,4
3103.14305918818,5
3103.14855937302,5
3103.16415989731,4
3103.19576095931,5
3103.24611265147,2
3103.36791674491,4
3103.40486798673,5
3103.46982016956,4
3103.4906208686,4
3103.62992555018,5
3103.73587911094,4
3103.84563279941,3
3103.869633606,4
3103.87278371186,4
3103.95183636857,3
3103.95858659542,7
3103.98568750619,4
3103.99123769272,4
3104.09939132741,3
3104.34454956639,4
3104.37755067545,4
3104.64580969076,3
3104.8936180188,7
3104.91506873969,5
3104.96342036463,3
3105.2608803613,2
3105.2858812015,2
3105.41463552852,2
3105.44988671319,2
3105.70239519919,5
3105.7143456008,2
3105.94700341968,4
3105.9543536667,4
3106.180061252,7
3106.32871624781,2
3106.34881692333,2
3106.35286705945,2
3106.36256738544,2
3106.38176803071,2
3106.38501813994,2
3106.44522016313,7
3106.53272310383,2
3106.66112741908,2
3106.8278830232,3
3106.91643599918,3
3107.79486552035,2
3107.84531721587,2
3107.97332151768,2
3108.31188289564,2
3108.44918751,5
3108.66864488525,4
3108.75784788308,2
3108.82335008439,2
3108.83860059691,7
3108.84380077168,2
3108.84980097332,2
3108.87685188242,2
3108.89545250752,2
3109.01830663625,7
3109.0220067606,7
3109.25576461645,2
3109.38991912495,2
3109.39636934172,2
3109.48742240172,3
3109.59832612883,3
3109.60767644307,2
3109.84073427539,3
3110.25664825291,5
3110.25849831509,2
3110.70911345881,2
3110.72551400997,2
3110.86466868651,7
3110.96757214477,3
3111.04817485356,2
3111.11427707504,7
3111.17912925452,7
3111.67664597445,2
3111.8096504443,7
3111.84500163233,2
3111.85140184743,2
3111.9272043949,2
3112.39136999401,3
3112.45662218692,7
3112.49222338337,7
3112.50392377658,2
3112.51372410594,2
3113.00184050995,2
3113.45130561502,7
3113.85771927327,2
3114.03742531261,7
3114.23643200058,2
3114.38068684852,2
3114.43438865326,2
3114.47704008664,2
3114.89600416667,3
3114.96115635622,2
3115.4111214781,2
3115.59417763002,2
3115.74363265272,7
3116.2777506027,2
3116.47810733604,7
3116.50850835772,3
3116.55926006332,4
3116.61736201594,2
3116.64916308467,2
3116.71946544731,2
3116.75081650091,2
3116.80346827037,2
3116.80966847874,2
3116.84566968862,2
3116.86772042968,4
3116.87772076576,2
3116.88167089851,2
3116.88847112704,2
3116.90702175047,2
3116.94772311831,4
3116.96547371485,4
3117.15768017429,2
3117.20753184964,4
3117.21598213363,4
3117.44053968028,2
3117.46289043142,2
3117.50849196394,2
3117.66664727903,2
3117.67409752941,2
3117.78765134558,2
3117.89020479207,2
3117.94485662874,2
3118.13011285461,2
3118.13771311003,2
3118.19851515339,2
3118.22851616162,3
3118.32286933253,2
3118.32791950225,2
3118.35577043823,2
3118.4614239889,2
3118.46542412333,2
3118.48297471315,2
3118.48547479717,2
3118.48867490472,2
3118.51462577684,2
3118.52042597177,2
3118.52942627424,2
3118.53897659519,2
3118.54337674307,2
3118.57612784373,3
3118.63202972241,2
3118.86703762027,2
3119.01694265809,3
3119.05564395872,2
3119.07029445107,2
3119.0793947569,2
3119.09439526102,2
3119.09719535512,2
3119.17444795133,2
3119.18124817987,2
3119.38135490481,2
3119.54581043163,2
3119.55831085172,2
3119.56406104497,2
3119.81616951752,3
3119.82661986872,1
3119.82901994938,4
3119.8292199561,4
3119.82936996114,7
3119.82981997627,2
3119.93922365297,2
3119.98917533169,2
3120.01862632144,2
3120.03727694823,2
3120.04732728599,2
3120.73200029563,4
3120.84535410509,3
3120.86950491672,2
3120.89485576868,3
3121.52532695678,2
3121.66318158963,3
3121.66908178791,3
3121.68908246007,3
3121.71383329187,3
3121.75743475717,7
3121.78343563098,3
3121.78803578557,2
3121.87853882709,4
3122.21029997651,2
3122.2498513057,2
3122.36740525631,2
3122.49560956484,4
3122.81907043531,3
3123.04272795172,3
3123.27043560424,2
3123.31068695696,2
3123.32313737537,2
3123.54424480608,4
3124.03611133612,2
3124.30577039849,2
3124.3139206724,2
3124.5498286005,2
3124.63688152607,1
3124.65073199154,2
3125.41820778392,3
3125.72256801248,4
3125.73796853004,2
3126.00107737228,7
3126.1198813649,4
3126.22358485004,4
3126.44779238493,4
3126.45879275462,4
3126.46379292266,4
3126.47249321504,3
3126.75720278321,4
3126.91340803277,4
3126.98331038196,4
3126.9936607298,4
3126.99666083062,4
3127.10031431408,2
3127.1204149896,3
3127.37582357306,4
3127.41292481991,4
3127.43557558113,4
3127.44352584831,4
3127.44842601299,4
3127.54657931161,4
3127.55137947292,4
3127.61773170281,2
3127.79768775055,6
3127.90134123401,3
3127.93924250775,4
3128.31110500484,7
3128.37290708181,2
3128.49371114164,4
3128.75276984777,2
3128.90537497634,4
3128.94077616606,4
3128.94737638787,4
3129.0781307821,2
3129.10583171304,4
3129.30873853208,2
3129.32163896562,2
3129.44049295992,2
3129.50059497976,2
3129.53264605689,2
3129.55714688028,2
3129.61979898582,2
3129.6302993387,2
3129.66395046961,3
3129.68560119722,2
3129.72505252305,2
3129.82385584351,2
3129.89915837418,3
3129.98211116196,5
3130.56013058732,2
3130.56948090156,2
3130.58053127292,3
3130.59033160228,5
3130.5930816947,2
3130.71478578478,2
3130.77168769707,2
3130.82218939427,2
3130.87094103266,2
3130.88084136538,2
3130.88584153341,2
3130.89009167625,2
3131.04709695269,5
3131.05659727196,5
3131.33130650405,5
3131.40905911707,5
3131.72936988168,5
3131.75962089831,5
3131.79207198889,5
3131.89902558326,2
3131.92012629238,3
3132.07688156042,5
3132.09793226787,5
3132.11793294002,5
3132.23778696793,7
3132.35419087989,7
3132.39409222084,3
3132.39939239897,2
3132.40409255692,5
3132.57389826355,2
3132.73765376684,5
3132.99526242423,5
3133.00241266453,5
3133.29897263095,5
3133.37537519859,1
3133.40387615642,5
3133.50952970709,5
3133.57433188489,5
3133.60993308133,5
3133.66413490287,2
3133.79783939625,5
3133.8729419202,5
3133.90209289987,5
3133.91199323259,3
3133.95794477687,5
3134.0323472773,5
3134.09889951391,5
3134.30620648082,5
3134.56611521552,5
3134.60621656319,5
3134.64171775627,5
3134.68701927871,2
3134.69251946356,4
3134.69686960975,4
3134.71812032392,5
3134.72857067512,4
3134.76822200767,2
3134.78637261766,5
3134.83067410649,2
3134.86637530629,2
3134.89587629772,5
3134.92207717825,2
3134.94457793443,2
3134.98032913591,2
3135.00187986016,2
3135.0270307054,2
3135.03843108853,2
3135.04168119775,2
3135.33089091716,7
3135.34894152378,3
3135.50074662546,7
3135.66840225982,5
3135.74715490644,3
3135.96606226321,5
3136.00691363609,4
3136.02266416542,5
3136.12236751613,4
3136.18001945362,5
3136.20052014258,2
3136.24272156084,2
3136.27277257075,2
3136.56553240947,2
3136.67208599039,2
3136.6763861349,2
3136.72093763213,4
3136.73518811105,2
3136.74053829085,3
3136.74128831605,4
3136.74948859164,2
3136.85334208182,2
3136.88109301444,2
3136.89204338244,2
3136.92604452511,2
3136.93294475701,2
3136.96704590304,2
3137.01459750109,2
3137.02389781365,2
3137.03104805394,2
3137.04934866897,2
3137.05214876307,2
3137.06184908907,2
3137.06909933272,2
3137.07329947388,2
3137.12405117948,7
3137.18025306824,3
3137.24405521242,2
3137.25850569806,3
3137.54041517212,3
3137.54716539898,3
3137.54951547796,3
3137.57406630303,3
3137.59206690797,3
3137.6254180288,2
3137.646818748,2
3137.75092224659,2
3137.75592241463,2
3137.76637276583,2
3137.77012289186,2
3137.77432303301,6
3137.77647310527,2
3137.78852351024,2
3137.7962737707,2
3137.80577408998,2
3137.89537710125,2
3137.91117763225,3
3137.91357771291,2
3137.91952791288,2
3137.93057828424,2
3137.9449787682,2
3137.94927891271,2
3138.0230313913,3
3138.04728220629,3
3138.05843258102,2
3138.06683286332,2
3138.19708724075,2
3138.28464018312,3
3138.37899335403,3
3138.38469354559,3
3138.40774432025,3
3138.41464455215,3
3138.42644494872,3
3138.43914537554,3
3138.44624561416,3
3138.44899570658,3
3138.45359586118,3
3138.47404654846,3
3138.50924773145,3
3138.66425294068,3
3138.86245960176,2
3138.87656007564,3
3138.95346266008,2
3138.958012813,2
3139.02586509329,2
3139.03456538568,2
3139.03851551843,2
3139.10346770127,5
3139.16106963708,3
3139.22362173926,7
3139.80384123856,2
3139.91334491862,2
3139.93784574202,7
3139.94009581763,5
3140.05739975984,2
3140.0697501749,2
3140.10640140663,2
3140.14765279295,2
3140.16460336261,2
3140.18850416584,2
3140.25240631338,2
3140.34560944564,2
3140.40481143522,2
3140.43801255101,2
3140.4454127997,2
3140.52386543624,2
3140.54011598237,2
3140.54281607311,2
3140.63736925074,2
3140.64056935829,2
3140.92277884243,2
3141.05618332573,2
3141.26884047245,2
3141.40809515235,3
3141.53529942727,7
3141.9116620756,3
3142.06861735036,5
3144.31274276816,5
3144.3172429194,5
3144.31914298325,2
3144.52980006276,6
3144.92036318832,5
3144.94801411758,5
3145.12517007122,3
3145.32207668861,2
3145.35747787833,2
3145.92329689368,2
3145.93194718439,2
3145.96979845645,2
3146.03605068297,2
3146.07115186261,2
3146.075001992,2
3146.07935213819,2
3146.10930314475,3
3146.19075588211,2
3146.37271199707,3
3146.39436272468,2
3146.69462281545,3
3147.8557118359,3
3148.04121807017,3
3148.15317183257,4
3148.60403698469,1
3148.87769618149,6
3149.0585022578,4
3149.07510281569,4
3149.09575350969,4
3149.57911975407,4
3149.75532567578,4
3149.98708346441,4
3150.15623914919,3
3150.16573946846,7
3150.18854023472,4
3150.77881007178,2
3150.88141351995,4
3150.9779667648,4
3150.99456732269,4
3151.21497472987,7
3151.52948529955,4
3151.53383544575,4
3151.57598686232,7
3151.64243909556,4
3151.73054205642,4
3151.73274213036,2
3151.7359422379,4
3151.73834231856,2
3151.74274246644,4
3151.79289415187,2
3151.79674428126,2
3151.80594459046,2
3151.8070946291,7
3151.81969505256,2
3151.84269582555,4
3151.849196044,2
3151.90059777144,3
3151.90704798821,3
3151.91569827892,2
3151.92439857131,2
3151.92554860996,7
3151.92969874943,2
3151.93579895444,2
3151.94799936446,2
3151.95104946696,2
3151.95634964508,2
3151.960899798,2
3151.96845005174,2
3151.97880039958,2
3151.98370056426,2
3151.99035078775,2
3151.99725101965,2
3152.00505128179,2
3152.01145149688,2
3152.02140183128,2
3152.02685201444,2
3152.0371523606,2
3152.04170251352,2
3152.05005279414,2
3152.06990346126,4
3152.1004044863,2
3152.10310457704,2
3152.10585466946,2
3152.10955479381,2
3152.11450496017,2
3152.12045516014,2
3152.13580567602,2
3152.14030582726,2
3152.15190621711,2
3152.1710568607,2
3152.17480698673,4
3152.1919575631,4
3152.19505766729,4
3152.23620905025,2
3152.24215925022,2
3152.25730975938,2
3152.26130989381,2
3152.26380997783,4
3152.27636039961,2
3152.28081054916,4
3152.28491068696,4
3152.29026086676,4
3152.34671276393,2
3152.38116392172,4
3152.40831483417,4
3152.48311734804,2
3152.50381804373,2
3152.50746816639,2
3152.58737085167,2
3152.65907326135,2
3152.67367375203,7
3152.85262976616,2
3152.93208243631,5
3153.25099315387,2
3153.25744337064,2
3153.57110391175,2
3153.57655409492,2
3153.69240798839,7
3153.70710848243,2
3153.74860987716,2
3153.75671014938,2
3153.82811254898,2
3153.88916460075,4
3153.91991563419,2
3154.11057204153,7
3154.14782329343,2
3154.15917367488,2
3154.16357382275,2
3154.17632425125,2
3154.24612659708,7
3154.82944620057,5
3154.97770118294,7
3155.02675283141,7
3155.37926467819,3
3155.3932651487,7
3155.47256781381,3
3155.48416820366,2
3155.49091843051,2
3155.56457090574,7
3155.57632130063,3
3155.59512193246,7
3155.62437291549,7
3155.74442695012,3
3156.6358569082,7
3157.71509317784,4
3157.72689357441,4
3157.85609791655,4
3157.94620094462,4
3157.97530192261,4
3157.97835202512,4
3157.99575260989,4
3158.03045377609,4
3158.0373040063,4
3158.04015410208,4
3158.04510426844,4
3158.04525427348,3
3158.05010443648,5
3158.0597547608,3
3158.07410524307,4
3158.07675533213,3
3158.07905540943,4
3158.08000544136,2
3158.08855572871,4
3158.10135615889,4
3158.15885809134,4
3158.16210820057,4
3158.26036150254,7
3158.28556234946,7
3158.3492144886,3
3158.36406498768,7
3158.49066924244,3
3158.51006989444,7
3158.53167062037,3
3158.67697550359,3
3158.69502611022,3
3158.76327840396,3
3158.84588117997,4
3158.94918465166,3
3159.02683726132,3
3159.03853765453,3
3159.08878934333,4
3159.0977896458,4
3159.20884337795,7
3159.34304788813,3
3159.35304822421,4
3159.36894875858,5
3159.43535099014,7
3159.47200222187,3
3159.52380396276,7
3159.53530434925,3
3159.5510048769,3
3159.56005518105,7
3159.61310696395,3
3159.9794692762,3
3159.99581982569,3
3160.00462012144,3
3160.09897329234,7
3160.12262408717,3
3160.29617991982,3
3160.32678094822,3
3160.91695078192,3
3160.98655312103,3
3161.54997205572,3
3161.83548165078,3
3161.98748675918,7
3162.13454170122,3
3162.62560820437,3
3162.64335880091,7
3162.78661361525,3
3162.79901403198,7
3162.84846569389,3
3162.91341787673,7
3162.9808201419,3
3162.98612032002,3
3162.99247053343,3
3163.00077081238,7
3163.01227119887,7
3163.04817240539,7
3163.05587266417,3
3163.06467295992,3
3163.0716231935,7
3163.0726232271,3
3163.07632335145,3
3163.08342359007,3
3163.09287390766,7
3163.09552399673,3
3163.10927445883,3
3163.11842476635,3
3163.12522499488,3
3163.13987548724,3
3163.14622570065,3
3163.15662605017,3
3163.16912647027,3
3163.17807677106,3
3163.18717707689,4
3163.18962715923,3
3163.1963273844,7
3163.19787743649,4
3163.21102787844,4
3163.23362863798,3
3163.24677907992,3
3163.25857947649,3
3163.27107989659,7
3163.27728010496,3
3163.28948051498,3
3163.29908083761,3
3163.30818114344,3
3163.3225816274,3
3163.34568240374,3
3163.35958287089,3
3163.37073324562,3
3163.37898352288,3
3163.40223430427,7
3163.42878519656,4
3163.43898553936,3
3163.45968623504,4
3163.48608712229,3
3163.52538844308,7
3163.55198933705,3
3163.55888956894,4
3163.56433975211,3
3163.56903991006,4
3163.57669016716,4
3163.58469043603,3
3163.6008409788,7
3163.65934294486,2
3163.67909360861,3
3163.68614384555,3
3163.69854426229,3
3163.7107446723,3
3163.7153448269,3
3163.72954530413,7
3163.80609787682,3
3163.81069803141,7
3163.83199874726,3
3163.84194908166,7
3163.85599955385,3
3163.87930033691,3
3163.8923507755,3
3163.9155515552,3
3164.03335551421,2
3164.12700866159,2
3164.14740934719,2
3164.15520960933,2
3164.1581097068,2
3164.16085979922,2
3164.16686000087,2
3164.17356022604,2
3164.23561231141,2
3164.24981278864,2
3164.2527128861,2
3164.25696302894,2
3164.2621632037,2
3164.27206353642,2
3164.28451395483,2
3164.29131418337,2
3164.30466463203,2
3164.31221488577,2
3164.31691504373,2
3164.34501598811,3
3164.3792171375,5
3164.51537171322,2
3164.57412368768,5
3164.60767481523,5
3164.70577811216,3
3164.72587878768,3
3164.76873022778,3
3164.78368073022,3
3164.92163536643,5
3164.99083769209,7
3165.09799129318,2
3165.32169881126,7
3165.98597113531,2
3166.15887694612,4
3166.19397812575,2
3166.3037818159,2
3166.36293380381,3
3166.38243445916,3
3166.57929107488,4
3166.62374256875,4
3167.4943218261,7
3167.52782295197,3
3167.74458023648,3
3168.68446182286,3
3168.71961300418,7
3169.19732905867,4
3169.33768377554,2
3169.436487096,4
3169.46588808407,2
3169.47248830588,2
3169.47943853946,2
3169.4902889041,2
3169.51088959643,2
3169.51913987369,2
3169.60579278581,2
3169.61834320759,2
3169.67449509468,4
3169.7147464474,2
3170.36876842696,7
3170.50097286992,5
3170.51832345302,5
3170.53757409997,4
3170.54427432515,5
3170.62682709948,5
3170.66837849589,4
3170.66942853117,5
3170.71568008554,5
3170.81818353035,5
3170.84248434702,5
3170.89233602237,3
3170.89988627611,3
3170.93668751288,3
3170.97393876478,3
3171.14919465456,4
3171.71051351868,2
3171.72271392869,5
3171.75776510665,2
3171.8624686254,2
3171.88971954121,2
3171.97737248694,2
3171.98472273396,2
3172.00432339268,2
3172.32428414552,2
3172.3549351756,2
3172.44323814318,2
3172.51289048397,2
3172.51694062008,2
3172.69564662581,2
3172.71869740048,2
3172.77709936318,2
3172.81080049576,2
3172.8260010066,2
3172.85430195771,2
3172.86515232235,2
3172.87010248871,2
3172.8788027811,2
3172.88440296931,2
3172.89440330538,2
3172.89825343477,2
3172.967055747,7
3173.05485869777,3
3173.33731819032,4
3173.36386908261,4
3173.81478423641,4
3174.02839141506,4
3174.03399160326,4
3174.0387417629,4
3174.50855755189,3
3174.52090796695,3
3174.53730851812,3
3174.57875991116,3
3174.70551417097,4
3174.74906563459,3
3174.91642125887,4
3174.92392151093,4
3175.0239748734,4
3175.03447522628,4
3175.12192816529,4
3175.1277783619,4
3175.35238591023,4
3175.39798744275,3
3175.49269062542,5
3175.53614208569,7
3175.67749683616,3
3175.74274902908,3
3175.7577495332,3
3175.9097546416,3
3175.91125469201,3
3175.93695555573,3
3176.07036003902,3
3176.27271683958,2
3176.27886704627,2
3176.29846770498,5
3176.43222220004,2
3176.48292390396,5
3176.49497430894,2
3176.59512767477,2
3176.70743144893,3
3177.40450487532,2
3177.47725732029,2
3177.56781036349,2
3177.57981076678,2
3177.58171083064,5
3177.83921948467,4
3177.8559700476,5
3177.92352231782,5
3178.01352534253,7
3178.0222756366,5
3178.03092592731,2
3178.17718084246,5
3178.23868290935,6
3178.28423444019,4
3178.29698486869,5
3178.35618685827,5
3178.42963932677,5
3178.46474050641,5
3178.56604391089,5
3178.62854601138,3
3178.70549859751,5
3178.71314885461,2
3178.74785002081,5
3178.76765068624,7
3178.7948015987,2
3178.89160485194,5
3179.12161258176,5
3179.1398631951,5
3179.14436334634,5
3179.14861348917,2
3179.33706982258,2
3179.3390698898,4
3179.35572044937,5
3179.39792186762,5
3179.64488016709,5
3179.7519837665,5
3179.86048741295,5
3179.93949006798,2
3180.04899374804,2
3180.06349423536,3
3180.08289488735,3
3180.08464494616,2
3180.18874844475,2
3180.2687011317,7
3180.41065590234,2
3180.73686686523,7
3181.05712762816,2
3181.17528159894,2
3181.837203844,3
3181.91845657464,3
3182.22541689059,3
3183.04554445242,3
3183.71571697476,3
3184.46129203112,3
3184.68934969541,3
3184.69940003317,7
3185.41422405609,3
3185.75043535506,5
3185.77213608436,5
3185.93774164982,5
3186.06919606758,5
3186.16179917967,5
3186.22280122975,5
3186.30185388646,2
3186.32765475354,2
3186.35080553157,2
3186.37485633983,2
3186.37895647763,2
3186.38270660366,2
3186.46100923516,7
3186.56746281272,4
3186.60446405621,3
3186.65386571644,7
3186.6539657198,4
3186.66486608613,4
3186.67001625921,4
3186.67471641716,3
3186.68581679021,4
3186.77851990566,4
3186.78257004177,4
3186.79942060807,4
3186.82807157093,2
3186.87417312026,2
3187.61409798674,4
3187.62104822032,4
3187.62129822872,7
3187.62759844045,3
3187.64724910084,7
3187.65609939827,3
3187.6695498503,7
3187.67665008891,3
3187.72605174915,5
3187.73190194575,3
3187.73945219949,3
3187.7476024734,3
3187.75565274394,3
3187.76970321613,7
3187.80040424789,3
3187.8172048125,3
3187.85435606104,3
3187.85765617194,2
3187.93950892275,3
3188.09591417903,5
3188.13926563593,3
3188.1610163669,3
3188.17451682061,2
3188.21351813131,3
3188.22116838842,2
3188.39877435718,2
3188.44062576367,2
3188.53777902868,2
3188.543829232,2
3188.54657932442,2
3188.55537962017,2
3188.55977976805,2
3188.57363023352,2
3188.64808273563,2
3188.65333291207,2
3188.66413327503,2
3188.70708471849,5
3188.75598636192,3
3188.88654074943,2
3188.89144091411,2
3188.94124258778,5
3188.97834383463,2
3188.99789449167,2
3189.0021446345,2
3189.02989556712,2
3189.03439571836,2
3189.08454740379,2
3189.08994758528,2
3189.10119796336,2
3189.11969858511,2
3189.12989892791,2
3189.13434907747,2
3189.20170134096,2
3189.22100198959,2
3189.22485211898,2
3189.25710320284,2
3189.2607533255,2
3189.31885527812,2
3189.32380544448,2
3189.33080567974,2
3189.36870695348,2
3189.38220740718,3
3189.43315911951,2
3189.4472095917,2
3189.45260977318,2
3189.45910999163,2
3189.46726026554,2
3189.54816298441,2
3189.55351316422,2
3189.55881334234,2
3189.57746396913,2
3189.58081408171,2
3189.60766498408,2
3189.64916637881,4
3189.67641729463,2
3189.68086744418,2
3189.69106778698,2
3189.6963679651,2
3189.73986942705,4
3189.75061978833,4
3189.76187016642,4
3189.76647032102,5
3189.80177150738,2
3189.81347190059,2
3189.83332256771,3
3189.83797272398,2
3189.84217286514,2
3189.8522232029,4
3189.85602333061,4
3189.8606234852,4
3189.87657402125,4
3189.88157418929,4
3189.89172453041,4
3189.89407460939,2
3189.91997547983,2
3189.95582668467,2
3189.96047684095,4
3189.96462698042,4
3189.97077718711,4
3189.97817743581,4
3189.98772775677,4
3190.02482900362,4
3190.02787910612,4
3190.0429796136,5
3190.04672973963,4
3190.05097988246,4
3190.05473000849,4
3190.05543003202,3
3190.05908015469,4
3190.0608302135,3
3190.07323063024,3
3190.07758077643,4
3190.08188092095,3
3190.09188125703,3
3190.1013815763,3
3190.1041816704,4
3190.13438268536,7
3190.18378434559,4
3190.1865844397,4
3190.23263598734,4
3190.31278868101,2
3190.43074264506,3
3190.45119333235,3
3190.48594450022,5
3190.58759791646,3
3190.80585525139,3
3190.83855635036,6
3190.8757075989,2
3191.16436729982,5
3191.16891745273,2
3191.31422233596,2
3191.3477734635,2
3191.43032623784,2
3191.52097928439,5
3191.54563011283,2
3191.708935601,2
3191.73133635381,2
3191.7900383266,2
3191.93714327032,5
3192.07864802584,3
3192.12114945417,3
3192.16025076824,5
3192.26865441134,5
3193.46384457782,4
3193.52999680098,2
3193.58539866286,2
3195.10724980735,4
3195.12235031483,4
3195.49436281697,2
3195.50716324715,3
3195.51381347064,2
3195.60986669868,2
3195.65271813878,2
3196.00853009647,4
3196.03058083752,4
3196.11763376309,4
3196.12318394962,4
3196.13033418991,4
3196.13728442349,4
3196.35084160045,4
3196.85630858756,5
3197.0957166333,2
3197.11496728025,2
3197.15011846156,3
3197.44427834733,2
3197.50583041589,4
3197.51263064443,4
3197.52613109813,4
3197.54118160393,4
3197.59548342884,7
3197.66523577299,5
3197.88574318353,4
3197.89899362884,7
3197.92044434973,2
3197.92859462363,2
3197.94784527058,2
3197.95369546719,2
3198.00144707197,4
3198.00724726689,4
3198.88107663347,4
3199.20063737288,4
3199.210787714,4
3199.82155824002,3
3199.88821047999,4
3201.31420840317,3
3201.48466413163,2
3201.55976665559,3
3201.62241876112,4
3201.62831895941,4
3201.65631990043,2
3201.83622594649,2
3201.85577660352,4
3201.86342686062,4
3201.86787701018,4
3201.906078294,7
3201.9596300937,2
3201.96523028191,4
3201.97758069697,4
3202.0761840107,4
3202.08913444593,4
3202.0937846022,4
3202.09483463749,2
3202.1009348425,4
3202.10488497525,4
3202.2052383478,4
3202.2121385797,2
3202.22908914935,4
3202.2381394535,4
3202.26919049703,2
3202.29489136075,2
3202.32509237571,2
3202.54829987699,4
3202.63390275383,2
3202.64225303445,2
3202.66045364612,2
3202.66605383432,4
3202.67815424098,4
3202.70730522065,2
3202.7140554475,2
3202.71695554496,2
3202.80325844533,4
3202.89096139274,2
3202.91216210523,4
3202.91806230351,4
3202.92251245307,4
3202.95381350499,2
3202.99081474849,2
3203.00551524252,2
3203.02156578193,4
3203.03141611297,4
3203.0356662558,4
3203.04126644401,4
3203.05516691116,2
3203.06076709936,2
3203.0660172758,2
3203.07776767069,2
3203.08606794964,2
3203.1593704131,3
3203.18322121465,3
3203.21232219264,4
3203.22457260433,4
3203.2274727018,2
3203.23362290848,4
3203.24617333026,2
3203.44898014594,2
3203.45618038792,4
3203.46428066015,2
3203.46493068199,4
3203.50293195909,3
3203.5368330984,4
3203.54148325468,4
3203.54973353194,4
3203.5521336126,4
3203.55663376383,4
3203.59568507622,3
3203.60168527787,3
3203.6380865012,7
3203.69533842525,3
3203.7036387042,3
3203.73458974436,4
3203.75979059128,3
3203.79584180284,4
3203.79949192551,4
3203.81989261111,4
3203.82229269177,4
3203.88374475698,4
3203.88659485276,4
3203.88944494854,4
3203.90194536864,4
3203.90524547955,4
3203.91879593493,4
3204.19085507796,7
3204.32090944867,4
3204.54266690122,3
3204.60321893618,2
3204.63441998475,3
3204.98883189538,2
3205.00058229028,7
3205.20983932273,4
3205.28639189541,5
3205.4139461821,5
3205.4310467568,4
3205.58995209709,2
3205.64110381614,4
3205.64945409676,4
3205.65705435218,4
3205.66575464457,5
3205.70365591831,2
3205.7610578474,4
3205.77015815323,4
3205.94146391027,4
3205.95176425643,4
3205.95556438414,4
3205.98171526299,4
3205.99821581752,4
3206.01336632667,5
3206.02131659386,4
3206.04911752816,4
3206.07156828265,4
3206.08596876661,4
3206.09336901531,4
3206.0977191615,4
3206.14077060832,4
3206.20397273234,4
3206.20742284829,4
3206.21417307514,4
3206.21802320453,4
3206.27417509161,5
3206.37762856835,5
3206.67023840202,3
3206.71463989421,5
3206.8013928097,5
3206.87139516225,5
3206.95089783408,5
3206.99579934307,5
3207.24310765431,5
3208.15398826606,7
3208.43114758049,3
3208.85131170085,7
3209.48693306202,3
3209.60943717899,7
3210.02395110947,7
3210.19705692699,3
3210.21410750001,3
3210.22620790666,3
3210.37076276468,3
3210.40941406363,3
3210.43496492231,7
3210.49736701944,3
3210.52511795206,3
3210.73387496771,3
3210.94933220853,7
3211.05088562141,3
3211.08393673216,3
3211.10838755387,4
3211.15838923426,3
3211.22814157841,4
3211.23339175486,4
3211.23669186576,4
3211.24779223881,4
3211.24834225729,2
3211.25334242533,4
3211.30934430738,2
3211.33029501146,2
3211.3378452652,2
3211.35184573571,2
3211.35709591215,2
3211.40944767153,2
3211.42484818909,2
3211.42834830672,2
3211.50430085924,4
3211.50550089957,2
3211.50970104072,2
3211.51290114826,2
3211.54835233966,2
3211.55165245057,2
3211.55700263037,2
3211.59250382345,4
3211.61520458635,4
3211.64075544503,4
3211.71425791521,4
3211.74120882095,4
3211.74800904948,4
3211.75530929482,4
3211.77946010645,2
3211.78751037699,2
3211.79801072987,2
3211.80181085758,2
3211.82861175828,4
3211.90631436961,2
3211.94086553076,7
3211.98356696582,4
3211.99031719267,5
3211.99316728846,4
3212.02421833198,4
3212.02776845129,4
3212.0746700275,2
3212.11627142559,4
3212.11997154994,4
3212.12987188266,4
3212.14757247751,4
3212.22492507709,2
3212.23072527201,2
3212.23642546358,4
3212.26637647013,2
3212.27612679781,4
3212.2771768331,2
3212.27982692216,2
3212.29352738259,2
3212.29637747837,2
3212.3131280413,2
3212.31617814381,2
3212.32452842443,2
3212.33637882269,2
3212.34937925959,2
3212.39228070137,2
3212.39563081395,7
3212.4008809904,4
3212.40143100888,2
3212.40348107778,3
3212.40883125758,4
3212.41368142058,4
3212.41958161886,4
3212.43798223725,4
3212.69109074341,3
3212.7132914895,3
3212.71614158529,2
3213.1035046033,2
3213.11665504525,2
3213.25750977892,3
3214.02428554777,5
3214.1662903201,2
3214.20349157031,2
3214.7666604966,3
3214.82306239208,3
3214.87421411113,3
3214.93561617465,3
3215.11407217198,3
3215.13317281389,7
3215.15312348437,3
3215.16192378012,3
3215.18107442371,7
3215.18927469929,3
3215.26407721316,7
3215.32522926829,3
3215.35163015554,3
3215.41203218545,3
3215.52773607389,3
3215.58178789039,2
3215.65359030344,2
3215.67714109491,2
3215.80639543873,2
3215.84849685362,2
3215.89119828868,2
3215.92339937085,2
3215.95690049672,2
3215.96220067484,2
3215.97160099075,2
3216.00180200571,2
3216.01520245606,2
3216.0258028123,2
3216.02975294505,2
3216.04520346429,2
3216.08330474475,2
3216.15210705698,2
3216.1574072351,2
3216.25171040432,2
3216.2591606547,2
3216.26396081602,2
3216.30131207128,2
3216.30501219562,2
3216.31801263253,2
3216.32711293836,2
3216.5529705287,2
3216.63377324422,3
3216.6988754321,3
3216.6996254573,5
3216.73662670079,3
3216.8457803691,2
3217.20619248138,2
3217.50165241083,2
3217.89036547422,2
3218.18707544569,2
3218.19387567422,2
3218.23947720674,2
3218.27387836285,2
3218.2778284956,2
3218.28257865524,2
3218.29842918793,2
3218.3232300214,2
3218.32918022137,2
3218.34588078262,2
3218.35093095234,2
3218.3653314363,2
3218.37038160601,2
3218.37973192025,2
3218.58053866871,2
3218.59193905184,2
3218.60288941985,2
3218.65794126997,2
3218.66899164133,2
3218.67569186651,2
3218.81574657329,2
3218.82139676318,2
3218.83574724545,2
3219.25296126666,2
3219.98258578699,2
3219.98413583908,5
3219.98653591974,2
3219.9868859315,5
3220.00068639529,4
3220.36774873107,2
3220.37459896128,2
3220.39399961327,3
3220.43345093911,4
3220.54745477041,2
3220.55170491324,2
3220.58710610296,2
3220.60120657683,2
3220.72711080806,2
3221.40718366312,2
3221.47418591484,2
3221.50863707264,2
3221.58203953946,2
3221.81594740034,2
3221.9344013812,5
3222.59312351872,5
3222.75952911107,2
3223.10049056969,7
3223.10559074109,3
3223.15694246685,7
3223.27934658046,2
3224.12022483966,3
3224.29183060677,3
3225.24561266031,3
3225.61532508515,2
3225.67707716043,2
3225.76223002215,3
3225.79093098669,2
3225.88973430715,2
3225.89818459114,5
3225.92878561954,2
3225.93318576742,2
3225.93828593882,2
3225.98648755872,2
3226.02693891816,7
3226.03163907611,2
3226.0347391803,2
3226.03863931137,2
3226.04558954494,2
3226.04963968106,2
3226.05703992975,2
3226.06889032801,2
3226.07539054646,2
3226.15119309394,2
3226.15504322333,2
3226.23294584138,2
3226.37035045911,2
3226.37545063051,2
3226.39580131443,2
3226.41150184207,2
3226.4295524487,2
3226.43930277637,2
3226.44395293265,2
3226.45795340316,2
3226.48745439459,2
3226.50230489367,2
3226.50975514405,2
3226.51680538098,2
3226.5869077369,2
3226.59035785285,2
3226.59775810154,2
3226.61380864095,2
3226.61845879723,2
3226.62810912154,2
3226.63890948451,2
3226.64385965087,2
3226.65786012138,2
3226.66556038016,2
3226.67371065406,2
3226.70306164046,2
3226.71996220843,2
3226.72286230589,2
3226.72736245713,2
3226.73776280665,2
3226.75101325195,2
3226.76621376279,2
3226.77861417953,2
3226.79251464668,2
3226.79611476767,2
3226.87491741597,2
3226.89236800243,2
3226.94616981054,4
3227.10207505001,3
3227.15002666151,4
3227.15567685139,4
3227.16397713033,4
3227.17762758908,4
3227.24702992147,4
3227.3033318136,3
3227.32778263531,4
3227.40218513574,4
3227.47498758239,3
3227.48183781261,3
3227.65829374272,3
3227.85645040212,4
3227.97850450397,3
3227.99285498624,2
3228.1143590696,2
3228.13210966614,2
3228.28326474597,2
3228.29121501316,2
3228.32406611718,2
3228.3426167406,2
3228.34686688344,2
3228.42896964264,2
3228.43401981236,2
3228.43866996864,7
3228.55067373273,5
3228.63867669022,2
3228.90998580804,5
3229.1528939714,4
3229.47095466039,5
3229.68021169284,5
3229.77946502843,3
3230.0799751276,5
3230.15172753897,2
3230.28743209956,4
3230.31158291119,4
3230.38843549396,2
3230.45448771376,2
3230.51913988651,4
3230.53409038895,4
3231.36606834904,2
3231.44532101246,2
3231.50307295332,2
3231.70272966314,3
3231.99278941111,2
3232.10209308445,2
3232.29029940946,3
3232.35220148979,2
3232.73951450612,5
3232.87386902134,3
3234.26971593125,6
3234.41737089345,3
3234.44182171517,7
3234.53752493144,7
3235.15854580195,4
3235.19434700511,2
3235.19759711433,2
3235.30540073727,2
3235.54110865865,4
3235.83491853265,3
3235.86176943502,7
3235.87031972237,3
3235.88262013574,3
3236.04807569617,3
3236.77215002997,4
3237.04490919652,3
3237.0567095931,3
3237.06595990397,3
3237.16446321435,4
3237.20586460571,2
3237.31751835803,2
3237.38492062321,2
3237.43247222126,2
3237.44772273378,7
3237.5234252779,3
3237.53867579042,3
3237.54202590301,2
3237.56367663062,2
3237.61067821019,2
3237.6216285782,7
3237.65942984857,7
3237.69613108198,3
3237.70133125675,3
3237.71278164156,3
3237.79978456544,2
3237.82833552495,3
3237.84003591816,3
3237.85663647605,3
3238.13529584089,6
3238.17579720201,4
3238.17789727259,5
3238.18109738013,4
3238.53490927061,3
3238.81671874131,2
3238.82251893624,3
3239.35113670137,2
3239.37518750964,2
3239.46724060325,2
3239.49794163501,2
3239.7223991783,2
3239.78930142667,2
3239.99805844232,2
3240.24891687286,3
3240.27616778868,3
3240.45347374736,4
3241.60091230906,3
3242.08662863241,3
3242.45034085561,3
3242.46734142694,3
3244.04039429216,2
3244.10174635401,3
3244.14484780251,2
3245.21208366886,2
3245.49169306562,3
3245.52379414444,3
3245.68664961748,2
3245.69845001406,2
3245.72800100717,2
3245.97525931672,3
3246.43052461672,4
3246.43472475787,4
3246.44412507379,4
3246.44797520317,2
3246.51327739777,2
3246.51357740785,4
3246.52042763807,4
3246.53322806825,2
3246.57537948482,2
3246.59663019899,2
3246.60748056363,4
3246.60948063085,2
3246.60983064261,4
3246.61503081737,4
3246.61738089635,2
3246.62453113665,4
3246.62693121731,4
3246.62708122235,2
3246.67078269101,2
3246.68818327579,2
3246.69093336821,2
3246.69848362195,2
3246.70303377487,2
3246.72633455793,2
3246.81268745998,2
3246.82023771371,2
3246.82338781958,2
3246.83003804307,2
3246.83528821951,2
3246.84088840772,2
3246.896540278,2
3246.90009039731,2
3246.90614060063,2
3246.91229080732,2
3246.91939104594,2
3246.93264149124,2
3246.93829168113,2
3246.97799301536,5
3246.99659364047,2
3247.00244383707,2
3247.04644531582,2
3247.07554629381,2
3247.10549730037,2
3247.16829941094,2
3247.22620135684,2
3247.23430162906,2
3247.24855210798,2
3247.25285225249,2
3247.26400262722,2
3247.27110286584,2
3247.27825310613,2
3247.2824032456,2
3247.32110454623,2
3247.32465466554,2
3247.3293548235,2
3247.33785510916,2
3247.35095554943,2
3247.35675574435,2
3247.45575907153,2
3247.50511073008,2
3247.53731181226,4
3247.59461373799,2
3247.60331403038,2
3247.61791452105,2
3247.62156464372,2
3247.63801519657,2
3247.6415153142,2
3247.65571579143,4
3247.69126698619,2
3247.83162170306,2
3247.83602185094,2
3247.84202205258,2
3247.90992433456,7
3247.98207675937,2
3248.30748769538,2
3248.31388791047,2
3248.4216915334,2
3248.71170127969,4
3248.96055964302,2
3249.39232415323,7
3249.48847738463,3
3249.54692934901,2
3249.55722969517,2
3249.6979344238,2
3249.70638470779,3
3249.74718607899,2
3249.77618705362,2
3249.7966377409,2
3249.80023786189,2
3249.83138890877,3
3249.85238961454,2
3249.92664210993,4
3249.956043098,2
3250.07374705365,2
3250.08494743006,2
3250.63301584886,2
3250.68966775275,2
3250.73151915924,5
3250.84502297374,3
3250.99837812751,7
3251.08213094217,2
3251.12803248477,3
3251.44719321073,2
3251.56369712605,2
3251.65215009867,4
3251.88635796964,7
3252.05491363425,7
3252.33352299741,2
3252.39777515672,2
3252.69243505929,7
3252.70493547938,7
3253.00919570459,4
3253.0157959264,4
3253.04439688759,4
3254.12368315891,5
3254.2920388168,5
3254.49994580388,3
3255.92804379764,3
3255.96909517724,7
3255.99249596367,3
3255.99944619724,3
3256.02914719539,3
3256.0982495177,7
3256.23620415391,3
3256.24155433371,3
3256.31150668458,3
3256.31770689295,3
3256.34115768106,3
3256.67841901532,3
3256.6988697026,3
3256.71722031931,3
3256.75137146702,3
3256.77112213077,3
3256.78632264161,3
3256.79202283318,3
3256.79867305667,3
3256.81557362464,7
3256.82852405987,7
3256.83627432033,3
3256.84452459759,3
3256.87197552013,3
3256.88187585285,3
3256.89402626118,3
3256.93392760214,3
3257.103383297,3
3257.14888482616,7
3257.15433500932,7
3257.35539176619,3
3257.36919222998,3
3257.40039327854,3
3257.51284705775,3
3257.63170105205,3
3257.67280243333,7
3257.68945299291,7
3258.49323000525,3
3258.50783049593,7
3258.94194508512,2
3259.53636506165,4
3259.54306528682,4
3259.60031721088,2
3259.65961920382,2
3259.98168002725,4
3260.01433112454,3
3260.24343882411,2
3260.31989139344,2
3260.33704196981,4
3260.53559864266,2
3260.55754938035,3
3260.56694969627,2
3260.61800141195,2
3260.65395262016,2
3260.73440532391,2
3260.82080822763,2
3260.82775846121,2
3260.83125857884,2
3260.93101193122,4
3261.01176464506,2
3261.07681683126,2
3261.75268954515,3
3261.76974011817,4
3261.99424766314,2
3262.05549972162,4
3262.0683001518,4
3262.54831628359,4
3263.06143352781,7
3263.25419000573,3
3263.44494641644,2
3263.69870494444,2
3264.21037213992,5
3264.45238027303,5
3264.50303197527,2
3264.54868350947,2
3264.62448605695,2
3264.63208631237,4
3264.63918655099,4
3264.67278768021,2
3264.70263868341,2
3264.7062388044,2
3264.71658915224,2
3264.72023927491,2
3264.742440021,4
3264.79924192993,2
3264.80279204924,2
3264.80649217359,2
3264.81419243237,2
3264.89859526887,2
3264.92594618805,2
3264.94679688877,2
3265.01254909849,3
3265.05065037896,7
3265.07085105783,2
3265.162504138,3
3265.16995438838,3
3265.31305919767,2
3265.36171083269,3
3265.37426125447,2
3265.76252430274,4
3266.00318239048,4
3266.01723286267,4
3266.11648619825,2
3266.12833659651,2
3266.36174444059,7
3266.68390526737,3
3266.75205755775,2
3266.78225857271,4
3266.79245891551,2
3266.80100920286,2
3266.83326028671,7
3266.90556271656,2
3266.92226327781,2
3266.97971520859,2
3267.02611676799,2
3267.04661745696,2
3267.0602679157,2
3267.09641913063,2
3267.11381971541,2
3267.1176698448,2
3267.14382072364,2
3267.28237538002,2
3267.30117601185,2
3267.30802624206,2
3267.33332709234,3
3267.43588053883,5
3267.69658930041,4
3267.87204519691,2
3267.89599600182,4
3267.90104617154,4
3267.9082964152,4
3267.91949679161,4
3267.92434695461,4
3267.93084717306,2
3267.94364760324,2
3268.01054985161,4
3268.02050018601,4
3268.05490134212,2
3268.25215797128,7
3268.59471948366,6
3268.70077304778,2
3268.70322313012,5
3268.94883138422,2
3269.10183652623,2
3269.38389600533,2
3269.42859750761,2
3269.50710014583,2
3269.64050462912,3
3270.06526890407,2
3270.07706930065,3
3270.1215707962,2
3270.12477090374,2
3270.17297252364,2
3270.18602296223,2
3270.22067412674,2
3270.22577429814,2
3270.26272553995,2
3270.34252822186,4
3270.34692836974,4
3270.35477863356,4
3270.36697904358,3
3270.65823883188,4
3270.67413936624,4
3270.9175475464,4
3270.98394977797,3
3271.87062957641,7
3271.98028326152,7
3272.05053562247,2
3272.34559553848,2
3272.79536065363,2
3272.80751106197,2
3273.15367269534,7
3273.24007559906,4
3273.45723289702,2
3273.52823528318,3
3273.54468583603,3
3273.63923901366,5
3273.81939506812,5
3273.91154816509,5
3273.94284921701,6
3273.95644967408,5
3273.97345024542,5
3274.03715238624,5
3274.06695338775,6
3274.0752536667,5
3274.17020685777,5
3274.43391572017,2
3274.45166631671,2
3274.46741684604,2
3274.4723670124,2
3274.69152437757,4
3274.86883033625,4
3274.89008105041,4
3274.90283147891,4
3274.95743331391,4
3274.96863369031,4
3274.97878403143,4
3275.02378554379,3
3275.16609032619,3
3275.16624033123,2
3275.18619100171,4
3275.33959615716,5
3275.51960220659,2
3275.67520743597,4
3275.91256541281,3
3276.02821929956,5
3276.45473363333,2
3277.24176008274,7
3277.38936504327,4
3277.41421587843,4
3277.66387426864,2
3278.22034296975,2
3278.50550255304,2
3278.55335416118,2
3278.59850567858,2
3278.62300650197,2
3278.78661200022,2
3279.5918390613,7
3279.85969806318,2
3280.09935611731,2
3280.13685737761,3
3280.18885912522,2
3280.29921283385,2
3280.35966486545,2
3280.36596507718,2
3280.39206595434,2
3280.40021622825,7
3280.42166694914,2
3280.45276799434,2
3280.45711814054,2
3280.47621878245,2
3280.47911887991,7
3280.47951889335,2
3280.48341902442,2
3280.48816918406,2
3280.50781984446,2
3280.51482007971,2
3280.52342036874,2
3280.63322405889,2
3280.63577414459,2
3280.63992428406,2
3280.7364775289,2
3280.75562817249,2
3280.80617987137,5
3280.83973099892,5
3280.88853263898,5
3280.94168442524,2
3281.13349087124,2
3281.22894407911,3
3281.42800076876,4
3282.01927063943,4
3282.1287743195,2
3282.17462586042,4
3282.38403289791,4
3282.38553294832,4
3282.496036662,4
3282.64264158891,4
3282.77484603188,4
3282.96120229471,4
3283.07265604031,4
3283.40976736953,4
3283.41096740986,4
3283.41406751405,4
3283.49257015227,4
3283.66542596139,5
3283.75362892561,3
3283.82748140755,2
3283.899533829,5
3284.05678911384,2
3284.06493938775,2
3284.11189096564,2
3284.1147910631,2
3284.13374169997,2
3284.16704281911,2
3284.5634061396,3
3284.57880665716,3
3284.6032074772,3
3284.65720929202,3
3285.23622875099,3
3285.26607975419,3
3285.43803553307,3
3285.45928624724,3
3285.46873656483,3
3285.47833688747,3
3285.54208902997,3
3285.54988929211,3
3285.5580895677,7
3285.56558981976,7
3285.58144035244,4
3285.58624051376,4
3285.58959062634,3
3285.59384076918,3
3285.59549082463,5
3285.5993909557,7
3285.61544149511,7
3285.6192916245,7
3285.64589251847,3
3285.94730264789,3
3285.97200347801,3
3285.98050376367,7
3286.28386395863,2
3286.5055714095,7
3286.62627546597,7
3286.70907824871,3
3286.7595799459,4
3286.76488012403,4
3286.87093368814,7
3286.88198405951,5
3287.03028904356,4
3287.27789736488,4
3287.2956979631,4
3287.41400193891,4
3287.85141663901,3
3287.87691749601,3
3287.89296803541,2
3288.06527382605,3
3288.40008507798,5
3288.77834779017,2
3288.97305433362,5
3288.98830484614,4
3289.38471816831,2
3289.40166873797,1
3289.46352081662,2
3289.56312416396,2
3289.67497792301,2
3289.69937874304,2
3289.70402889932,3
3289.80908242983,2
3289.9700878407,2
3289.97103787262,3
3290.0014388943,3
3290.01373930768,2
3290.04719043187,7
3290.10949252564,3
3290.11639275753,3
3290.14189361453,7
3290.22854652666,7
3290.49050533025,2
3290.75496421785,2
3291.03237354069,3
3291.16402796516,4
3291.18202857011,4
3291.48048860038,3
3291.50423939857,4
3291.66234471198,3
3291.87280178476,4
3291.88205209563,4
3291.90375282493,4
3291.90805296944,4
3291.9130031358,4
3291.92130341475,4
3291.93640392222,3
3292.01625660581,4
3292.02100676545,4
3292.03070709145,4
3292.04235748298,4
3292.09720932637,4
3292.11000975655,4
3292.11310986074,4
3292.14626097484,4
3292.15236117985,4
3292.16066145879,4
3292.18246219145,3
3292.18416224858,4
3292.18646232588,4
3292.191762504,4
3292.19531262331,5
3292.19721268716,3
3292.19921275438,4
3292.20711301988,4
3292.21441326522,4
3292.28201553711,4
3292.28436561609,4
3292.28726571355,4
3292.29286590176,4
3292.29686603619,4
3292.3050163101,4
3292.31026648654,4
3292.31431662265,4
3292.33011715365,4
3292.34156753846,4
3292.3455676729,4
3292.39666939026,4
3292.39901946924,4
3292.40161955662,4
3292.40501967088,4
3292.41106987421,4
3292.42592037329,4
3292.42842045731,4
3292.43427065392,4
3292.44367096983,4
3292.45397131599,4
3292.46337163191,4
3292.4700218554,4
3292.47547203856,4
3292.47927216627,4
3292.52832381474,4
3292.5307238954,4
3292.53487403487,4
3292.53997420627,4
3292.546274418,4
3292.55847482802,3
3292.68537909286,4
3293.23034740748,3
3293.28994941051,3
3293.40435325526,7
3293.46240520619,3
3293.4886560884,4
3293.49465629005,4
3293.60666005413,4
3293.61206023562,4
3293.62941081871,4
3293.72926417446,4
3293.7465147542,4
3293.75826514909,3
3293.97887256299,4
3294.00597347377,4
3294.51229048944,4
3294.58364288737,3
3295.0403582361,4
3295.23906491398,4
3295.27726619781,2
3295.4836231328,2
3295.49562353609,4
3295.50442383184,4
3295.50737393098,2
3295.52427449896,4
3295.53627490225,2
3295.54032503836,2
3295.67137944268,3
3295.68933004594,3
3295.70388053493,3
3295.77918306561,3
3295.787883358,4
3295.85263553411,3
3295.86368590548,3
3295.87028612729,7
3295.88723669694,7
3295.89013679441,3
3295.94793873694,3
3296.00044050136,3
3296.01274091473,3
3296.0263413718,7
3296.03669171964,3
3296.13509502666,3
3296.16169592063,2
3296.24449870336,2
3296.26874951836,2
3296.31900120715,2
3296.40010393275,2
3296.40735417641,2
3296.410704289,2
3296.43015494267,2
3296.90832101229,4
3296.94242215832,3
3296.95767267084,7
3297.27098320019,3
3297.28973383034,2
3297.29108387571,3
3297.30598437647,2
3297.37428667188,2
3297.38323697268,2
3297.4448890446,2
3297.55439272467,2
3297.56934322711,3
3297.57654346908,3
3297.57924355982,3
3297.60644447396,3
3297.65209600816,3
3297.6601462787,7
3297.67334672233,3
3297.68329705673,3
3297.68889724493,3
3297.70879791373,3
3297.75449944961,3
3297.76504980417,3
3297.77520014529,7
3297.78495047297,3
3297.79220071663,7
3297.79935095692,3
3297.82560183913,3
3297.86460314984,3
3297.89715424377,7
3297.89825428074,3
3297.92160506549,3
3297.99690759616,3
3298.09191078891,3
3298.10916136865,3
3298.12451188453,3
3298.27306687698,3
3298.28461726515,3
3298.31721836077,3
3298.4319222156,2
3298.49432431273,3
3298.50132454798,2
3298.50637471771,2
3298.56127656278,3
3298.5760270585,3
3298.62302863807,2
3298.64352932703,4
3298.64667943289,2
3298.66693011345,2
3298.66998021596,2
3298.71908186611,2
3298.72508206775,2
3298.7290322005,2
3298.74133261388,3
3298.75253299029,2
3298.75503307431,2
3298.75533308439,3
3298.76138328772,2
3298.77333368933,2
3298.77513374983,3
3298.77993391115,2
3299.34480289457,7
3299.41565527569,2
3299.43750601002,2
3299.44055611252,2
3299.55170984804,2
3299.7341659798,4
3299.78916782823,2
3299.87632075716,2
3299.92812249805,4
3299.95497340042,1
3299.96937388438,2
3300.26253373653,2
3300.28513449607,2
3300.33863629409,2
3300.34338645373,2
3300.34843662345,2
3300.3949881879,2
3300.45094006826,2
3300.4786409992,2
3300.49459153525,2
3300.51509222421,2
3300.52539257037,2
3300.5342428678,2
3300.539843056,2
3300.54939337696,2
3300.55664362062,2
3300.60804534806,2
3300.61109545057,2
3300.61459556819,2
3300.62189581353,2
3300.63164614121,2
3300.6385463731,2
3300.64519659659,2
3300.65679698645,2
3300.6607471192,2
3300.67059745024,2
3300.68859805518,2
3300.69294820137,2
3300.70064846015,2
3301.01170891389,2
3301.01615906344,2
3301.02760944825,2
3301.40282205794,2
3301.40682219237,2
3301.44647352492,2
3301.49782525069,2
3301.50432546914,2
3301.53562652107,2
3301.55202707224,2
3301.56252742512,2
3301.57032768726,2
3301.72348283431,2
3301.8209361094,2
3301.84528692775,2
3301.85088711596,2
3301.97879141441,2
3301.99329190172,2
3302.00059214706,2
3302.0994454692,2
3302.11234590274,2
3302.13159654969,2
3302.13884679335,2
3302.36945454333,2
3302.37890486093,2
3302.47600812425,2
3302.50275902326,2
3302.50605913417,2
3302.75061735298,2
3302.89972236392,7
3302.95582424932,3
3302.97747497693,2
3303.04252716313,3
3303.10337920817,2
3303.23478362424,3
3303.33243690606,2
3303.37673839488,2
3303.40048919307,2
3303.42328995933,2
3303.42939016434,2
3303.4338403139,2
3303.50249262108,2
3303.61214630618,2
3303.61629644566,2
3303.62439671788,2
3303.83175368648,7
3303.91070633982,7
3304.06466151376,4
3304.26876837313,6
3304.39082247497,3
3304.47897543751,3
3304.73283396887,3
3304.77263530647,3
3304.85538808752,4
3304.87413871767,3
3305.26975201295,4
3305.28575255068,4
3305.28935267167,4
3305.31920367486,3
3305.77141887236,3
3306.06062859176,3
3306.11873054438,3
3306.19803320948,3
3306.21493377746,4
3306.26318539904,3
3306.29778656187,5
3306.30463679209,4
3306.51274378589,2
3306.51879398922,4
3306.60059673834,4
3306.60409685597,4
3306.60824699544,2
3306.74830170223,2
3306.88805639893,3
3307.08421299112,7
3307.29727015128,3
3307.32557110239,3
3307.52762789286,2
3307.56337909435,2
3307.65158205856,3
3307.92729132426,4
3307.93569160657,4
3307.94919206027,4
3308.49336034801,4
3308.49956055638,4
3308.51986123862,3
3308.52311134784,2
3308.63306504303,2
3308.74796890458,3
3308.77376977166,2
3308.88007334418,2
3308.96892633024,2
3309.00982770481,2
3309.04417885924,2
3309.05297915499,2
3309.14278217298,2
3309.21028444151,2
3309.29733736708,7
3309.30228753344,5
3309.34653902059,7
3309.36983980365,2
3309.38509031617,2
3309.38864043548,2
3309.39899078332,2
3309.94800923406,2
3309.95800957013,2
3309.96155968944,2
3309.96690986925,2
3310.08166372575,2
3310.09086403494,2
3310.09591420466,2
3310.10301444328,2
3310.1820170983,2
3310.19066738901,2
3310.19686759738,2
3310.28177045069,2
3310.28467054816,2
3310.29047074308,2
3310.3001210674,2
3310.42887539441,4
3310.48197717899,3
3311.38415749836,7
3311.49711129437,3
3311.56421354946,3
3311.56901371078,7
3311.68421758241,4
3311.71246853183,3
3311.78297090119,3
3311.81232188758,3
3311.8778240889,3
3311.95427665822,4
3311.97792745305,4
3311.99442800758,4
3312.03307930652,4
3312.10048157169,5
3312.10678178342,4
3312.19893488039,5
3312.26143698088,6
3312.26423707499,5
3312.31178867304,5
3312.40114167591,4
3312.45264340671,3
3312.46774391419,3
3312.73380285557,4
3312.84770668351,4
3312.85150681122,4
3312.95961044424,4
3312.96451060892,4
3312.9701607988,4
3313.07136419992,4
3313.0757643478,4
3313.40087527372,4
3313.56698085599,4
3313.62183269939,4
3313.6381332472,4
3313.6442334522,4
3313.81913933023,3
3313.92234279856,3
3314.039296729,3
3314.13384990663,4
3314.23720338001,3
3314.28025482683,3
3314.31600602831,2
3314.32410630053,3
3314.32645637951,2
3314.33925680969,2
3314.34290693236,3
3314.36795777424,4
3314.38125822122,2
3314.41955950841,3
3314.4471104343,7
3314.47116124257,3
3314.70991926646,4
3314.71556945634,4
3315.02537986807,2
3315.07208143756,2
3315.07808163921,2
3315.08633191647,2
3315.09278213324,2
3315.11198277851,2
3315.11448286253,2
3315.12048306418,2
3315.14163377499,2
3315.16363451436,2
3315.16673461855,2
3315.35344089314,2
3315.81020624355,2
3315.81890653594,2
3315.82660679472,2
3315.85480774246,2
3315.89355904477,2
3316.3760252589,7
3316.54328087982,3
3316.59608265431,2
3316.70998648225,2
3316.94994454647,2
3317.04654779299,2
3317.06659846683,2
3317.11725016907,2
3317.12750051355,7
3317.17760219731,2
3317.20070297365,2
3317.20525312656,2
3317.21905359035,2
3317.22400375671,2
3317.27210537325,7
3317.31370677134,2
3317.32045699819,2
3317.36985865842,2
3317.37490882814,2
3317.3814090466,2
3317.39245941796,2
3317.40395980445,2
3317.41006000946,2
3317.41771026656,2
3317.41936032202,7
3317.42931065641,3
3317.4989629972,2
3317.60496655964,2
3317.61031673944,2
3317.61446687892,2
3317.62536724524,2
3317.62991739816,2
3317.63906770567,2
3317.64851802326,2
3317.86817540524,2
3318.14103457515,2
3318.15873517001,7
3318.19323632949,2
3318.42124399209,4
3318.46484545739,2
3318.51734722181,2
3318.53114768559,4
3318.65295177904,4
3318.6586519706,4
3318.66620222434,3
3318.67685258227,2
3318.68075271334,4
3318.68655290826,3
3318.79070640852,4
3318.79725662866,4
3318.84895836618,4
3318.85895870226,4
3318.92386088342,3
3319.1679690871,7
3319.18641970717,2
3319.22067085824,2
3319.30472368298,2
3319.38257629936,2
3319.56943257899,5
3319.6311346526,2
3319.7657891779,4
3319.92714460054,7
3320.01164744041,5
3320.21055412502,5
3320.22200450983,4
3320.63501838989,5
3321.60790108533,2
3321.70480434194,2
3321.84855917307,2
3321.90876119627,5
3322.12991862865,2
3322.15286939995,5
3322.52928204997,5
3322.90809478064,5
3322.94369597708,2
3322.98579739197,2
3323.28040729286,2
3323.68952104185,4
3323.70022140145,4
3324.03538266514,3
3324.29939153762,2
3324.35484340118,2
3324.36064359611,2
3324.36464373054,7
3324.37344402629,2
3324.39054460098,2
3324.39444473206,2
3324.48839788952,2
3324.68200439601,2
3325.17072082019,2
3325.25902378776,2
3326.53481666304,7
3327.35889435762,2
3327.51949975505,2
3327.52454992477,2
3327.54050046082,2
3327.54525062046,2
3327.5561009851,2
3327.65235421986,3
3327.72335660602,2
3327.72765675054,2
3327.73320693706,2
3327.77455832675,2
3327.77975850151,2
3327.7894588275,2
3327.79310895017,2
3327.85531104059,2
3327.9200632167,7
3328.39862929976,4
3328.52913368559,4
3328.61978673214,4
3328.63438722282,4
3328.64333752361,2
3328.69823936868,2
3328.7739419128,7
3328.98794910489,2
3329.46836525012,3
3329.52011698933,2
3329.7540748519,2
3329.84402787493,2
3330.55505177014,3
3330.77825927143,3
3330.85876197686,2
3330.94296480665,3
3330.98706628876,2
3331.14692166098,4
3331.27057581659,4
3331.27652601656,2
3331.43503134341,3
3331.60293698618,2
3331.60293698618,4
3331.91834758611,3
3331.95539883128,4
3331.96084901445,4
3332.05780227273,4
3332.06235242565,3
3332.07285277853,3
3332.08070304235,3
3332.08810329105,7
3332.09645357168,3
3332.34826203414,3
3332.7049240204,7
3332.80047723164,7
3332.83662844656,3
3332.85887919434,4
3332.87637978247,4
3332.90803084616,2
3332.92608145279,2
3332.92923155865,2
3332.95023226442,2
3332.95478241733,2
3332.97498309621,2
3332.97643314495,4
3332.9783332088,2
3332.9864834827,2
3333.00573412966,2
3333.00933425064,2
3333.01263436155,3
3333.04838556303,2
3333.0538357462,2
3333.05748586887,2
3333.06418609404,2
3333.13108834241,2
3333.13453845835,2
3333.1629894145,2
3333.17083967832,2
3333.17633986316,2
3333.19474048155,2
3333.19794058909,2
3333.20569084956,2
3333.22889162926,4
3333.26599287611,3
3333.31814462876,2
3333.32419483209,2
3333.37814664524,2
3333.38424685025,2
3333.39824732076,2
3333.40329749048,2
3333.40994771397,2
3333.41859800468,2
3333.42789831723,2
3333.44794899107,2
3333.45184912214,2
3333.50025074876,2
3333.50360086135,2
3333.51155112853,2
3333.51815135034,2
3333.5305017654,2
3333.53655196873,2
3333.55165247621,2
3333.56145280556,2
3333.56720299881,2
3333.62550495815,2
3333.6442555883,2
3333.64940576138,2
3333.65345589749,2
3333.67045646883,2
3333.73495863653,2
3333.73980879953,2
3333.79326059588,5
3333.945465711,5
3334.04526906506,2
3334.25947626388,2
3334.28027696292,2
3335.24470937438,1
3335.29971122281,3
3335.444866101,7
3335.55751988693,2
3335.67902397029,3
3335.72422548936,3
3335.88373084982,3
3335.93308250837,3
3336.04923641193,7
3336.43834948876,3
3336.51875219084,4
3336.52365235552,3
3336.52975256052,4
3336.53625277898,4
3336.6509566338,4
3336.69545812935,4
3336.74540980807,3
3336.77066065667,7
3336.77251071884,4
3336.7996616313,3
3336.81121201947,4
3336.8310126849,4
3336.85876361752,4
3336.89786493159,4
3336.90131504754,4
3336.96271711106,4
3336.97101739001,4
3337.00181842513,5
3337.00871865703,4
3337.01151875113,4
3337.07632092892,5
3337.08617125996,4
3337.08932136582,4
3337.15942372174,4
3337.16197380744,3
3337.24867672124,4
3337.25682699515,7
3337.26847738668,4
3337.27277753119,4
3337.32412925696,7
3337.36358058279,3
3337.71964254888,3
3337.7341430362,5
3338.07400445784,7
3338.09115503421,2
3338.23875999474,2
3338.27091107523,2
3338.27826132225,5
3338.28661160288,2
3338.28916168858,5
3338.29131176084,2
3338.30476221286,6
3338.30851233889,7
3338.37851469144,2
3338.38201480907,2
3338.42731633151,2
3338.49781870087,2
3338.52436959316,2
3338.62302290857,3
3338.62662302956,2
3338.70977582406,4
3338.7300765063,4
3338.80937917141,4
3338.83798013259,4
3338.93808349674,3
3338.95738414538,4
3338.96683446297,4
3338.97818484442,4
3339.05998759355,4
3339.07533810943,4
3339.10123897987,4
3339.16779121648,2
3339.22919328,2
3339.3401470088,5
3339.34844728774,4
3339.5589543622,3
3339.63925706092,2
3339.6551075936,2
3339.96456799357,2
3339.96981817001,2
3340.06257128714,2
3340.07062155769,2
3340.07902183999,2
3340.08467202988,2
3340.09777247014,2
3340.10217261801,2
3340.21602644427,2
3340.22107661399,2
3340.24557743739,2
3340.25207765584,2
3340.36198134935,2
3340.67194176611,2
3340.75199445643,7
3340.82734698878,3
3341.07550532858,4
3341.0757053353,7
3341.08940579573,2
3341.09130585959,3
3341.30196293909,3
3341.30491303823,4
3341.31856349698,4
3341.43376736861,7
3341.52467042357,3
3341.76132837688,7
3341.86453184521,2
3341.89938301645,7
3341.93883434228,7
3342.13724101008,4
3342.15769169737,4
3342.5294541911,5
3342.66330868952,7
3342.92861760569,3
3342.95731857024,2
3343.03122105386,2
3343.04352146724,2
3343.08947301152,2
3343.19922669999,2
3343.21797733014,2
3343.22847768302,2
3343.23737798213,2
3343.2810794508,2
3343.28577960875,2
3343.33713133452,3
3343.35473192602,5
3343.37753269228,2
3343.38268286536,2
3343.40183350895,2
3343.44008479445,2
3343.44423493393,2
3343.52903778388,2
3343.53323792503,2
3343.54078817877,2
3343.54618836025,2
3343.65554203528,2
3343.66739243353,2
3343.75044522466,2
3343.89505008437,2
3344.0061538182,2
3344.10565716219,3
3344.28131306542,5
3344.55102212947,7
3344.65427559948,5
3344.68542664637,7
3344.95808580956,3
3345.1553924404,3
3345.7914638167,7
3346.00212089621,2
3346.44478577274,4
3347.33136556782,3
3347.4173684581,3
3347.46717013177,3
3347.6550764467,7
3347.81543183572,3
3348.17539393289,3
3348.3827008998,2
3348.53670607542,2
3348.81366538313,2
3348.82151564695,2
3348.84506643841,2
3348.85716684507,2
3348.90731853051,5
3348.99217138214,2
3348.99412144767,5
3348.99792157538,2
3349.00172170309,3
3349.04742323897,2
3349.05182338685,2
3349.05837360698,2
3349.06662388424,2
3349.07272408925,2
3349.08847461858,2
3349.09277476309,2
3349.10197507228,2
3349.11077536803,2
3349.116725568,2
3349.13392614606,5
3349.18147774411,2
3349.1978282936,2
3349.20302846836,2
3349.21792896912,2
3349.22397917245,2
3349.23167943123,2
3349.23872966816,2
3349.25018005297,2
3349.25898034872,2
3349.3373329819,2
3349.34248315498,2
3349.36453389604,5
3349.48408791386,2
3349.49513828523,2
3349.50003844991,2
3350.27131437,3
3350.54212347102,7
3350.77843141256,3
3351.13449337865,3
3351.17164462719,3
3351.82841669917,7
3351.84561727723,3
3351.90626931555,3
3351.98167184958,3
3352.37353501884,3
3352.43128695969,3
3352.48633880981,3
3352.51588980292,3
3352.5434907305,3
3352.55204101785,3
3352.65069433327,7
3352.72914696981,3
3352.7462475445,3
3352.74954765541,2
3352.76264809567,3
3352.77414848216,3
3352.81929999956,3
3353.12451025669,7
3353.23171385946,3
3353.24196420394,2
3353.93793759335,2
3354.70256328995,4
3354.71066356217,4
3354.94092130039,5
3354.94712150876,4
3355.0352744713,4
3355.29303313373,3
3355.4405380909,5
3355.45778867063,4
3355.56944242296,3
3355.80835045188,2
3355.88075288509,2
3356.10501042166,2
3356.13696149544,7
3356.21116398914,2
3356.24311506291,2
3356.30296707435,5
3356.95638903375,2
3356.95923912953,2
3357.03059152745,2
3357.04384197276,2
3357.15054555872,2
3357.2056974122,2
3357.21289765417,2
3357.25344901697,3
3357.25779916317,2
3357.43100498406,2
3357.61031100995,4
3357.61186106204,3
3357.72026470514,4
3357.8272182995,4
3357.97717333901,5
3358.33843547986,3
3358.86145305679,2
3358.98790730651,5
3359.18441391046,5
3359.3057179871,3
3359.35636968934,2
3359.41977182008,5
3359.42467198476,3
3359.51712509181,5
3359.76268334423,4
3359.99164103876,5
3360.10779494231,5
3360.33445255954,5
3360.33680263852,2
3360.42625564475,2
3360.45075646814,4
3360.45560663114,2
3360.47775737555,2
3360.52325890471,2
3360.57591067417,4
3360.5929112455,4
3360.61906212435,2
3360.67971416267,2
3360.7217155742,2
3360.74051620603,2
3360.78316763941,2
3360.7954180511,2
3360.82876917193,5
3360.91852218824,4
3360.96342369723,2
3360.97972424504,2
3360.98422439627,2
3361.00042494072,2
3361.00362504827,2
3361.01542544484,2
3361.04342638586,2
3361.04712651021,2
3361.0535267253,2
3361.11562881235,2
3361.12942927614,2
3361.13287939209,2
3361.13722953828,2
3361.15923027766,3
3361.19218138504,2
3361.1953314909,2
3361.21823226052,2
3361.22703255627,2
3361.24568318306,2
3361.24923330237,2
3361.25683355779,2
3361.41423884767,4
3362.02895950644,2
3362.10036190605,2
3362.15186363685,2
3362.62087939896,2
3362.91963943932,2
3363.35040391592,5
3363.39710548541,4
3363.45750751532,5
3363.46080762623,2
3363.60136234982,5
3364.23758373116,5
3364.48414201719,5
3364.51674311281,4
3364.53214363037,5
3364.6491475625,5
3364.82645352118,4
3365.10691294651,3
3365.17791533267,5
3365.17971539316,2
3365.35522129135,2
3365.37672201392,2
3365.42182352964,2
3365.4448743043,2
3365.45442462525,2
3365.4581247496,7
3365.65918150647,2
3365.86488841962,1
3366.15989833395,4
3366.18314911533,2
3366.40895670399,2
3366.47140880281,7
3366.8249206832,3
3367.00947688553,4
3367.08707949351,4
3367.09037960441,4
3367.20553347436,3
3367.36058868527,2
3367.88300624203,3
3368.23801817284,2
3368.30702049178,2
3368.33227134038,2
3368.46067565563,2
3368.48542648743,2
3368.55247874084,2
3368.5553788383,2
3368.59733024815,2
3368.66093238562,2
3368.66773261415,2
3368.71548421893,3
3368.76203578337,2
3368.77468620851,2
3368.78003638832,2
3368.88503991715,2
3369.120047815,2
3369.15979915091,4
3369.18194989533,4
3369.4031573294,4
3369.40710746215,4
3369.41810783183,4
3369.80437081288,3
3369.85412248488,3
3369.92822497522,4
3370.2524358709,7
3370.25923609944,3
3370.26613633133,3
3370.27728670606,3
3370.28608700181,3
3370.32068816464,5
3370.60929786388,5
3370.70720115409,5
3370.82845522905,3
3370.83950560042,2
3370.90090766394,2
3370.91880826553,2
3370.93585883854,2
3370.97311009043,2
3371.00376112052,2
3371.01001133057,2
3371.01611153557,2
3371.02041168009,2
3371.05501284292,7
3371.07651356549,2
3371.07926365791,2
3371.0826137705,7
3371.08331379402,2
3371.09441416707,2
3371.09776427966,2
3371.10411449307,2
3371.1152648678,2
3371.17001670783,2
3371.1744168557,2
3371.18011704727,2
3371.19081740687,2
3371.19801764885,2
3371.20821799165,2
3371.21896835294,2
3371.2300187243,2
3371.23776898476,2
3371.38167382094,7
3371.43822572147,2
3372.06254670288,3
3372.0912976691,3
3372.5463129607,7
3372.7947213089,2
3372.82212222976,3
3372.83037250702,7
3372.86442365137,2
3372.87222391351,2
3372.88947449325,3
3372.91042519733,3
3372.918925483,7
3372.92687575018,2
3372.93222592998,2
3372.94382631984,2
3372.9898278658,2
3372.99392800359,2
3372.99782813466,2
3373.19118463275,7
3373.19738484112,2
3374.68493483286,2
3374.84734029079,3
3374.92809300462,2
3376.64580073123,2
3376.69135226207,3
3376.97151167732,4
3376.98046197811,2
3377.13166705963,2
3377.15466783261,2
3377.16176807122,2
3377.28082207224,2
3377.30387284691,2
3377.40287617409,2
3377.40967640262,2
3377.4145765673,2
3377.55098115142,2
3377.56613166058,2
3377.7711385502,3
3378.87532565835,2
3379.02118056007,2
3379.03803112636,2
3379.11593374442,2
3379.79550658266,3
3380.13141787155,2
3380.13426796734,2
3380.24667174486,2
3380.25367198012,2
3380.25642207254,2
3380.28682309422,2
3380.29077322697,2
3380.34907518631,2
3380.37852617607,4
3380.38682645501,2
3380.39647677933,2
3380.40222697257,2
3380.42572776236,2
3380.42852785646,2
3380.43322801442,2
3380.46247899745,2
3380.46612912012,2
3380.49002992335,2
3380.51698082908,2
3380.52403106601,2
3380.5296812559,2
3380.54043161718,2
3380.54603180539,2
3380.55558212634,2
3380.56203234311,2
3380.57363273297,2
3380.62688452259,2
3380.63043464189,2
3380.63568481834,2
3380.66503580473,2
3380.67288606855,2
3380.67788623659,2
3380.80109037708,4
3380.85569221207,2
3380.97844633744,2
3381.00659728351,3
3381.02304783636,7
3381.04459856061,3
3381.06699931342,3
3381.09625029645,7
3381.14180182729,3
3381.16985276999,2
3381.19385357658,2
3381.1989037463,2
3381.65916921434,5
3381.68362003605,5
3381.71122096363,3
3381.72332137029,3
3381.72652147783,3
3381.87572649213,3
3381.96622953364,3
3382.02618154844,3
3382.17668660643,3
3382.18498688537,3
3382.24098876741,3
3382.25243915222,3
3382.29164046965,3
3382.33664198201,3
3382.36399290118,4
3382.47109650059,4
3382.62075153001,3
3382.64160223074,2
3382.67350330283,7
3382.74725578141,4
3382.75210594441,4
3382.96986326253,4
3382.9834637196,4
3383.09446745007,4
3383.2805737045,7
3383.46948005303,2
3383.68443727705,2
3383.69953778453,2
3383.70653801979,2
3384.04754948008,3
3384.07150028499,7
3384.13300235187,3
3384.17565378525,3
3384.32095866848,3
3384.33650919108,3
3384.34700954396,3
3384.3596599691,3
3384.36671020604,3
3384.37801058581,3
3384.38586084963,3
3384.3925610748,3
3384.401761384,3
3384.41456181418,3
3384.42166205279,2
3384.45106304086,2
3384.49056436838,3
3384.50926499684,3
3384.53286578999,3
3384.54601623193,7
3384.5540165008,3
3384.58836765523,3
3384.59756796442,2
3384.61911868867,3
3384.62386884831,3
3384.62761897434,3
3384.78072411971,2
3384.78322420373,7
3384.85227652435,3
3384.9041782686,3
3384.98748106814,3
3385.00753174198,7
3385.00803175878,2
3385.06438365259,2
3385.12088555143,3
3385.12953584214,7
3385.13763611437,7
3385.2206889055,3
3385.2306392399,2
3385.28614110514,3
3385.30014157565,3
3385.3362427889,3
3385.35399338544,3
3385.38739450794,7
3385.41639548257,3
3385.43254602534,3
3385.54984996754,3
3385.56570050023,3
3385.59435146309,7
3385.60100168659,2
3385.66580386438,2
3385.68725458527,2
3385.68780460375,3
3385.69570486925,3
3385.76655725037,2
3385.82390917779,3
3385.82900934919,7
3385.84560990708,3
3385.85261014233,3
3385.86001039103,7
3385.86871068342,2
3385.87391085818,2
3385.89131144296,2
3385.89611160428,2
3385.92506257723,3
3385.92991274022,7
3385.94941339558,3
3385.96296385096,3
3386.14271989198,7
3386.15527031376,3
3386.1829712447,3
3386.43947986513,2
3386.61758585069,2
3387.53836679516,3
3387.60646908386,2
3387.63316998119,7
3387.73557342264,2
3387.91882958129,7
3388.09158538705,3
3388.32724330675,2
3388.39429556016,2
3388.50609931753,2
3388.59520231199,3
3388.71315627604,3
3388.7201565113,3
3388.78735876975,3
3388.8397605308,3
3388.94796416718,2
3389.00761617189,2
3389.03006692638,2
3389.15552114249,2
3389.17707186675,2
3389.18427210872,2
3389.27517516368,2
3389.2932257703,2
3389.3763785648,2
3389.38772894625,2
3389.65573795317,2
3390.07890217435,2
3390.09095257932,2
3390.10545306664,7
3390.17640545112,2
3390.24670781375,2
3390.31791020663,2
3390.89742968241,3
3390.91593030416,2
3391.14813810791,2
3391.38489606458,2
3391.58970294748,2
3392.14452159314,2
3392.35797876674,3
3392.49488336766,2
3392.52653443135,2
3392.53143459603,4
3392.53633476071,2
3392.57548607646,2
3392.62428771653,2
3392.62958789465,2
3392.70764051774,2
3392.71409073452,2
3392.72089096305,2
3392.82999462967,2
3392.90324709145,5
3392.9247978157,2
3392.92919796357,2
3392.93774825092,2
3393.0564022385,3
3393.307110664,3
3393.41491428693,4
3393.42336457092,4
3393.42736470535,4
3393.4318148549,4
3393.51021748976,4
3393.54671871645,2
3393.55446897691,2
3393.6394218319,5
3393.78647677394,2
3393.80402736376,2
3393.88403005239,2
3393.88753017002,2
3393.92213133286,2
3393.9255814488,2
3393.99688384505,3
3394.01438443318,2
3394.02078464827,2
3394.05458578422,3
3394.08948695714,7
3394.13713855855,2
3394.21434115308,4
3394.43424854346,4
3394.43764865773,4
3394.56865306036,2
3394.78401029782,2
3394.96806648335,2
3395.02506839901,2
3395.02931854184,2
3395.03726880902,2
3395.06656979373,2
3395.08352036339,2
3395.0980208507,2
3395.10132096161,2
3395.12077161528,5
3395.14142230928,5
3395.3841804676,5
3395.57538689343,2
3395.57888701106,2
3395.57943702954,4
3395.58493721439,4
3395.58883734546,5
3395.59503755383,4
3395.60093775211,4
3395.7254419363,4
3395.74009242865,4
3395.8825472161,2
3396.21775848146,2
3396.33981258331,3
3396.38846421833,7
3396.42106531395,2
3396.58872094831,7
3396.59522116676,3
3396.60127137009,3
3396.61332177507,7
3396.62362212123,3
3396.63017234136,3
3396.64277276482,3
3396.75792663477,7
3396.84347950992,3
3396.92088211118,7
3396.92778234307,3
3396.94618296146,3
3397.10303823285,3
3397.16559033503,2
3397.294194657,3
3397.31364531068,3
3397.6484565626,5
3397.72710920586,3
3397.73700953858,2
3397.74845992339,2
3397.85181339677,2
3397.87766426553,4
3397.90266510573,4
3397.90596521663,4
3398.09802167103,4
3398.13497291284,4
3398.15082344553,4
3398.21402556955,4
3398.22482593251,4
3398.24022645007,4
3398.24292654082,2
3398.2457766366,4
3398.25532695755,4
3398.26252719953,4
3398.26757736925,4
3398.29832840269,5
3398.31597899587,4
3398.32392926306,4
3398.3268793622,4
3398.35963046286,4
3398.43868311956,4
3398.4434332792,4
3398.44488332793,7
3398.4462333733,4
3398.45173355814,4
3398.45548368417,4
3398.45683372954,5
3398.46068385893,4
3398.47133421686,7
3398.54118656437,5
3398.72774283392,2
3398.81294569732,5
3398.89109832377,5
3398.99115168624,2
3399.00730222901,2
3400.14514046808,2
3400.2544941431,4
3400.26179438844,4
3400.26284442373,7
3400.373098129,2
3400.39729894231,2
3400.65710767364,4
3400.85836443723,4
3400.86616469937,4
3400.88106520013,4
3400.9084161193,4
3401.08297198556,4
3401.10392268965,4
3401.18747549759,4
3401.23042694105,3
3401.35083098744,3
3401.74124410796,3
3401.90789970872,5
3402.14850779478,5
3402.23761078924,3
3402.38161562878,5
3402.48461909039,5
3402.98343585401,3
3403.29484631951,3
3403.30594669256,5
3403.44220127163,5
3403.74051129687,2
3403.90866694804,2
3404.12637426448,4
3404.20807701024,4
3404.66539237913,6
3404.76094559037,2
3405.28101306815,7
3405.79828045184,2
3405.96368601058,2
3406.34554884376,2
3406.45730259944,3
3406.50340414877,2
3406.52210477723,7
3406.52605490998,3
3406.53670526791,2
3406.65080910257,2
3406.66055943025,2
3406.66760966718,2
3406.67235982682,2
3406.69951073927,2
3406.75871272886,2
3406.76196283809,2
3406.79826405805,2
3406.80381424458,2
3406.94681905051,2
3407.11502470336,2
3407.22312833637,7
3407.24037891611,2
3407.28443039653,2
3407.2847804083,7
3407.33408206517,2
3407.44318573179,2
3407.52853860022,2
3407.63429215426,2
3407.63959233238,2
3407.65294278104,2
3407.65609288691,2
3407.66599321963,2
3407.67264344312,2
3407.68304379264,2
3407.68714393043,2
3407.723195142,2
3407.7287953302,2
3407.73309547472,3
3407.83704896826,3
3407.84504923712,2
3407.84849935307,2
3407.85909970931,2
3407.96710333896,2
3407.97560362463,2
3407.97865372714,2
3408.24181257105,4
3408.24886280799,4
3408.31626507316,5
3408.33101556888,4
3408.33986586631,4
3408.46502007234,2
3408.625275458,2
3408.65212636037,2
3408.67022696868,2
3408.76288008245,2
3408.83563252742,2
3408.84718291559,2
3409.04368951955,3
3409.3215488575,3
3409.42345228214,2
3409.49845480274,4
3409.5062050632,4
3409.70941189232,7
3409.85921692679,3
3409.86541713515,2
3409.866067157,5
3409.87056730824,2
3409.93676953308,2
3409.94061966247,2
3409.95031998847,2
3409.95807024893,2
3409.97257073624,2
3410.08837462804,2
3410.14912666971,2
3410.15702693522,2
3410.16917734355,2
3410.17462752672,2
3410.32708265024,5
3410.33183280988,2
3410.36553394246,2
3410.54228988266,7
3410.65229357953,4
3410.6566937274,2
3410.65964382655,4
3410.6668940702,4
3410.89430171264,4
3411.23316310068,3
3411.2338631242,7
3411.25756392071,3
3411.44772031125,7
3411.48062141695,3
3411.69137849981,3
3411.77258122877,3
3412.0237396694,3
3412.16089427872,2
3412.7284133512,4
3412.73536358478,4
3412.86221784794,2
3413.03227356296,2
3413.13952716741,2
3413.14967750853,2
3413.28818216322,2
3413.30898286227,2
3413.39763584161,2
3413.41883655409,7
3413.46928824961,4
3413.50718952335,3
3413.52184001571,2
3413.70969632895,4
3413.71484650203,4
3414.12066014012,2
3414.20491297158,2
3414.21286323877,2
3414.23556400166,7
3414.23586401175,2
3414.23876410921,3
3414.32806711039,2
3414.34766776911,2
3414.3591681556,2
3414.36246826651,2
3414.4178201267,2
3414.45187127105,2
3414.52337367402,2
3414.54777449405,2
3414.55227464529,2
3414.59882620973,2
3414.60902655253,2
3414.67412874041,2
3414.67792886812,2
3414.76208169622,2
3414.78978262716,2
3414.8373842269,3
3414.96513852031,4
3415.06159176179,5
3415.15839501503,2
3415.20239649378,4
3415.21129679289,4
3415.47215555951,2
3415.93572113845,3
3416.29563323393,3
3416.52804104441,3
3416.59989345914,5
3416.82250094025,7
3416.93665477659,3
3417.70078045639,3
3418.78011672939,3
3418.96137282082,4
3419.06992646896,4
3419.34433569097,3
3419.47369003815,2
3419.95080607248,3
3420.15441291504,7
3420.16501327129,2
3420.22256520542,2
3420.23466561208,2
3420.56542672789,7
3420.80138465767,7
3421.47270721865,2
3421.5766607122,2
3421.65441332521,2
3421.72606573321,2
3421.75041655157,2
3421.78381767407,2
3421.84411970063,2
3422.54489325136,4
3422.55929373531,4
3422.70254854965,3
3422.89350496707,2
3422.91610572661,4
3422.91895582239,2
3422.94330664075,3
3422.94670675501,2
3423.01010888575,2
3423.01640909748,2
3423.08496140131,2
3423.09026157943,2
3423.10086193567,2
3423.16906422773,2
3423.17206432855,2
3423.19496509817,2
3423.19891523093,2
3423.20336538048,2
3423.21396573672,2
3423.22101597366,2
3423.28126799854,2
3423.29356841191,2
3423.30731887402,2
3423.33806990746,2
3423.34472013096,2
3423.35617051577,2
3423.55952734993,2
3424.03569335233,2
3424.46230768946,2
3424.59136202656,2
3424.63371344986,2
3424.81306947743,3
3425.2296334768,2
3425.31983650823,2
3425.32453666619,2
3425.32763677038,2
3425.3607378828,2
3425.41943985558,2
3425.47589175275,4
3425.48974221822,2
3425.61779652171,2
3425.64079729469,2
3425.77660185864,2
3426.2018661504,4
3426.20856637557,4
3426.21126646631,4
3426.27156849287,3
3426.3214701699,2
3426.39892277283,2
3426.4242736248,4
3426.44362427511,2
3426.55607805432,2
3426.60162958516,7
3426.66813182008,2
3426.69458270901,2
3426.76523508341,2
3426.77303534555,2
3426.82883722087,2
3427.02009364838,5
3427.12184706798,2
3427.24950135803,5
3427.25745162521,2
3427.6941163001,2
3427.71486699747,3
3427.73681773516,5
3427.81767045236,3
3428.36763893502,2
3428.43329114138,2
3428.43774129094,2
3428.4985433343,2
3428.53964471558,2
3428.54474488698,2
3428.64929840069,2
3428.65764868131,2
3428.6790994022,2
3428.69715000882,2
3428.78565298312,2
3428.79240320998,2
3428.82450428879,2
3428.86915578938,3
3428.9247076563,2
3428.9349079991,2
3429.63743160865,2
3429.69428351926,2
3429.70883400825,2
3429.71683427712,2
3429.82018775049,2
3429.86258917547,2
3429.91434091468,4
3429.94684200693,2
3430.01159418304,4
3430.01749438133,4
3430.05789573909,2
3430.11109752703,2
3430.19980050805,2
3430.20265060383,2
3430.28705344034,2
3430.29375366551,2
3430.29740378818,2
3430.37190629197,2
3430.41735781945,2
3430.4567591436,2
3430.57006295137,3
3430.58241336643,3
3430.59861391088,3
3430.608764252,3
3430.61326440323,2
3430.62071465361,2
3430.65501580636,2
3430.65591583661,3
3430.67836659111,3
3430.67901661295,2
3430.68411678435,2
3430.68871693895,3
3430.69781724478,3
3430.71236773378,2
3430.7153678346,2
3430.72651820933,2
3430.73096835888,2
3430.73726857061,2
3430.75001899911,2
3430.82672157684,2
3430.82967167598,2
3430.85642257499,2
3430.9301250519,3
3430.94802565348,2
3430.96652627522,3
3430.98422687008,2
3431.05342919575,3
3431.18093348076,3
3431.19323389413,7
3431.20138416804,3
3431.21408459486,3
3431.23293522837,3
3431.24678569384,3
3431.2677863996,3
3431.27478663486,3
3431.28218688356,3
3431.28903711377,3
3431.29448729693,3
3431.30983781282,3
3431.32668837911,3
3431.34383895548,3
3431.35088919242,3
3431.35953948313,3
3431.3667397251,3
3431.38429031492,7
3431.39464066277,3
3431.45944284056,3
3431.46029286912,3
3431.48079355808,7
3431.48869382359,3
3431.50439435123,3
3431.51404467555,3
3431.5312452536,3
3431.65049926135,3
3431.70465108121,3
3431.84420577119,3
3432.13291547379,3
3432.16226646019,3
3432.20496789524,3
3432.24436921939,3
3432.4351256301,2
3432.44562598298,2
3432.65193291629,2
3432.69613440176,2
3432.85603977567,2
3432.91659181062,2
3433.82402230643,2
3433.89137456992,3
3433.90892515974,2
3433.91712543532,3
3434.13353270807,3
3434.24333639822,4
3434.25138666876,4
3434.29808823825,2
3434.32393910702,3
3434.37774091512,3
3434.43399280557,3
3434.56839732247,2
3434.57159743001,7
3434.59919835759,3
3434.60179844497,5
3434.78775469436,3
3434.81400557657,5
3434.88700802994,3
3434.95876044131,3
3434.99406162767,2
3435.17776780144,2
3435.274521053,4
3435.28802150671,4
3435.52197936928,4
3435.52762955916,4
3435.64523351145,4
3435.76033737972,3
3435.77953802499,3
3435.79668860137,3
3435.80993904667,3
3435.85239047333,3
3435.88559158911,3
3435.8998920697,7
3435.91604261247,3
3435.92424288805,4
3435.94364354005,4
3435.95769401224,7
3436.08624833253,2
3436.40995921141,1
3436.67101798475,2
3436.77807158248,2
3436.81132269994,2
3436.818822952,2
3436.82332310323,2
3436.91307611954,2
3436.96807796798,5
3437.64605075245,7
3438.59518264971,7
3438.71023651629,5
3438.84289097438,3
3438.85969153899,3
3438.94014424275,5
3439.12835056776,7
3439.15945161296,7
3439.17640218262,3
3439.36445850258,2
3439.60271650966,7
3439.62816736498,3
3439.64251784726,3
3439.69486960663,3
3439.71192017964,3
3439.78142251539,3
3440.97626267011,2
3441.00091349854,2
3441.18696975129,3
3441.30542373215,7
3441.50453042348,4
3441.60743388173,4
3441.68278641409,4
3441.68878661573,4
3441.6924367384,4
3441.6967868846,4
3441.71143737695,4
3441.71273742064,3
3441.80964067725,4
3442.15140216275,5
3442.64076860877,3
3443.51584801736,2
3444.64223587162,2
3444.65218620602,7
3444.84254260328,2
3445.05214964749,2
3445.16245335445,2
3445.17905391234,3
3445.21355507181,2
3445.51261512225,2
3445.51811530709,2
3445.70382154808,2
3446.09913483328,2
3446.18933786471,2
3446.23763948798,2
3446.35334337641,2
3446.50854859235,3
3446.67980434771,4
3446.7680573136,4
3446.78295781436,4
3446.99076479808,3
3447.29582505017,4
3447.30142523838,4
3447.30507536104,4
3447.30787545515,4
3447.34807680618,3
3447.38957820091,4
3447.39767847314,5
3447.40482871343,2
3447.47508107439,4
3447.48843152305,4
3447.52023259178,3
3447.55168364875,4
3447.55623380167,4
3447.57693449735,4
3447.57978459313,4
3447.60063529386,3
3447.61208567867,3
3447.62528612229,3
3447.67603782789,2
3447.79924196839,2
3447.82144271448,2
3447.84114337656,2
3447.85959399662,2
3447.86344412601,2
3447.90114539303,2
3447.92309613073,2
3447.93164641807,2
3447.9351465357,7
3447.96534755066,2
3447.97164776239,2
3447.97704794387,2
3447.98024805142,2
3447.98419818417,2
3448.00509888657,2
3448.01099908486,2
3448.03329983432,2
3448.0358999217,2
3448.04810033171,2
3448.05205046446,2
3448.0560505989,2
3448.10455222888,2
3448.109852407,2
3448.11455256496,2
3448.12570293969,2
3448.13055310268,2
3448.13910339003,2
3448.1478536841,2
3448.1550039244,2
3448.20230551405,2
3448.20560562496,2
3448.20960575939,2
3448.21455592575,2
3448.22990644163,2
3448.23820672057,2
3448.27400792374,2
3448.31430927813,2
3448.31740938232,2
3448.32170952683,2
3448.32955979065,2
3448.3409101721,2
3448.66047091151,2
3448.87397808679,2
3449.0272332372,2
3449.04813393961,2
3449.11143606699,4
3449.22823999239,1
3449.28064175345,2
3449.29674229453,2
3449.33114345064,4
3449.41224617624,2
3449.41859638965,2
3449.54510064105,4
3449.6217532171,4
3449.77220827341,3
3450.03351705515,3
3450.1491709419,2
3450.41242978918,4
3450.45868134355,3
3450.49703263241,7
3450.56998508411,2
3450.70158950691,3
3451.01655009171,2
3451.134154044,2
3451.33801089497,4
3451.54356780307,2
3451.72042374663,4
3451.96963212172,4
3451.98428261408,4
3452.0737356203,3
3452.61650386099,5
3452.63130435839,3
3452.74880830731,4
3452.9016134426,5
3453.0559186283,4
3453.26597568764,3
3453.36142889551,3
3453.38697975419,3
3453.44533171521,5
3453.46083223614,4
3453.47563273353,4
3453.48303298223,5
3453.55798550114,3
3453.82554449294,5
3453.8592956272,5
3453.9077472555,3
3454.92883157085,4
3454.9353317893,7
3454.93918191869,4
3454.94223202119,4
3455.03463512656,4
3455.04868559875,4
3455.10193738837,4
3455.12783825882,4
3455.13838861338,4
3455.16158939309,4
3455.16458949391,4
3455.17158972916,4
3455.17503984511,4
3455.206190892,4
3455.20959100626,4
3455.21249110373,4
3455.21594121967,4
3455.23069171539,4
3455.23319179941,4
3455.23974201954,4
3455.2439421607,4
3455.25094239595,3
3455.25549254887,4
3455.2645928547,4
3455.28909367809,3
3455.30789430992,3
3455.32989504929,4
3455.33219512659,3
3455.33909535849,7
3455.33964537697,4
3455.34909569457,7
3455.36314616676,3
3455.36709629951,3
3455.37534657677,7
3455.4295984,2
3455.49970075592,3
3455.62535497875,3
3455.70720772955,3
3455.72375828576,7
3455.84171224982,3
3455.89331398398,3
3455.92526505776,3
3455.93781547953,7
3455.94921586266,3
3456.18472377732,3
3456.33137870592,3
3456.61338818335,3
3456.78194384796,7
3456.90164787083,3
3456.92259857491,3
3456.9585997848,3
3456.99540102157,7
3457.08055388328,3
3457.08715410509,3
3457.15045623247,7
3457.15615642404,3
3457.2253587497,3
3457.2353090841,3
3457.25215965039,3
3457.26276000664,7
3457.28311069056,3
3457.33231234407,3
3457.34181266334,3
3457.35361305992,3
3457.36776353547,3
3457.37526378753,3
3457.39651450169,3
3457.44181602413,7
3457.44876625771,3
3457.46291673326,7
3457.47816724578,3
3457.49906794818,3
3457.5242687951,3
3457.5344691379,3
3457.59127104683,3
3457.60037135266,3
3457.63952266841,3
3457.65242310195,7
3457.66912366321,3
3457.67557387998,3
3457.68787429335,7
3457.70252478571,3
3457.79872801879,7
3457.82747898502,3
3457.83662929253,7
3457.87298051418,3
3457.95423324482,3
3458.00888508149,3
3458.01058513862,3
3458.02928576709,3
3458.05403659889,3
3458.06338691312,3
3458.08343758696,3
3458.09303790959,3
3458.10458829777,3
3458.13803942195,3
3458.160090163,3
3458.48490107885,3
3458.49690148214,3
3458.503651709,3
3458.51095195433,3
3458.51500209045,3
3458.52205232738,7
3458.53885289199,3
3458.54525310709,3
3458.55420340788,3
3458.56890390191,3
3458.60190501097,3
3458.61135532857,3
3458.61675551005,3
3458.62355573858,3
3458.62875591334,3
3458.63455610827,3
3458.64560647964,3
3458.64655651156,3
3458.65920693671,3
3458.666357177,7
3458.69140801888,3
3458.70110834488,3
3458.72300908089,3
3458.73005931782,3
3458.73705955308,3
3458.78576118978,3
3458.83151272735,3
3458.85431349361,3
3458.88131440102,3
3458.93701627298,7
3458.97841766435,3
3459.0104187398,3
3459.06332051766,3
3459.13237283828,3
3459.1902247825,3
3459.21607565126,3
3459.22777604447,3
3459.27022747113,3
3459.39123153769,3
3459.7826946935,3
3459.83659650496,3
3460.08510485653,2
3460.27176112944,2
3460.29196180832,2
3460.51896943731,4
3460.58272157981,2
3460.58637170248,7
3460.6011221982,2
3460.68572504143,3
3460.79957886769,2
3460.80792914831,2
3460.82597975494,2
3460.82917986248,2
3460.87298133451,2
3460.87668145886,2
3460.93678347869,2
3460.95463407859,2
3460.95743417269,2
3460.9704346096,2
3461.05588748139,2
3461.07738820396,2
3461.08068831487,2
3461.13614017842,2
3461.20424246712,2
3461.42334983061,2
3461.42985004906,7
3462.57188842928,3
3462.57478852675,4
3462.61538989123,2
3462.64824099525,4
3462.6552412305,4
3462.71954339149,7
3462.7261436133,2
3462.743244188,3
3462.784545576,2
3462.79819603475,2
3462.83744735386,3
3462.84724768322,3
3462.86979844107,7
3462.90609966104,3
3462.97355192789,7
3463.06920514249,2
3463.15930817056,2
3463.27761214638,7
3463.35306468209,2
3463.36216498792,2
3463.37821552733,2
3463.38426573066,2
3463.39081595079,2
3463.44891790341,2
3463.48721919059,3
3463.51952027613,2
3463.52277038535,2
3463.52917060044,2
3463.56457179016,2
3463.56967196156,2
3463.58297240855,2
3463.64377445191,2
3463.65372478631,2
3463.66437514423,2
3464.40405000231,4
3464.41435034847,4
3464.41855048962,4
3464.50015323203,4
3464.50945354458,4
3464.73566114669,4
3464.74136133825,4
3464.90511684155,2
3465.41768406727,5
3465.42708438319,4
3465.56743910006,3
3465.57298928658,2
3465.62434101235,3
3465.8570488329,3
3465.99690353297,2
3466.01300407406,2
3466.01840425554,2
3466.05105535284,3
3466.21691092671,2
3466.22281112499,2
3466.25251212315,2
3466.25551222397,2
3466.26596257517,2
3466.2748128726,3
3466.27826298855,2
3466.34156511593,3
3466.36216580825,2
3466.36606593932,2
3466.52387124265,2
3466.55707235843,2
3466.66132586206,3
3466.67227623006,7
3466.73832844986,4
3466.75692907497,4
3466.76197924469,4
3466.76922948835,4
3466.93043490594,3
3466.96273599148,4
3466.97028624521,4
3466.97768649391,4
3467.0524390061,7
3467.11784120406,2
3467.14754220221,5
3467.29229706696,2
3467.31374778785,7
3467.3375985894,4
3467.37189974215,4
3467.37229975559,3
3467.38155006646,1
3467.45515254,2
3467.4926538003,2
3467.5360052572,2
3467.56410620158,2
3467.90931780303,7
3467.91771808534,3
3468.01712142596,7
3468.05857281901,7
3468.08837382052,2
3468.16837650916,4
3468.17467672089,2
3468.19242731743,2
3468.22992857772,5
3468.25222932718,2
3468.28373038583,2
3468.32698183937,2
3468.35058263251,2
3468.35533279215,2
3468.38118366092,4
3468.47523682174,2
3468.48013698642,2
3468.4857871763,2
3468.4924373998,2
3468.55253941963,2
3469.11150820476,5
3469.96793698657,3
3470.2965980318,2
3470.32034882999,4
3470.32509898963,4
3470.33189921816,4
3470.33774941477,2
3470.37375062465,2
3471.27208081463,7
3471.3144822396,2
3471.42723602889,2
3471.54488998286,2
3473.04019023507,3
3473.15074395042,3
3473.35375077282,3
3473.37700155421,7
3473.39825226837,3
3473.50360580897,3
3473.58670860178,3
3473.83351689621,3
3474.08512535196,3
3474.75339781044,4
3474.87555191564,2
3474.93035375735,2
3475.22691372378,4
3475.48457238285,2
3476.16629529335,4
3476.38135252073,2
3476.48585603276,7
3476.49245625457,2
3476.5242573233,2
3476.68371268208,3
3476.75421505144,2
3476.79866654531,7
3476.9195706085,3
3477.31658395084,4
3477.46598897186,4
3477.60974380299,4
3477.68384629334,2
3477.90600375933,2
3477.91070391729,2
3477.9632056817,2
3478.07405940714,3
3478.16691252763,3
3478.1726127192,5
3478.1907133275,5
3478.26286575231,5
3478.2720660615,5
3478.68828004911,4
3478.74763204374,2
3478.89748707988,4
3479.47820659599,4
3479.70126409223,3
3479.70861433925,2
3479.95092248244,2
3480.10027750178,2
3480.12117820418,3
3480.1466290595,2
3480.16697974343,2
3480.42468840418,2
3480.44058893855,2
3480.46573978379,2
3480.47914023413,2
3480.48464041897,2
3480.55229269255,2
3480.55559280345,2
3480.56024295973,2
3480.60589449393,3
3480.73034867643,4
3480.87230344708,2
3480.95825633567,4
3480.97315683643,4
3481.0018077993,2
3481.02055842945,2
3481.09231084081,2
3481.10001109959,2
3481.10401123403,2
3481.11271152641,2
3481.14066246575,2
3481.14396257666,2
3481.14991277663,4
3481.15051279679,2
3481.15606298332,4
3481.15841306229,4
3481.16411325386,4
3481.17496361851,2
3481.18176384704,4
3481.20451461162,2
3481.20951477966,2
3481.21371492081,2
3481.2497161307,3
3481.30246790351,4
3481.36562002585,2
3481.40202124918,7
3481.65337969652,2
3481.76573347237,2
3481.92023866479,3
3481.93643920924,3
3481.96149005112,3
3481.9727404292,3
3481.98144072159,3
3482.06109339846,3
3482.06674358835,3
3482.15779664835,3
3482.16319682983,3
3482.16834700291,3
3482.1793473726,3
3482.19659795233,3
3482.20324817583,3
3482.21339851695,3
3482.21894870347,3
3482.23534925464,3
3482.24049942772,3
3482.25569993856,3
3482.26695031665,7
3482.27590061744,3
3482.28055077372,3
3482.28955107619,3
3482.29940140723,3
3482.31765202057,3
3482.32605230288,3
3482.36000344386,3
3482.38040412946,7
3482.42040547378,3
3482.43970612241,3
3482.45220654251,4
3482.48125751882,3
3482.48220755075,3
3482.48970780281,7
3482.49745806327,3
3482.69056455295,3
3483.30803530415,4
3483.33073606705,4
3483.33668626702,3
3483.74049983788,2
3483.79080152836,2
3483.83115288444,2
3484.18281470266,4
3484.36737090499,7
3484.40437214849,5
3484.48662491274,3
3485.46090765523,5
3486.11162952389,7
3486.12522998096,4
3486.13258022797,4
3486.35513770741,4
3486.36318797796,4
3486.37238828715,4
3486.45884119255,4
3486.47264165634,4
3486.4803919168,4
3486.48819217894,4
3486.5456941114,2
3486.59554578675,4
3486.59799586909,4
3486.69684919123,4
3486.74065066326,4
3486.85000433828,4
3487.03936070193,3
3487.0473609708,7
3487.05556124638,3
3487.08446221765,3
3487.24181750585,2
3487.35732138757,2
3487.37767207149,2
3487.46837511972,2
3487.47617538186,2
3487.48037552302,2
3487.55962818644,2
3487.9320907037,2
3488.14059771095,2
3488.23875100957,2
3488.26670194891,2
3488.28410253368,7
3488.35595494841,2
3488.38055577517,2
3488.38420589783,2
3488.39145614149,2
3488.47370890574,2
3488.50535996943,2
3488.50996012403,2
3488.56011180946,5
3489.0359278001,2
3489.09842990059,2
3489.41674059799,7
3489.43094107522,7
3489.86320560223,7
3490.00616040648,3
3490.44917529478,2
3490.59778028891,3
3490.92129116107,2
3490.98779339599,2
3491.14174856993,2
3491.16219925721,2
3491.28130325991,3
3491.73981866913,2
3491.74841895816,4
3491.75311911612,2
3491.97457655859,3
3492.25628602593,3
3492.28048683924,3
3492.29058717868,3
3492.29978748787,3
3492.30863778531,3
3492.32588836504,2
3492.41289128893,2
3492.48279363812,3
3492.49309398428,3
3492.51769481104,3
3495.11523210587,3
3495.15643349051,2
3495.24543648162,4
3495.26568716218,4
3495.47439417614,4
3495.71695232774,4
3495.89725838724,2
3495.92055917031,7
3496.20511873343,7
3496.25147029116,7
3496.50532882252,3
3496.66528419811,3
3496.81393919392,3
3496.83939004924,3
3497.010895813,2
3497.07289789669,3
3497.14390028285,3
3497.1534506038,3
3497.92992669865,4
3497.968828006,4
3497.97257813203,3
3497.99022872521,3
3498.29123884119,2
3498.29768905796,2
3498.32829008636,2
3499.0884656334,7
3499.4863290043,2
3499.49257921435,2
3499.50507963445,2
3499.50792973024,2
3499.57998215168,2
3500.60491659642,4
3500.78092251141,4
3501.65590191664,4
3501.66930236698,4
3501.76135546059,2
3501.77260583868,2
3501.8304577829,2
3501.83780802991,2
3501.84120814418,2
3501.87935942632,2
3501.8822095221,2
3501.89826006151,2
3501.9021101909,2
3501.90661034214,2
3501.9245609454,2
3501.93061114873,2
3501.93626133861,2
3501.95046181584,2
3501.95391193179,2
3501.96696237037,2
3502.46732918609,2
3502.60108368114,3
3502.63133469778,2
3502.72188774098,4
3502.73548819804,2
3502.73623822325,5
3502.74038836272,4
3502.82194110345,4
3502.82439118578,4
3502.83089140424,4
3502.91369418697,4
3502.92244448104,4
3502.93964505909,3
3502.94544525402,7
3502.97184614127,3
3503.02264784855,7
3503.02439790736,3
3503.04974875932,7
3503.09245019438,3
3503.14870208483,4
3503.28255658324,3
3503.35380897781,5
3503.62706816116,5
3503.63911856614,5
3503.69097030871,5
3503.69522045154,5
3503.72692151691,3
3503.80112401062,2
3503.83682521042,2
3503.84352543559,3
3503.85907595819,5
3503.89187706053,5
3503.95642922992,2
3504.02258145309,5
3504.13943538017,5
3504.17438655477,4
3504.17918671608,4
3504.4015441888,5
3504.48444697489,3
3504.50804776804,7
3504.56669973914,4
3504.59045053733,2
3504.65825281595,2
3504.70950453835,3
3504.74280565749,2
3504.77830685057,2
3504.83225866372,2
3504.95171267818,2
3505.00041431489,2
3505.03271540042,2
3505.03666553317,3
3505.04291574322,2
3505.0646664742,2
3505.07066667584,2
3505.07166670945,4
3505.12296843354,3
3505.13421881162,2
3505.14326911578,7
3505.15536952243,2
3505.23722227324,2
3505.24142241439,2
3505.2786236646,5
3505.33622560042,7
3505.34952604741,3
3505.37557692289,2
3505.37832701531,2
3505.38592727073,2
3505.39402754296,3
3505.4303787646,2
3505.43337886543,3
3505.43952907212,7
3505.44172914605,2
3505.44587928553,2
3505.45887972243,2
3505.59408426622,3
3505.84394266315,2
3505.97914720694,2
3505.99594777155,2
3506.00909821349,2
3506.09155098446,2
3506.27935729603,2
3506.28205738677,2
3506.29070767748,2
3506.30215806229,2
3506.77132382943,3
3506.81442527793,3
3506.8884777666,2
3506.92912913276,4
3507.02688241793,2
3507.03493268847,2
3507.0402328666,2
3507.04638307328,2
3507.0560333976,2
3507.05963351859,2
3507.33669282966,2
3507.56665055779,2
3508.17882113087,3
3508.19182156777,7
3508.19942182319,3
3508.20517201643,3
3508.27512436731,3
3508.33477637202,3
3508.43182963367,3
3508.99464854819,3
3508.99784865573,3
3509.01304916657,3
3509.02454955307,3
3509.03259982361,3
3509.04955039326,7
3509.05595060835,3
3509.06905104862,3
3509.11280251896,3
3509.21690601754,2
3509.22655634186,2
3509.23145650654,3
3509.40406230726,3
3509.5205162209,2
3509.64487040004,3
3510.06723459434,2
3510.44754737542,3
3510.82391002375,2
3511.87914548681,2
3511.90019619425,2
3511.90414632701,2
3512.06405170091,5
3512.09235265201,3
3512.31946028436,3
3512.82017711184,2
3513.06683540123,2
3513.07818578268,2
3513.08088587342,2
3513.08598604482,2
3513.10798678419,4
3513.14498802768,2
3513.15428834024,2
3513.16748878386,2
3513.19833982066,2
3513.20083990468,7
3513.47654917038,2
3513.54390143387,2
3513.60120335961,4
3513.73585788491,5
3513.91761399314,3
3513.98906639443,2
3514.36572905284,3
3514.38042954688,1
3514.46728246573,5
3514.76689253465,5
3514.78349309254,2
3515.21025743471,3
3515.34646201211,3
3515.35731237675,2
3515.38461329425,3
3515.47651638281,3
3515.52616805145,3
3515.54596871688,7
3515.62247128789,2
3515.63077156683,3
3515.81792785655,3
3515.976183175,2
3516.09238708024,2
3516.13003834558,2
3516.26724295658,2
3516.35869603002,2
3516.36729631905,2
3516.3742965543,3
3516.43964875058,2
3516.55195252475,2
3516.55855274656,2
3516.57520330613,4
3516.57855341872,2
3516.66135620145,2
3516.74580903964,2
3516.93851551588,7
3517.288627282,2
3517.30532784326,4
3517.55558625363,4
3517.81049482029,4
3517.85964647211,3
3518.12700545719,2
3518.21510841804,4
3518.35071297527,2
3518.56072003293,3
3518.60637156713,4
3518.64217277029,3
3518.65502320215,2
3518.68862433138,2
3518.77762732248,3
3518.81402854581,3
3518.83702931879,4
3519.0655369982,2
3519.09223789553,3
3519.09443796946,2
3519.16549035731,2
3519.17324061777,2
3519.28169426254,2
3519.38444771575,2
3519.39114794093,2
3519.40614844505,2
3519.40964856267,2
3519.47735083793,5
3519.94016639166,2
3520.00351852072,3
3521.86313101629,2
3521.86928122298,2
3521.9102826009,2
3521.95563412502,2
3521.9707346325,2
3522.21624288324,2
3522.27604489299,2
3522.29289545928,2
3522.33749695819,2
3522.55545428304,2
3522.63915709602,2
3522.67910843865,2
3522.74701072063,2
3522.7613612029,2
3522.86266460738,2
3522.92181659529,2
3523.0546710601,2
3523.06072126342,2
3523.09957256909,2
3523.11822319588,2
3523.12242333703,2
3523.13022359917,2
3523.13437373865,2
3523.14252401255,2
3523.16132464438,2
3523.16792486619,2
3524.12050687939,7
3524.29336268852,7
3524.40521644756,4
3524.80797998314,7
3526.24612831466,2
3526.66554240981,2
3526.87179934144,4
3527.08340645287,4
3527.17465951959,5
3527.71827778884,3
3527.78948018173,7
3528.01273768469,2
3528.11919126225,2
3528.19119368202,2
3528.20369410212,2
3528.3082976175,4
3528.31589787292,4
3528.54870569684,4
3528.65600930297,4
3528.80456429542,2
3528.90201757051,6
3528.90226757891,5
3528.91681806791,7
3529.01467135644,2
3529.01767145727,2
3529.02017154129,4
3529.02667175974,4
3529.09487405179,4
3529.11917486847,2
3529.12042491048,4
3529.20542776715,4
3529.20952790494,4
3529.21767817884,4
3529.21997825614,2
3529.22257834352,4
3529.30913125229,4
3529.33083198158,2
3529.33218202695,5
3529.33398208744,4
3529.34933260332,2
3529.35918293436,2
3529.36708319986,2
3529.40848459123,2
3529.42703521466,2
3529.43153536589,2
3529.43618552217,2
3529.45528616408,2
3529.46898662451,2
3529.48133703957,5
3529.48498716224,2
3529.48748724626,2
3529.49113736892,2
3529.50388779742,2
3529.50688789825,2
3529.51283809822,2
3529.52323844774,2
3529.5416890678,2
3529.54768926945,2
3529.55938966266,2
3529.56508985423,2
3529.58154040708,2
3529.59209076164,2
3529.68519389054,2
3529.7306954197,7
3530.2507128958,3
3530.54167267402,7
3530.58952428216,3
3530.60322474259,3
3530.61562515932,3
3530.6881275959,3
3530.8146318473,7
3531.59030791526,7
3531.72841255651,2
3531.93941964778,2
3532.02537253638,2
3532.1824278145,3
3532.24242983097,2
3532.25003008639,2
3532.34373323545,2
3532.69599507383,2
3532.71824582161,3
3532.78159795067,2
3533.47457123926,5
3533.71417929171,5
3533.79788210469,5
3533.88443501346,5
3534.08519176024,5
3534.22284638637,5
3534.73941374653,5
3535.35323437506,7
3535.4673882114,3
3535.57749191163,3
3535.62184340214,5
3535.67724526401,5
3536.32871715788,2
3536.41091992045,3
3536.56592512967,4
3536.57182532796,4
3536.58462575814,4
3536.71558015909,2
3536.82128371145,4
3536.82723391142,2
3536.83733425085,4
3536.94028771079,3
3536.95303813929,3
3537.51570704877,4
3537.93082099941,3
3537.94012131196,3
3538.14497819654,3
3539.17096267656,5
3539.21496415531,5
3539.23646487788,3
3540.37025298083,2
3540.38050332531,2
3540.79581728267,2
3541.06902646435,3
3541.23103190883,3
3541.51724152741,2
3541.54549247683,2
3541.55154268016,2
3541.73499884553,2
3541.87925369347,2
3542.03225883548,4
3542.04920940513,5
3542.13461227525,4
3542.14116249538,4
3542.46517338434,4
3542.65837987738,4
3542.66488009583,4
3542.67023027564,4
3542.76313339781,2
3542.78233404308,2
3542.85983664769,2
3542.88228740219,2
3542.9391393128,2
3542.95568986901,2
3542.98514085876,2
3543.00269144858,2
3543.0095416788,5
3543.01149174433,7
3543.02624224005,2
3543.03414250555,2
3543.04669292733,2
3543.05079306512,2
3543.10379484634,2
3543.11094508664,5
3543.11149510512,3
3543.11234513369,2
3543.11494522107,5
3543.12854567813,2
3543.13154577896,2
3543.17819734677,2
3543.22079877846,2
3543.23199915487,2
3543.23869938004,2
3543.26390022696,5
3543.28300086887,2
3543.28680099658,2
3543.29430124864,2
3543.30890173932,2
3543.31240185695,2
3543.3163519897,2
3543.34240286518,2
3543.3469530181,2
3543.41770539586,2
3543.42940578907,2
3543.43410594703,2
3543.52475899358,1
3543.58531102854,7
3543.74246631002,5
3543.76646711661,7
3543.97152400791,2
3543.99817490356,2
3544.00342508,2
3544.12037901045,7
3544.78150122863,2
3544.89865516579,2
3544.92405601943,3
3545.2286662564,4
3545.32016933152,4
3545.34967032295,4
3546.40930593388,1
3546.43595682953,4
3546.4467571925,4
3546.67066471731,4
3546.68611523655,5
3546.68891533065,4
3546.79176878722,4
3546.79301882923,5
3546.79581892333,4
3546.89092211945,4
3546.89782235134,4
3546.90692265717,4
3546.92337321002,4
3546.93117347216,4
3547.0218765204,4
3547.0269766918,5
3547.15658104738,5
3547.16158121542,4
3547.17478165905,4
3547.19023217829,5
3547.20348262359,1
3547.45039092138,2
3547.89645591219,2
3548.36372161548,2
3548.61753014516,2
3548.65863152644,3
3548.77363539135,2
3548.77958559132,2
3548.89193936717,2
3548.95304142061,4
3548.96554184071,4
3548.99934297666,4
3549.02279376476,2
3549.06879531072,4
3549.07224542667,4
3549.07559553926,5
3549.08609589214,4
3549.13494753389,2
3549.25175145929,2
3549.2586016895,4
3549.2606517584,2
3549.31815369085,5
3549.3616551528,2
3549.80387001421,4
3550.0331777205,4
3550.03847789862,4
3550.13538115523,4
3550.13823125101,4
3550.14313141569,4
3550.15138169295,2
3550.29173640982,3
3550.36798897242,4
3550.38943969331,2
3550.38973970339,4
3550.39713995209,7
3550.41704062089,3
3550.47729264577,3
3550.98765979756,2
3551.08016290629,2
3551.31252071508,2
3551.74923539165,3
3551.76993608733,2
3552.01204422381,2
3552.20245062275,2
3552.40950758126,5
3552.62776491619,3
3552.93977540185,5
3553.04357889035,4
3553.06357956251,7
3553.16798307117,5
3553.23638536995,3
3553.30598770906,5
3553.85255607746,3
3554.08411385937,2
3554.63473236388,5
3554.85433974417,2
3554.86864022476,2
3554.87164032559,2
3554.89244102463,2
3555.06384678502,5
3555.14774960473,5
3555.23420251013,3
3555.38515758324,7
3555.61776540044,5
3555.68476765217,5
3555.73061919309,5
3555.77737076426,5
3555.82332230854,5
3555.85382333358,5
3555.88422435526,5
3555.89747480057,2
3555.90997522067,2
3555.91857550969,2
3555.92912586426,5
3555.99412804877,5
3555.99882820673,2
3556.00227832267,2
3556.0027283378,5
3556.00842852936,2
3556.01432872765,2
3556.02742916791,2
3556.03547943846,2
3556.10508177757,4
3556.25158670112,2
3556.36429048873,7
3556.40019169526,2
3556.40434183473,2
3556.41619223298,2
3556.42284245648,2
3556.438092969,4
3556.49694494682,2
3556.51329549631,2
3556.51639560049,2
3556.52029573157,2
3556.52959604412,7
3556.67070078619,2
3556.671200803,3
3556.73990311186,2
3556.74725335888,2
3556.77710436207,2
3556.77990445618,2
3556.78995479394,2
3556.79500496365,2
3556.91745907894,2
3557.54643021663,5
3557.70403551323,4
3557.72123609129,4
3557.93344322288,3
3557.94579363794,3
3557.95524395554,5
3558.44941056288,5
3558.97077808436,4
3558.99567892119,2
3559.18983544617,4
3559.24263722066,2
3559.25868776007,2
3559.31748973621,5
3559.35054084696,2
3559.41984317598,4
3559.50514604274,2
3559.67590178128,2
3559.81010629146,2
3559.81450643934,5
3559.89765923384,4
3560.38987577564,1
3561.33845765441,5
3561.73927112446,5
3561.87392564976,3
3563.13536804276,4
3563.16156892329,2
3563.20237029449,7
3563.666785902,3
3563.74223843772,4
3564.52836485688,2
3564.53241499299,2
3564.97297979895,7
3564.98158008798,4
3564.99208044086,4
3565.08248347902,4
3565.12128478301,4
3565.3411421717,4
3565.4826969289,4
3565.49214724649,4
3565.49674740109,4
3565.51454799931,3
3565.61625141723,4
3565.62420168442,4
3565.63395201209,4
3565.65075257671,4
3565.65515272458,4
3566.17212009818,4
3566.2381223163,4
3566.25002271624,4
3566.26177311113,4
3566.26787331614,4
3566.38122712559,4
3566.61448496464,2
3566.62493531584,7
3566.7242386531,2
3566.76639006968,7
3566.80429134342,7
3566.82334198365,3
3567.05454975379,4
3567.08425075195,3
3567.15570315323,2
3567.24675621323,2
3567.25545650562,2
3567.91262859105,2
3567.94582970683,2
3567.99073121582,2
3568.21183864653,2
3568.48644787526,4
3568.54639989005,2
3568.75040674606,2
3568.8286093742,2
3568.90456192672,2
3568.94326322735,4
3568.95476361384,4
3568.95631366593,2
3568.97716436665,4
3568.98386459183,2
3568.98716470273,2
3569.00706537153,4
3569.01681569921,4
3569.06881744682,2
3569.07796775433,2
3569.1321195742,4
3569.239473182,4
3569.35372702171,4
3569.71338910879,3
3569.72908963643,3
3569.74654022289,3
3569.76119071524,2
3569.89474520358,3
3569.91854600345,3
3569.95854734776,7
3569.97239781323,4
3569.99354852404,3
3570.00599894246,3
3570.11120247801,3
3570.20755571613,2
3570.32665971883,4
3570.32860978437,2
3570.33661005323,4
3570.34521034226,2
3570.36171089679,3
3570.36476099929,2
3570.44666375178,4
3570.46061422061,4
3570.46331431135,2
3570.51566607072,2
3570.57766815441,2
3570.58436837959,2
3570.70467242262,2
3570.80617583382,4
3570.80867591784,2
3570.82167635474,2
3570.82312640347,4
3570.82552648413,2
3570.83362675635,3
3570.86677787046,2
3570.89362877283,3
3570.90267907698,2
3570.90892928703,4
3570.91087935256,2
3570.91462947859,4
3571.03303345777,5
3571.0673846122,2
3571.0722347752,2
3571.08048505246,2
3571.09523554818,2
3571.09958569437,2
3571.10558589602,2
3571.1211864203,2
3571.12468653793,2
3571.13713695635,2
3571.18803866699,2
3571.19028874261,7
3571.19238881319,2
3571.19628894426,2
3571.2140395408,2
3571.32024310996,2
3571.57775176399,3
3571.5861520463,2
3571.59595237565,2
3571.59925248656,2
3571.66380465595,2
3571.66845481223,2
3571.67605506765,2
3571.68140524745,2
3571.68970552639,2
3571.79865918797,2
3571.80245931568,2
3571.80625944339,2
3571.81400970386,2
3571.84291067512,3
3571.86786151364,4
3572.09301908046,4
3572.09361910062,4
3572.09806925018,4
3572.17262175565,4
3572.18267209341,4
3572.18762225977,4
3572.19037235219,4
3572.21377313861,4
3572.26297479212,4
3572.27312513324,4
3572.27557521558,4
3572.27977535673,4
3572.28647558191,4
3572.31112641034,4
3572.37612859485,4
3572.3795787108,4
3572.57298521057,3
3572.68523898306,5
3572.84144423261,7
3572.99819950065,5
3573.00429970565,4
3573.07910221953,7
3573.08590244806,7
3573.1363041419,4
3573.14160432002,4
3573.21720686078,2
3573.26000829919,4
3573.47761561227,2
3573.49186609118,4
3573.50446651464,5
3573.54126775142,2
3573.56366850423,4
3573.63017073916,2
3573.67662230024,2
3573.76042511659,7
3573.80712668607,5
3573.86257854963,3
3573.91738039135,5
3574.0633852981,5
3574.07428566442,3
3574.13593773635,4
3574.16823882189,5
3574.33214433022,5
3574.35384505951,4
3574.39399640887,5
3574.42369740702,2
3574.43834789938,5
3574.49944995282,5
3575.11112050909,1
3575.11777073258,5
3575.47588276757,3
3575.48538308685,7
3575.5273344967,3
3575.64853856998,2
